path,module,layer,area,role,ext,top,subcategory,status,react
stroom-app-gwt/src/main/java/stroom/app/client/App.java,stroom-app-gwt,client,app,,java,Framework,Application shell,todo,
stroom-app-gwt/src/main/java/stroom/app/client/AppPlaceManager.java,stroom-app-gwt,client,app,Manager,java,Framework,Application shell,todo,
stroom-app-gwt/src/main/java/stroom/app/client/gin/AppGinjectorUser.java,stroom-app-gwt,client,app,,java,Framework,Application shell,todo,
stroom-app-gwt/src/main/java/stroom/app/client/gin/AppModule.java,stroom-app-gwt,client,app,Module,java,Framework,Dependency injection (GIN wiring),n/a,
stroom-app-gwt/src/main/java/stroom/app/client/gin/DefaultPlace.java,stroom-app-gwt,client,app,,java,Framework,Application shell,todo,
stroom-app-gwt/src/main/java/stroom/app/client/gin/PluginsGinjector.java,stroom-app-gwt,client,app,Ginjector,java,Framework,Dependency injection (GIN wiring),n/a,
stroom-app-gwt/src/main/java/stroom/app/client/gin/PluginsModule.java,stroom-app-gwt,client,app,Module,java,Framework,Dependency injection (GIN wiring),n/a,
stroom-app-gwt/src/main/java/stroom/app/client/gin/RecordingEventBus.java,stroom-app-gwt,client,app,,java,Framework,Application shell,todo,
stroom-aws/stroom-aws-client/src/main/java/stroom/aws/s3/client/PooledClient.java,stroom-aws,client,aws,Client,java,Screen/Dialog,AWS / S3,todo,
stroom-aws/stroom-aws-client/src/main/java/stroom/aws/s3/client/S3ClientHelper.java,stroom-aws,client,aws,,java,Screen/Dialog,AWS / S3,todo,
stroom-aws/stroom-aws-client/src/main/java/stroom/aws/s3/client/S3ClientModule.java,stroom-aws,client,aws,Module,java,Framework,Dependency injection (GIN wiring),n/a,
stroom-aws/stroom-aws-client/src/main/java/stroom/aws/s3/client/S3ClientPool.java,stroom-aws,client,aws,,java,Screen/Dialog,AWS / S3,todo,
stroom-aws/stroom-aws-client/src/main/java/stroom/aws/s3/client/S3ClientPoolImpl.java,stroom-aws,client,aws,,java,Screen/Dialog,AWS / S3,todo,
stroom-aws/stroom-aws-client/src/main/java/stroom/aws/s3/client/S3MetaKeysMapper.java,stroom-aws,client,aws,,java,Screen/Dialog,AWS / S3,todo,
stroom-aws/stroom-aws-client/src/main/java/stroom/aws/s3/client/S3UploadProperties.java,stroom-aws,client,aws,,java,Screen/Dialog,AWS / S3,todo,
stroom-aws/stroom-aws-client/src/main/java/stroom/aws/s3/client/S3Util.java,stroom-aws,client,aws,Util,java,Utility,AWS / S3,todo,
stroom-core-client-widget/src/main/java/com/google/gwt/event/dom/client/InputEvent.java,stroom-core-client-widget,client,@gwt,Event,java,Widget,Core GWT widget overrides (vendored),n/a,
stroom-core-client-widget/src/main/java/com/google/gwt/user/cellview/client/AbstractCellTable.java,stroom-core-client-widget,client,@gwt,,java,Widget,Data / Table (GWT cellview overrides),n/a,
stroom-core-client-widget/src/main/java/com/google/gwt/user/cellview/client/AbstractHasData.java,stroom-core-client-widget,client,@gwt,,java,Widget,Data / Table (GWT cellview overrides),n/a,
stroom-core-client-widget/src/main/java/com/google/gwt/user/cellview/client/AbstractHeaderOrFooterBuilder.java,stroom-core-client-widget,client,@gwt,Builder,java,Widget,Data / Table (GWT cellview overrides),n/a,
stroom-core-client-widget/src/main/java/com/google/gwt/user/cellview/client/DefaultHeaderOrFooterBuilder.java,stroom-core-client-widget,client,@gwt,Builder,java,Widget,Data / Table (GWT cellview overrides),n/a,
stroom-core-client-widget/src/main/java/com/google/gwt/user/cellview/client/HasDataPresenter.java,stroom-core-client-widget,client,@gwt,Presenter,java,Widget,Data / Table (GWT cellview overrides),n/a,
stroom-core-client-widget/src/main/java/com/google/gwt/user/cellview/client/HasSelection.java,stroom-core-client-widget,client,@gwt,,java,Widget,Data / Table (GWT cellview overrides),n/a,
stroom-core-client-widget/src/main/java/com/google/gwt/user/cellview/client/SortIcon.java,stroom-core-client-widget,client,@gwt,,java,Widget,Data / Table (GWT cellview overrides),n/a,
stroom-core-client-widget/src/main/java/com/google/gwt/user/client/ui/Focus.java,stroom-core-client-widget,client,@gwt,,java,Widget,Core GWT widget overrides (vendored),n/a,
stroom-core-client-widget/src/main/java/com/google/gwt/user/client/ui/FocusFlowPanel.java,stroom-core-client-widget,client,@gwt,Panel,java,Widget,Core GWT widget overrides (vendored),n/a,
stroom-core-client-widget/src/main/java/com/google/gwt/user/client/ui/FocusUtil.java,stroom-core-client-widget,client,@gwt,Util,java,Widget,Core GWT widget overrides (vendored),n/a,
stroom-core-client-widget/src/main/java/com/google/gwt/user/client/ui/MaxScrollPanel.java,stroom-core-client-widget,client,@gwt,Panel,java,Widget,Core GWT widget overrides (vendored),n/a,
stroom-core-client-widget/src/main/java/com/google/gwt/user/client/ui/MySplitLayoutPanel.java,stroom-core-client-widget,client,@gwt,Panel,java,Widget,Core GWT widget overrides (vendored),n/a,
stroom-core-client-widget/src/main/java/com/google/gwt/user/client/ui/PasswordTextBox.java,stroom-core-client-widget,client,@gwt,,java,Widget,Core GWT widget overrides (vendored),n/a,
stroom-core-client-widget/src/main/java/com/google/gwt/user/client/ui/ResizeFlowPanel.java,stroom-core-client-widget,client,@gwt,Panel,java,Widget,Core GWT widget overrides (vendored),n/a,
stroom-core-client-widget/src/main/java/com/google/gwt/user/client/ui/TextArea.java,stroom-core-client-widget,client,@gwt,,java,Widget,Core GWT widget overrides (vendored),n/a,
stroom-core-client-widget/src/main/java/com/google/gwt/user/client/ui/TextBox.java,stroom-core-client-widget,client,@gwt,,java,Widget,Core GWT widget overrides (vendored),n/a,
stroom-core-client-widget/src/main/java/com/google/gwt/user/client/ui/TextBoxBase.java,stroom-core-client-widget,client,@gwt,,java,Widget,Core GWT widget overrides (vendored),n/a,
stroom-core-client-widget/src/main/java/com/google/gwt/user/client/ui/ThinSplitLayoutPanel.java,stroom-core-client-widget,client,@gwt,Panel,java,Widget,Core GWT widget overrides (vendored),n/a,
stroom-core-client-widget/src/main/java/com/google/gwt/user/client/ui/ValueBoxBase.java,stroom-core-client-widget,client,@gwt,,java,Widget,Core GWT widget overrides (vendored),n/a,
stroom-core-client-widget/src/main/java/com/gwtplatform/mvp/client/HandlerRegistrations.java,stroom-core-client-widget,client,@gwtp,,java,Framework,"MVP framework (GWTP, vendored)",n/a,
stroom-core-client-widget/src/main/java/com/gwtplatform/mvp/client/Layer.java,stroom-core-client-widget,client,@gwtp,,java,Framework,"MVP framework (GWTP, vendored)",n/a,
stroom-core-client-widget/src/main/java/com/gwtplatform/mvp/client/LayerContainer.java,stroom-core-client-widget,client,@gwtp,,java,Framework,"MVP framework (GWTP, vendored)",n/a,
stroom-core-client-widget/src/main/java/com/gwtplatform/mvp/client/MyPresenter.java,stroom-core-client-widget,client,@gwtp,Presenter,java,Framework,"MVP framework (GWTP, vendored)",n/a,
stroom-core-client-widget/src/main/java/com/gwtplatform/mvp/client/MyPresenterWidget.java,stroom-core-client-widget,client,@gwtp,PresenterWidget,java,Framework,"MVP framework (GWTP, vendored)",n/a,
stroom-core-client-widget/src/main/java/edu/ycp/cs/dh/acegwt/client/ace/AceAnnotation.java,stroom-core-client-widget,client,@acegwt,,java,Widget,"Editor (ACE wrapper, vendored)",todo,
stroom-core-client-widget/src/main/java/edu/ycp/cs/dh/acegwt/client/ace/AceAnnotationType.java,stroom-core-client-widget,client,@acegwt,Type,java,Widget,"Editor (ACE wrapper, vendored)",todo,
stroom-core-client-widget/src/main/java/edu/ycp/cs/dh/acegwt/client/ace/AceCommand.java,stroom-core-client-widget,client,@acegwt,,java,Widget,"Editor (ACE wrapper, vendored)",todo,
stroom-core-client-widget/src/main/java/edu/ycp/cs/dh/acegwt/client/ace/AceCommandArgs.java,stroom-core-client-widget,client,@acegwt,,java,Widget,"Editor (ACE wrapper, vendored)",todo,
stroom-core-client-widget/src/main/java/edu/ycp/cs/dh/acegwt/client/ace/AceCommandDescription.java,stroom-core-client-widget,client,@acegwt,,java,Widget,"Editor (ACE wrapper, vendored)",todo,
stroom-core-client-widget/src/main/java/edu/ycp/cs/dh/acegwt/client/ace/AceCommandLine.java,stroom-core-client-widget,client,@acegwt,,java,Widget,"Editor (ACE wrapper, vendored)",todo,
stroom-core-client-widget/src/main/java/edu/ycp/cs/dh/acegwt/client/ace/AceCommandLineListener.java,stroom-core-client-widget,client,@acegwt,,java,Widget,"Editor (ACE wrapper, vendored)",todo,
stroom-core-client-widget/src/main/java/edu/ycp/cs/dh/acegwt/client/ace/AceCompletion.java,stroom-core-client-widget,client,@acegwt,,java,Widget,"Editor (ACE wrapper, vendored)",todo,
stroom-core-client-widget/src/main/java/edu/ycp/cs/dh/acegwt/client/ace/AceCompletionCallback.java,stroom-core-client-widget,client,@acegwt,,java,Widget,"Editor (ACE wrapper, vendored)",todo,
stroom-core-client-widget/src/main/java/edu/ycp/cs/dh/acegwt/client/ace/AceCompletionCallbackImpl.java,stroom-core-client-widget,client,@acegwt,,java,Widget,"Editor (ACE wrapper, vendored)",todo,
stroom-core-client-widget/src/main/java/edu/ycp/cs/dh/acegwt/client/ace/AceCompletionLazySnippet.java,stroom-core-client-widget,client,@acegwt,,java,Widget,"Editor (ACE wrapper, vendored)",todo,
stroom-core-client-widget/src/main/java/edu/ycp/cs/dh/acegwt/client/ace/AceCompletionProvider.java,stroom-core-client-widget,client,@acegwt,Provider,java,Widget,"Editor (ACE wrapper, vendored)",todo,
stroom-core-client-widget/src/main/java/edu/ycp/cs/dh/acegwt/client/ace/AceCompletionSnippet.java,stroom-core-client-widget,client,@acegwt,,java,Widget,"Editor (ACE wrapper, vendored)",todo,
stroom-core-client-widget/src/main/java/edu/ycp/cs/dh/acegwt/client/ace/AceCompletionSnippetSegment.java,stroom-core-client-widget,client,@acegwt,,java,Widget,"Editor (ACE wrapper, vendored)",todo,
stroom-core-client-widget/src/main/java/edu/ycp/cs/dh/acegwt/client/ace/AceCompletionSnippetSegmentLiteral.java,stroom-core-client-widget,client,@acegwt,,java,Widget,"Editor (ACE wrapper, vendored)",todo,
stroom-core-client-widget/src/main/java/edu/ycp/cs/dh/acegwt/client/ace/AceCompletionSnippetSegmentTabstopItem.java,stroom-core-client-widget,client,@acegwt,,java,Widget,"Editor (ACE wrapper, vendored)",todo,
stroom-core-client-widget/src/main/java/edu/ycp/cs/dh/acegwt/client/ace/AceCompletionValue.java,stroom-core-client-widget,client,@acegwt,,java,Widget,"Editor (ACE wrapper, vendored)",todo,
stroom-core-client-widget/src/main/java/edu/ycp/cs/dh/acegwt/client/ace/AceDefaultCommandLine.java,stroom-core-client-widget,client,@acegwt,,java,Widget,"Editor (ACE wrapper, vendored)",todo,
stroom-core-client-widget/src/main/java/edu/ycp/cs/dh/acegwt/client/ace/AceEditor.java,stroom-core-client-widget,client,@acegwt,,java,Widget,"Editor (ACE wrapper, vendored)",todo,
stroom-core-client-widget/src/main/java/edu/ycp/cs/dh/acegwt/client/ace/AceEditorCallback.java,stroom-core-client-widget,client,@acegwt,,java,Widget,"Editor (ACE wrapper, vendored)",todo,
stroom-core-client-widget/src/main/java/edu/ycp/cs/dh/acegwt/client/ace/AceEditorCursorPosition.java,stroom-core-client-widget,client,@acegwt,,java,Widget,"Editor (ACE wrapper, vendored)",todo,
stroom-core-client-widget/src/main/java/edu/ycp/cs/dh/acegwt/client/ace/AceEditorMode.java,stroom-core-client-widget,client,@acegwt,,java,Widget,"Editor (ACE wrapper, vendored)",todo,
stroom-core-client-widget/src/main/java/edu/ycp/cs/dh/acegwt/client/ace/AceMarkerType.java,stroom-core-client-widget,client,@acegwt,Type,java,Widget,"Editor (ACE wrapper, vendored)",todo,
stroom-core-client-widget/src/main/java/edu/ycp/cs/dh/acegwt/client/ace/AceRange.java,stroom-core-client-widget,client,@acegwt,,java,Widget,"Editor (ACE wrapper, vendored)",todo,
stroom-core-client-widget/src/main/java/edu/ycp/cs/dh/acegwt/client/ace/AceSelection.java,stroom-core-client-widget,client,@acegwt,,java,Widget,"Editor (ACE wrapper, vendored)",todo,
stroom-core-client-widget/src/main/java/edu/ycp/cs/dh/acegwt/client/ace/AceSelectionListener.java,stroom-core-client-widget,client,@acegwt,,java,Widget,"Editor (ACE wrapper, vendored)",todo,
stroom-core-client-widget/src/main/java/stroom/cell/expander/client/ExpanderCell.java,stroom-core-client-widget,client,cell,Cell,java,Widget,Data / Cells,todo,
stroom-core-client-widget/src/main/java/stroom/cell/info/client/ActionCell.java,stroom-core-client-widget,client,cell,Cell,java,Widget,Data / Cells,todo,
stroom-core-client-widget/src/main/java/stroom/cell/info/client/ActionMenuCell.java,stroom-core-client-widget,client,cell,Cell,java,Widget,Data / Cells,todo,
stroom-core-client-widget/src/main/java/stroom/cell/info/client/ColourSwatchCell.java,stroom-core-client-widget,client,cell,Cell,java,Widget,Data / Cells,todo,
stroom-core-client-widget/src/main/java/stroom/cell/info/client/CommandLink.java,stroom-core-client-widget,client,cell,,java,Widget,Data / Cells,todo,
stroom-core-client-widget/src/main/java/stroom/cell/info/client/CommandLinkCell.java,stroom-core-client-widget,client,cell,Cell,java,Widget,Data / Cells,todo,
stroom-core-client-widget/src/main/java/stroom/cell/info/client/HoverActionMenuCell.java,stroom-core-client-widget,client,cell,Cell,java,Widget,Data / Cells,todo,
stroom-core-client-widget/src/main/java/stroom/cell/info/client/InfoColumn.java,stroom-core-client-widget,client,cell,,java,Widget,Data / Cells,todo,
stroom-core-client-widget/src/main/java/stroom/cell/info/client/PercentBarCell.java,stroom-core-client-widget,client,cell,Cell,java,Widget,Data / Cells,todo,
stroom-core-client-widget/src/main/java/stroom/cell/info/client/RedGreenTextCell.java,stroom-core-client-widget,client,cell,Cell,java,Widget,Data / Cells,todo,
stroom-core-client-widget/src/main/java/stroom/cell/info/client/SvgCell.java,stroom-core-client-widget,client,cell,Cell,java,Widget,Data / Cells,todo,
stroom-core-client-widget/src/main/java/stroom/cell/info/client/SvgStringCell.java,stroom-core-client-widget,client,cell,Cell,java,Widget,Data / Cells,todo,
stroom-core-client-widget/src/main/java/stroom/cell/info/client/ToolTipCell.java,stroom-core-client-widget,client,cell,Cell,java,Widget,Data / Cells,todo,
stroom-core-client-widget/src/main/java/stroom/cell/item/client/ItemCell.java,stroom-core-client-widget,client,cell,Cell,java,Widget,Data / Cells,todo,
stroom-core-client-widget/src/main/java/stroom/cell/list/client/CustomCellList.java,stroom-core-client-widget,client,cell,,java,Widget,Data / Cells,todo,
stroom-core-client-widget/src/main/java/stroom/cell/tickbox/client/TickBoxCell.java,stroom-core-client-widget,client,cell,Cell,java,Widget,Data / Cells,todo,
stroom-core-client-widget/src/main/java/stroom/cell/tickbox/shared/TickBoxState.java,stroom-core-client-widget,shared,cell,,java,Widget,Data / Cells,todo,
stroom-core-client-widget/src/main/java/stroom/cell/valuespinner/client/Spinner.java,stroom-core-client-widget,client,cell,,java,Widget,Data / Cells,todo,
stroom-core-client-widget/src/main/java/stroom/cell/valuespinner/client/ValueSpinnerCell.java,stroom-core-client-widget,client,cell,Cell,java,Widget,Data / Cells,todo,
stroom-core-client-widget/src/main/java/stroom/cell/valuespinner/shared/ConstrainedLong.java,stroom-core-client-widget,shared,cell,,java,Widget,Data / Cells,todo,
stroom-core-client-widget/src/main/java/stroom/cell/valuespinner/shared/Editable.java,stroom-core-client-widget,shared,cell,,java,Widget,Data / Cells,todo,
stroom-core-client-widget/src/main/java/stroom/cell/valuespinner/shared/EditableInteger.java,stroom-core-client-widget,shared,cell,,java,Widget,Data / Cells,todo,
stroom-core-client-widget/src/main/java/stroom/cell/valuespinner/shared/EditableLong.java,stroom-core-client-widget,shared,cell,,java,Widget,Data / Cells,todo,
stroom-core-client-widget/src/main/java/stroom/cell/valuespinner/shared/HasSpinnerConstraints.java,stroom-core-client-widget,shared,cell,,java,Widget,Data / Cells,todo,
stroom-core-client-widget/src/main/java/stroom/data/client/event/AskStroomAiEvent.java,stroom-core-client-widget,client,data,Event,java,Widget,General,todo,
stroom-core-client-widget/src/main/java/stroom/data/client/event/DataSelectionEvent.java,stroom-core-client-widget,client,data,Event,java,Widget,General,todo,
stroom-core-client-widget/src/main/java/stroom/data/client/event/HasDataSelectionHandlers.java,stroom-core-client-widget,client,data,,java,Widget,General,todo,
stroom-core-client-widget/src/main/java/stroom/data/client/event/SelectAllEvent.java,stroom-core-client-widget,client,data,Event,java,Widget,General,todo,
stroom-core-client-widget/src/main/java/stroom/data/client/event/ShowAskStroomAiEvent.java,stroom-core-client-widget,client,data,Event,java,Widget,General,todo,
stroom-core-client-widget/src/main/java/stroom/data/grid/client/ColSettings.java,stroom-core-client-widget,client,data,Settings,java,Widget,Data / Table,todo,
stroom-core-client-widget/src/main/java/stroom/data/grid/client/ColSpec.java,stroom-core-client-widget,client,data,,java,Widget,Data / Table,todo,
stroom-core-client-widget/src/main/java/stroom/data/grid/client/ColumnBuilder.java,stroom-core-client-widget,client,data,Builder,java,Widget,Data / Table,todo,
stroom-core-client-widget/src/main/java/stroom/data/grid/client/DataGridSelectionEventManager.java,stroom-core-client-widget,client,data,Manager,java,Widget,Data / Table,todo,
stroom-core-client-widget/src/main/java/stroom/data/grid/client/DefaultResources.java,stroom-core-client-widget,client,data,,java,Widget,Data / Table,todo,
stroom-core-client-widget/src/main/java/stroom/data/grid/client/DefaultStyle.java,stroom-core-client-widget,client,data,,java,Widget,Data / Table,todo,
stroom-core-client-widget/src/main/java/stroom/data/grid/client/DoubleClickEvent.java,stroom-core-client-widget,client,data,Event,java,Widget,Data / Table,todo,
stroom-core-client-widget/src/main/java/stroom/data/grid/client/EventCell.java,stroom-core-client-widget,client,data,Cell,java,Widget,Data / Cells,todo,
stroom-core-client-widget/src/main/java/stroom/data/grid/client/Glass.java,stroom-core-client-widget,client,data,,java,Widget,Data / Table,todo,
stroom-core-client-widget/src/main/java/stroom/data/grid/client/HasContextMenus.java,stroom-core-client-widget,client,data,,java,Widget,Data / Table,todo,
stroom-core-client-widget/src/main/java/stroom/data/grid/client/Heading.java,stroom-core-client-widget,client,data,,java,Widget,Data / Table,todo,
stroom-core-client-widget/src/main/java/stroom/data/grid/client/HeadingAlignment.java,stroom-core-client-widget,client,data,,java,Widget,Data / Table,todo,
stroom-core-client-widget/src/main/java/stroom/data/grid/client/HeadingBuilder.java,stroom-core-client-widget,client,data,Builder,java,Widget,Data / Table,todo,
stroom-core-client-widget/src/main/java/stroom/data/grid/client/HeadingListener.java,stroom-core-client-widget,client,data,,java,Widget,Data / Table,todo,
stroom-core-client-widget/src/main/java/stroom/data/grid/client/MessagePanel.java,stroom-core-client-widget,client,data,Panel,java,Widget,Data / Table,todo,
stroom-core-client-widget/src/main/java/stroom/data/grid/client/MessagePanelImpl.java,stroom-core-client-widget,client,data,,java,Widget,Data / Table,todo,
stroom-core-client-widget/src/main/java/stroom/data/grid/client/MouseHelper.java,stroom-core-client-widget,client,data,,java,Widget,Data / Table,todo,
stroom-core-client-widget/src/main/java/stroom/data/grid/client/MoveHandle.java,stroom-core-client-widget,client,data,,java,Widget,Data / Table,todo,
stroom-core-client-widget/src/main/java/stroom/data/grid/client/MyDataGrid.java,stroom-core-client-widget,client,data,,java,Widget,Data / Table,todo,
stroom-core-client-widget/src/main/java/stroom/data/grid/client/MyDataGridAiSupport.java,stroom-core-client-widget,client,data,,java,Widget,Data / Table,todo,
stroom-core-client-widget/src/main/java/stroom/data/grid/client/OrderByColumn.java,stroom-core-client-widget,client,data,,java,Widget,Data / Table,todo,
stroom-core-client-widget/src/main/java/stroom/data/grid/client/PagerView.java,stroom-core-client-widget,client,data,View,java,Widget,Data / Table,todo,
stroom-core-client-widget/src/main/java/stroom/data/grid/client/PagerViewImpl.java,stroom-core-client-widget,client,data,ViewImpl,java,Widget,Data / Table,todo,
stroom-core-client-widget/src/main/java/stroom/data/grid/client/PagerViewWithHeading.java,stroom-core-client-widget,client,data,,java,Widget,Data / Table,todo,
stroom-core-client-widget/src/main/java/stroom/data/grid/client/PagerViewWithHeadingImpl.java,stroom-core-client-widget,client,data,,java,Widget,Data / Table,todo,
stroom-core-client-widget/src/main/java/stroom/data/grid/client/ResizeHandle.java,stroom-core-client-widget,client,data,,java,Widget,Data / Table,todo,
stroom-core-client-widget/src/main/java/stroom/data/grid/client/WrapperView.java,stroom-core-client-widget,client,data,View,java,Widget,Data / Table,todo,
stroom-core-client-widget/src/main/java/stroom/data/grid/client/WrapperViewImpl.java,stroom-core-client-widget,client,data,ViewImpl,java,Widget,Data / Table,todo,
stroom-core-client-widget/src/main/java/stroom/data/pager/client/Pager.java,stroom-core-client-widget,client,data,,java,Widget,Data / Table,todo,
stroom-core-client-widget/src/main/java/stroom/data/pager/client/RefreshButton.java,stroom-core-client-widget,client,data,,java,Widget,Data / Table,todo,
stroom-core-client-widget/src/main/java/stroom/data/pager/client/SubStreamNavigator.java,stroom-core-client-widget,client,data,,java,Widget,Data / Table,todo,
stroom-core-client-widget/src/main/java/stroom/data/table/client/MyCellTable.java,stroom-core-client-widget,client,data,,java,Widget,Data / Table,todo,
stroom-core-client-widget/src/main/java/stroom/data/table/client/Refreshable.java,stroom-core-client-widget,client,data,,java,Widget,Data / Table,todo,
stroom-core-client-widget/src/main/java/stroom/editor/client/event/ChangeFilterEvent.java,stroom-core-client-widget,client,editor,Event,java,Widget,Editor / Viewer,todo,
stroom-core-client-widget/src/main/java/stroom/editor/client/event/FormatEvent.java,stroom-core-client-widget,client,editor,Event,java,Widget,Editor / Viewer,todo,
stroom-core-client-widget/src/main/java/stroom/editor/client/event/HasChangeFilterHandlers.java,stroom-core-client-widget,client,editor,,java,Widget,Editor / Viewer,todo,
stroom-core-client-widget/src/main/java/stroom/editor/client/event/HasFormatHandlers.java,stroom-core-client-widget,client,editor,,java,Widget,Editor / Viewer,todo,
stroom-core-client-widget/src/main/java/stroom/editor/client/event/HasIndicatorHandlers.java,stroom-core-client-widget,client,editor,,java,Widget,Editor / Viewer,todo,
stroom-core-client-widget/src/main/java/stroom/editor/client/event/IndicatorEvent.java,stroom-core-client-widget,client,editor,Event,java,Widget,Editor / Viewer,todo,
stroom-core-client-widget/src/main/java/stroom/editor/client/model/XMLStyler.java,stroom-core-client-widget,client,editor,,java,Widget,Editor / Viewer,todo,
stroom-core-client-widget/src/main/java/stroom/editor/client/model/XmlFormatter.java,stroom-core-client-widget,client,editor,,java,Widget,Editor / Viewer,todo,
stroom-core-client-widget/src/main/java/stroom/editor/client/presenter/AbstractEditorPresenter.java,stroom-core-client-widget,client,editor,Presenter,java,Widget,Editor / Viewer,todo,
stroom-core-client-widget/src/main/java/stroom/editor/client/presenter/Action.java,stroom-core-client-widget,client,editor,,java,Widget,Editor / Viewer,todo,
stroom-core-client-widget/src/main/java/stroom/editor/client/presenter/BaseEditorView.java,stroom-core-client-widget,client,editor,View,java,Widget,Editor / Viewer,todo,
stroom-core-client-widget/src/main/java/stroom/editor/client/presenter/ChangeCurrentPreferencesEvent.java,stroom-core-client-widget,client,editor,Event,java,Widget,Editor / Viewer,todo,
stroom-core-client-widget/src/main/java/stroom/editor/client/presenter/CurrentPreferences.java,stroom-core-client-widget,client,editor,,java,Widget,Editor / Viewer,todo,
stroom-core-client-widget/src/main/java/stroom/editor/client/presenter/DelegatingAceCompleter.java,stroom-core-client-widget,client,editor,,java,Widget,Editor / Viewer,todo,
stroom-core-client-widget/src/main/java/stroom/editor/client/presenter/EditorPresenter.java,stroom-core-client-widget,client,editor,Presenter,java,Widget,Editor / Viewer,todo,
stroom-core-client-widget/src/main/java/stroom/editor/client/presenter/EditorView.java,stroom-core-client-widget,client,editor,View,java,Widget,Editor / Viewer,todo,
stroom-core-client-widget/src/main/java/stroom/editor/client/presenter/HtmlPresenter.java,stroom-core-client-widget,client,editor,Presenter,java,Widget,Editor / Viewer,todo,
stroom-core-client-widget/src/main/java/stroom/editor/client/presenter/Option.java,stroom-core-client-widget,client,editor,,java,Widget,Editor / Viewer,todo,
stroom-core-client-widget/src/main/java/stroom/editor/client/presenter/SingleLineEditorPresenter.java,stroom-core-client-widget,client,editor,Presenter,java,Widget,Editor / Viewer,todo,
stroom-core-client-widget/src/main/java/stroom/editor/client/presenter/SingleLineEditorView.java,stroom-core-client-widget,client,editor,View,java,Widget,Editor / Viewer,todo,
stroom-core-client-widget/src/main/java/stroom/editor/client/view/AbstractEditorViewImpl.java,stroom-core-client-widget,client,editor,ViewImpl,java,Widget,Editor / Viewer,todo,
stroom-core-client-widget/src/main/java/stroom/editor/client/view/Annotation.java,stroom-core-client-widget,client,editor,,java,Widget,Editor / Viewer,todo,
stroom-core-client-widget/src/main/java/stroom/editor/client/view/Editor.java,stroom-core-client-widget,client,editor,,java,Widget,Editor / Viewer,todo,
stroom-core-client-widget/src/main/java/stroom/editor/client/view/EditorMenuPresenter.java,stroom-core-client-widget,client,editor,Presenter,java,Widget,Editor / Viewer,todo,
stroom-core-client-widget/src/main/java/stroom/editor/client/view/EditorViewImpl.java,stroom-core-client-widget,client,editor,ViewImpl,java,Widget,Editor / Viewer,todo,
stroom-core-client-widget/src/main/java/stroom/editor/client/view/HtmlViewImpl.java,stroom-core-client-widget,client,editor,ViewImpl,java,Widget,Editor / Viewer,todo,
stroom-core-client-widget/src/main/java/stroom/editor/client/view/Indicator.java,stroom-core-client-widget,client,editor,,java,Widget,Editor / Viewer,todo,
stroom-core-client-widget/src/main/java/stroom/editor/client/view/IndicatorLines.java,stroom-core-client-widget,client,editor,,java,Widget,Editor / Viewer,todo,
stroom-core-client-widget/src/main/java/stroom/editor/client/view/IndicatorPopup.java,stroom-core-client-widget,client,editor,Popup,java,Widget,Editor / Viewer,todo,
stroom-core-client-widget/src/main/java/stroom/editor/client/view/Marker.java,stroom-core-client-widget,client,editor,,java,Widget,Editor / Viewer,todo,
stroom-core-client-widget/src/main/java/stroom/editor/client/view/RightBar.java,stroom-core-client-widget,client,editor,,java,Widget,Editor / Viewer,todo,
stroom-core-client-widget/src/main/java/stroom/editor/client/view/ScrollbarMetrics.java,stroom-core-client-widget,client,editor,,java,Widget,Editor / Viewer,todo,
stroom-core-client-widget/src/main/java/stroom/editor/client/view/SingleLineEditorViewImpl.java,stroom-core-client-widget,client,editor,ViewImpl,java,Widget,Editor / Viewer,todo,
stroom-core-client-widget/src/main/java/stroom/event/client/StaticEventBus.java,stroom-core-client-widget,client,event,,java,Widget,General,todo,
stroom-core-client-widget/src/main/java/stroom/hyperlink/client/Hyperlink.java,stroom-core-client-widget,client,hyperlink,,java,Widget,General,todo,
stroom-core-client-widget/src/main/java/stroom/hyperlink/client/HyperlinkEvent.java,stroom-core-client-widget,client,hyperlink,Event,java,Framework,Client events (event bus),n/a,
stroom-core-client-widget/src/main/java/stroom/hyperlink/client/HyperlinkTargetType.java,stroom-core-client-widget,client,hyperlink,Type,java,Widget,General,todo,
stroom-core-client-widget/src/main/java/stroom/item/client/AbstractSelectionListModel.java,stroom-core-client-widget,client,item,Model,java,Widget,Selection / items,todo,
stroom-core-client-widget/src/main/java/stroom/item/client/BaseSelectionBox.java,stroom-core-client-widget,client,item,,java,Widget,Selection / items,todo,
stroom-core-client-widget/src/main/java/stroom/item/client/DecoratedItem.java,stroom-core-client-widget,client,item,,java,Widget,Selection / items,todo,
stroom-core-client-widget/src/main/java/stroom/item/client/EventBinder.java,stroom-core-client-widget,client,item,,java,Widget,Selection / items,todo,
stroom-core-client-widget/src/main/java/stroom/item/client/SelectionBox.java,stroom-core-client-widget,client,item,,java,Widget,Selection / items,todo,
stroom-core-client-widget/src/main/java/stroom/item/client/SelectionBoxView.java,stroom-core-client-widget,client,item,View,java,Widget,Selection / items,todo,
stroom-core-client-widget/src/main/java/stroom/item/client/SelectionItem.java,stroom-core-client-widget,client,item,,java,Widget,Selection / items,todo,
stroom-core-client-widget/src/main/java/stroom/item/client/SelectionItemCell.java,stroom-core-client-widget,client,item,Cell,java,Widget,Data / Cells,todo,
stroom-core-client-widget/src/main/java/stroom/item/client/SelectionList.java,stroom-core-client-widget,client,item,,java,Widget,Selection / items,todo,
stroom-core-client-widget/src/main/java/stroom/item/client/SelectionListModel.java,stroom-core-client-widget,client,item,Model,java,Widget,Selection / items,todo,
stroom-core-client-widget/src/main/java/stroom/item/client/SelectionPopup.java,stroom-core-client-widget,client,item,Popup,java,Widget,Selection / items,todo,
stroom-core-client-widget/src/main/java/stroom/item/client/SimpleSelectionItemWrapper.java,stroom-core-client-widget,client,item,,java,Widget,Selection / items,todo,
stroom-core-client-widget/src/main/java/stroom/item/client/SimpleSelectionListModel.java,stroom-core-client-widget,client,item,Model,java,Widget,Selection / items,todo,
stroom-core-client-widget/src/main/java/stroom/svg/client/IconColour.java,stroom-core-client-widget,client,svg,,java,Widget,Icons / SVG,todo,
stroom-core-client-widget/src/main/java/stroom/svg/client/Preset.java,stroom-core-client-widget,client,svg,,java,Widget,Icons / SVG,todo,
stroom-core-client-widget/src/main/java/stroom/svg/client/SvgIconBox.java,stroom-core-client-widget,client,svg,,java,Widget,Icons / SVG,todo,
stroom-core-client-widget/src/main/java/stroom/svg/client/SvgPresets.java,stroom-core-client-widget,client,svg,,java,Widget,Icons / SVG,todo,
stroom-core-client-widget/src/main/java/stroom/task/client/DefaultTaskMonitorFactory.java,stroom-core-client-widget,client,task,Factory,java,Widget,General,todo,
stroom-core-client-widget/src/main/java/stroom/task/client/HasTaskMonitorFactory.java,stroom-core-client-widget,client,task,Factory,java,Widget,General,todo,
stroom-core-client-widget/src/main/java/stroom/task/client/SimpleTask.java,stroom-core-client-widget,client,task,,java,Widget,General,todo,
stroom-core-client-widget/src/main/java/stroom/task/client/Task.java,stroom-core-client-widget,client,task,,java,Widget,General,todo,
stroom-core-client-widget/src/main/java/stroom/task/client/TaskEndEvent.java,stroom-core-client-widget,client,task,Event,java,Widget,General,todo,
stroom-core-client-widget/src/main/java/stroom/task/client/TaskMonitor.java,stroom-core-client-widget,client,task,,java,Widget,General,todo,
stroom-core-client-widget/src/main/java/stroom/task/client/TaskMonitorFactory.java,stroom-core-client-widget,client,task,Factory,java,Widget,General,todo,
stroom-core-client-widget/src/main/java/stroom/task/client/TaskStartEvent.java,stroom-core-client-widget,client,task,Event,java,Widget,General,todo,
stroom-core-client-widget/src/main/java/stroom/widget/button/client/BaseSvgButton.java,stroom-core-client-widget,client,widget,,java,Widget,Input / Form,todo,
stroom-core-client-widget/src/main/java/stroom/widget/button/client/Button.java,stroom-core-client-widget,client,widget,,java,Widget,Input / Form,todo,
stroom-core-client-widget/src/main/java/stroom/widget/button/client/ButtonPanel.java,stroom-core-client-widget,client,widget,Panel,java,Widget,Input / Form,todo,
stroom-core-client-widget/src/main/java/stroom/widget/button/client/ButtonView.java,stroom-core-client-widget,client,widget,View,java,Widget,Input / Form,todo,
stroom-core-client-widget/src/main/java/stroom/widget/button/client/FabButton.java,stroom-core-client-widget,client,widget,,java,Widget,Input / Form,todo,
stroom-core-client-widget/src/main/java/stroom/widget/button/client/InlineSvgButton.java,stroom-core-client-widget,client,widget,,java,Widget,Input / Form,todo,
stroom-core-client-widget/src/main/java/stroom/widget/button/client/InlineSvgToggleButton.java,stroom-core-client-widget,client,widget,,java,Widget,Input / Form,todo,
stroom-core-client-widget/src/main/java/stroom/widget/button/client/SvgButton.java,stroom-core-client-widget,client,widget,,java,Widget,Input / Form,todo,
stroom-core-client-widget/src/main/java/stroom/widget/button/client/SvgToggleButton.java,stroom-core-client-widget,client,widget,,java,Widget,Input / Form,todo,
stroom-core-client-widget/src/main/java/stroom/widget/button/client/ToggleButtonView.java,stroom-core-client-widget,client,widget,View,java,Widget,Input / Form,todo,
stroom-core-client-widget/src/main/java/stroom/widget/contextmenu/client/event/ContextMenuEvent.java,stroom-core-client-widget,client,widget,Event,java,Widget,Menu,todo,
stroom-core-client-widget/src/main/java/stroom/widget/contextmenu/client/event/HasContextMenuHandlers.java,stroom-core-client-widget,client,widget,,java,Widget,Menu,todo,
stroom-core-client-widget/src/main/java/stroom/widget/customdatebox/client/ClientDateUtil.java,stroom-core-client-widget,client,widget,Util,java,Widget,Input / Form,todo,
stroom-core-client-widget/src/main/java/stroom/widget/customdatebox/client/CustomCalendarModel.java,stroom-core-client-widget,client,widget,Model,java,Widget,Input / Form,todo,
stroom-core-client-widget/src/main/java/stroom/widget/customdatebox/client/CustomDateBox.java,stroom-core-client-widget,client,widget,,java,Widget,Input / Form,todo,
stroom-core-client-widget/src/main/java/stroom/widget/customdatebox/client/CustomDatePicker.java,stroom-core-client-widget,client,widget,,java,Widget,Input / Form,todo,
stroom-core-client-widget/src/main/java/stroom/widget/customdatebox/client/CustomDateTimeFormat.java,stroom-core-client-widget,client,widget,,java,Widget,Input / Form,todo,
stroom-core-client-widget/src/main/java/stroom/widget/customdatebox/client/DateBoxView.java,stroom-core-client-widget,client,widget,View,java,Widget,Input / Form,todo,
stroom-core-client-widget/src/main/java/stroom/widget/customdatebox/client/DurationPicker.java,stroom-core-client-widget,client,widget,,java,Widget,Input / Form,todo,
stroom-core-client-widget/src/main/java/stroom/widget/customdatebox/client/MomentJs.java,stroom-core-client-widget,client,widget,,java,Widget,Input / Form,todo,
stroom-core-client-widget/src/main/java/stroom/widget/customdatebox/client/MyDateBox.java,stroom-core-client-widget,client,widget,,java,Widget,Input / Form,todo,
stroom-core-client-widget/src/main/java/stroom/widget/datepicker/client/AbstractCell.java,stroom-core-client-widget,client,widget,Cell,java,Widget,Data / Cells,todo,
stroom-core-client-widget/src/main/java/stroom/widget/datepicker/client/CalendarUtil.java,stroom-core-client-widget,client,widget,Util,java,Widget,Input / Form,todo,
stroom-core-client-widget/src/main/java/stroom/widget/datepicker/client/CalendarView.java,stroom-core-client-widget,client,widget,View,java,Widget,Input / Form,todo,
stroom-core-client-widget/src/main/java/stroom/widget/datepicker/client/ClientTimeZone.java,stroom-core-client-widget,client,widget,,java,Widget,Input / Form,todo,
stroom-core-client-widget/src/main/java/stroom/widget/datepicker/client/CustomDatePicker.java,stroom-core-client-widget,client,widget,,java,Widget,Input / Form,todo,
stroom-core-client-widget/src/main/java/stroom/widget/datepicker/client/DateCell.java,stroom-core-client-widget,client,widget,Cell,java,Widget,Data / Cells,todo,
stroom-core-client-widget/src/main/java/stroom/widget/datepicker/client/DateChangeEvent.java,stroom-core-client-widget,client,widget,Event,java,Widget,Input / Form,todo,
stroom-core-client-widget/src/main/java/stroom/widget/datepicker/client/DateGrid.java,stroom-core-client-widget,client,widget,,java,Widget,Input / Form,todo,
stroom-core-client-widget/src/main/java/stroom/widget/datepicker/client/DatePickerComponent.java,stroom-core-client-widget,client,widget,,java,Widget,Input / Form,todo,
stroom-core-client-widget/src/main/java/stroom/widget/datepicker/client/DateRecord.java,stroom-core-client-widget,client,widget,,java,Widget,Input / Form,todo,
stroom-core-client-widget/src/main/java/stroom/widget/datepicker/client/DateTimeBox.java,stroom-core-client-widget,client,widget,,java,Widget,Input / Form,todo,
stroom-core-client-widget/src/main/java/stroom/widget/datepicker/client/DateTimeConstants.java,stroom-core-client-widget,client,widget,Constants,java,Widget,Input / Form,todo,
stroom-core-client-widget/src/main/java/stroom/widget/datepicker/client/DateTimeModel.java,stroom-core-client-widget,client,widget,Model,java,Widget,Input / Form,todo,
stroom-core-client-widget/src/main/java/stroom/widget/datepicker/client/DateTimePopup.java,stroom-core-client-widget,client,widget,Popup,java,Widget,Input / Form,todo,
stroom-core-client-widget/src/main/java/stroom/widget/datepicker/client/DateTimeViewImpl.java,stroom-core-client-widget,client,widget,ViewImpl,java,Widget,Input / Form,todo,
stroom-core-client-widget/src/main/java/stroom/widget/datepicker/client/DayLabel.java,stroom-core-client-widget,client,widget,,java,Widget,Input / Form,todo,
stroom-core-client-widget/src/main/java/stroom/widget/datepicker/client/DefaultCalendarView.java,stroom-core-client-widget,client,widget,View,java,Widget,Input / Form,todo,
stroom-core-client-widget/src/main/java/stroom/widget/datepicker/client/DefaultMonthSelector.java,stroom-core-client-widget,client,widget,,java,Widget,Input / Form,todo,
stroom-core-client-widget/src/main/java/stroom/widget/datepicker/client/IntlDateTimeFormat.java,stroom-core-client-widget,client,widget,,java,Widget,Input / Form,todo,
stroom-core-client-widget/src/main/java/stroom/widget/datepicker/client/MonthSelector.java,stroom-core-client-widget,client,widget,,java,Widget,Input / Form,todo,
stroom-core-client-widget/src/main/java/stroom/widget/datepicker/client/TimeBox.java,stroom-core-client-widget,client,widget,,java,Widget,Input / Form,todo,
stroom-core-client-widget/src/main/java/stroom/widget/datepicker/client/TimeOffset.java,stroom-core-client-widget,client,widget,,java,Widget,Input / Form,todo,
stroom-core-client-widget/src/main/java/stroom/widget/datepicker/client/TimePopup.java,stroom-core-client-widget,client,widget,Popup,java,Widget,Input / Form,todo,
stroom-core-client-widget/src/main/java/stroom/widget/datepicker/client/TimeRecord.java,stroom-core-client-widget,client,widget,,java,Widget,Input / Form,todo,
stroom-core-client-widget/src/main/java/stroom/widget/datepicker/client/TimeViewImpl.java,stroom-core-client-widget,client,widget,ViewImpl,java,Widget,Input / Form,todo,
stroom-core-client-widget/src/main/java/stroom/widget/datepicker/client/UTCDate.java,stroom-core-client-widget,client,widget,,java,Widget,Input / Form,todo,
stroom-core-client-widget/src/main/java/stroom/widget/debug/client/DebugPane.java,stroom-core-client-widget,client,widget,,java,Widget,Widget utilities,todo,
stroom-core-client-widget/src/main/java/stroom/widget/dropdowntree/client/view/DropDownUiHandlers.java,stroom-core-client-widget,client,widget,UiHandlers,java,Widget,Tree,todo,
stroom-core-client-widget/src/main/java/stroom/widget/dropdowntree/client/view/DropDownView.java,stroom-core-client-widget,client,widget,View,java,Widget,Tree,todo,
stroom-core-client-widget/src/main/java/stroom/widget/dropdowntree/client/view/DropDownViewImpl.java,stroom-core-client-widget,client,widget,ViewImpl,java,Widget,Tree,todo,
stroom-core-client-widget/src/main/java/stroom/widget/dropdowntree/client/view/ExplorerPopupUiHandlers.java,stroom-core-client-widget,client,widget,UiHandlers,java,Widget,Tree,todo,
stroom-core-client-widget/src/main/java/stroom/widget/dropdowntree/client/view/ExplorerPopupView.java,stroom-core-client-widget,client,widget,View,java,Widget,Tree,todo,
stroom-core-client-widget/src/main/java/stroom/widget/dropdowntree/client/view/ExplorerPopupViewImpl.java,stroom-core-client-widget,client,widget,ViewImpl,java,Widget,Tree,todo,
stroom-core-client-widget/src/main/java/stroom/widget/dropdowntree/client/view/QuickFilter.java,stroom-core-client-widget,client,widget,,java,Widget,Tree,todo,
stroom-core-client-widget/src/main/java/stroom/widget/dropdowntree/client/view/QuickFilterDialogView.java,stroom-core-client-widget,client,widget,View,java,Widget,Tree,todo,
stroom-core-client-widget/src/main/java/stroom/widget/dropdowntree/client/view/QuickFilterDialogViewImpl.java,stroom-core-client-widget,client,widget,ViewImpl,java,Widget,Tree,todo,
stroom-core-client-widget/src/main/java/stroom/widget/dropdowntree/client/view/QuickFilterPageView.java,stroom-core-client-widget,client,widget,View,java,Widget,Tree,todo,
stroom-core-client-widget/src/main/java/stroom/widget/dropdowntree/client/view/QuickFilterPageViewImpl.java,stroom-core-client-widget,client,widget,ViewImpl,java,Widget,Tree,todo,
stroom-core-client-widget/src/main/java/stroom/widget/dropdowntree/client/view/QuickFilterTooltipUtil.java,stroom-core-client-widget,client,widget,Util,java,Widget,Tree,todo,
stroom-core-client-widget/src/main/java/stroom/widget/dropdowntree/client/view/QuickFilterUiHandlers.java,stroom-core-client-widget,client,widget,UiHandlers,java,Widget,Tree,todo,
stroom-core-client-widget/src/main/java/stroom/widget/form/client/AccessibleName.java,stroom-core-client-widget,client,widget,,java,Widget,Input / Form,todo,
stroom-core-client-widget/src/main/java/stroom/widget/form/client/AriaIdRefs.java,stroom-core-client-widget,client,widget,,java,Widget,Input / Form,todo,
stroom-core-client-widget/src/main/java/stroom/widget/form/client/ControlNames.java,stroom-core-client-widget,client,widget,,java,Widget,Input / Form,todo,
stroom-core-client-widget/src/main/java/stroom/widget/form/client/CustomFileUpload.java,stroom-core-client-widget,client,widget,,java,Widget,Input / Form,todo,
stroom-core-client-widget/src/main/java/stroom/widget/form/client/DescriptionHTML.java,stroom-core-client-widget,client,widget,,java,Widget,Input / Form,todo,
stroom-core-client-widget/src/main/java/stroom/widget/form/client/FieldValidity.java,stroom-core-client-widget,client,widget,,java,Widget,Input / Form,todo,
stroom-core-client-widget/src/main/java/stroom/widget/form/client/FileUploadCallback.java,stroom-core-client-widget,client,widget,,java,Widget,Input / Form,todo,
stroom-core-client-widget/src/main/java/stroom/widget/form/client/FileUploadResultHandler.java,stroom-core-client-widget,client,widget,Handler,java,Widget,Input / Form,todo,
stroom-core-client-widget/src/main/java/stroom/widget/form/client/FileUploadSubmitter.java,stroom-core-client-widget,client,widget,,java,Widget,Input / Form,todo,
stroom-core-client-widget/src/main/java/stroom/widget/form/client/FileUploadTransport.java,stroom-core-client-widget,client,widget,,java,Widget,Input / Form,todo,
stroom-core-client-widget/src/main/java/stroom/widget/form/client/FileUploadUtil.java,stroom-core-client-widget,client,widget,Util,java,Widget,Input / Form,todo,
stroom-core-client-widget/src/main/java/stroom/widget/form/client/FormGroup.java,stroom-core-client-widget,client,widget,,java,Widget,Input / Form,todo,
stroom-core-client-widget/src/main/java/stroom/widget/form/client/FormLabel.java,stroom-core-client-widget,client,widget,,java,Widget,Input / Form,todo,
stroom-core-client-widget/src/main/java/stroom/widget/form/client/HelpHTML.java,stroom-core-client-widget,client,widget,,java,Widget,Input / Form,todo,
stroom-core-client-widget/src/main/java/stroom/widget/help/client/HelpButton.java,stroom-core-client-widget,client,widget,,java,Widget,Popup / Overlay,todo,
stroom-core-client-widget/src/main/java/stroom/widget/help/client/presenter/HelpManager.java,stroom-core-client-widget,client,widget,Manager,java,Widget,Popup / Overlay,todo,
stroom-core-client-widget/src/main/java/stroom/widget/htree/client/ArrowConnectorRenderer.java,stroom-core-client-widget,client,widget,,java,Widget,Tree,todo,
stroom-core-client-widget/src/main/java/stroom/widget/htree/client/BracketConnectorRenderer.java,stroom-core-client-widget,client,widget,,java,Widget,Tree,todo,
stroom-core-client-widget/src/main/java/stroom/widget/htree/client/CellRenderer.java,stroom-core-client-widget,client,widget,,java,Widget,Tree,todo,
stroom-core-client-widget/src/main/java/stroom/widget/htree/client/CellRenderer2.java,stroom-core-client-widget,client,widget,,java,Widget,Tree,todo,
stroom-core-client-widget/src/main/java/stroom/widget/htree/client/ConnectorRenderer.java,stroom-core-client-widget,client,widget,,java,Widget,Tree,todo,
stroom-core-client-widget/src/main/java/stroom/widget/htree/client/LayeredCanvas.java,stroom-core-client-widget,client,widget,,java,Widget,Tree,todo,
stroom-core-client-widget/src/main/java/stroom/widget/htree/client/RoundedRectangle.java,stroom-core-client-widget,client,widget,,java,Widget,Tree,todo,
stroom-core-client-widget/src/main/java/stroom/widget/htree/client/ShadowBox.java,stroom-core-client-widget,client,widget,,java,Widget,Tree,todo,
stroom-core-client-widget/src/main/java/stroom/widget/htree/client/TextCellRenderer.java,stroom-core-client-widget,client,widget,,java,Widget,Tree,todo,
stroom-core-client-widget/src/main/java/stroom/widget/htree/client/TreeRenderer.java,stroom-core-client-widget,client,widget,,java,Widget,Tree,todo,
stroom-core-client-widget/src/main/java/stroom/widget/htree/client/TreeRenderer2.java,stroom-core-client-widget,client,widget,,java,Widget,Tree,todo,
stroom-core-client-widget/src/main/java/stroom/widget/htree/client/treelayout/AbegoTreeLayout.java,stroom-core-client-widget,client,widget,,java,Widget,Tree,todo,
stroom-core-client-widget/src/main/java/stroom/widget/htree/client/treelayout/Bounds.java,stroom-core-client-widget,client,widget,,java,Widget,Tree,todo,
stroom-core-client-widget/src/main/java/stroom/widget/htree/client/treelayout/CenteredParentTreeLayout.java,stroom-core-client-widget,client,widget,,java,Widget,Tree,todo,
stroom-core-client-widget/src/main/java/stroom/widget/htree/client/treelayout/Configuration.java,stroom-core-client-widget,client,widget,,java,Widget,Tree,todo,
stroom-core-client-widget/src/main/java/stroom/widget/htree/client/treelayout/Dimension.java,stroom-core-client-widget,client,widget,,java,Widget,Tree,todo,
stroom-core-client-widget/src/main/java/stroom/widget/htree/client/treelayout/MyTreeLayout.java,stroom-core-client-widget,client,widget,,java,Widget,Tree,todo,
stroom-core-client-widget/src/main/java/stroom/widget/htree/client/treelayout/NodeExtentProvider.java,stroom-core-client-widget,client,widget,Provider,java,Widget,Tree,todo,
stroom-core-client-widget/src/main/java/stroom/widget/htree/client/treelayout/Point.java,stroom-core-client-widget,client,widget,,java,Widget,Tree,todo,
stroom-core-client-widget/src/main/java/stroom/widget/htree/client/treelayout/TreeForTreeLayout.java,stroom-core-client-widget,client,widget,,java,Widget,Tree,todo,
stroom-core-client-widget/src/main/java/stroom/widget/htree/client/treelayout/TreeLayout.java,stroom-core-client-widget,client,widget,,java,Widget,Tree,todo,
stroom-core-client-widget/src/main/java/stroom/widget/htree/client/treelayout/internal/util/Contract.java,stroom-core-client-widget,client,widget,,java,Widget,Tree,todo,
stroom-core-client-widget/src/main/java/stroom/widget/htree/client/treelayout/internal/util/IterableUtil.java,stroom-core-client-widget,client,widget,Util,java,Widget,Tree,todo,
stroom-core-client-widget/src/main/java/stroom/widget/htree/client/treelayout/internal/util/IteratorUtil.java,stroom-core-client-widget,client,widget,Util,java,Widget,Tree,todo,
stroom-core-client-widget/src/main/java/stroom/widget/htree/client/treelayout/internal/util/ListUtil.java,stroom-core-client-widget,client,widget,Util,java,Widget,Tree,todo,
stroom-core-client-widget/src/main/java/stroom/widget/htree/client/treelayout/util/AbstractTreeForTreeLayout.java,stroom-core-client-widget,client,widget,,java,Widget,Tree,todo,
stroom-core-client-widget/src/main/java/stroom/widget/htree/client/treelayout/util/DefaultConfiguration.java,stroom-core-client-widget,client,widget,,java,Widget,Tree,todo,
stroom-core-client-widget/src/main/java/stroom/widget/htree/client/treelayout/util/DefaultTreeForTreeLayout.java,stroom-core-client-widget,client,widget,,java,Widget,Tree,todo,
stroom-core-client-widget/src/main/java/stroom/widget/htree/client/treelayout/util/FixedNodeExtentProvider.java,stroom-core-client-widget,client,widget,Provider,java,Widget,Tree,todo,
stroom-core-client-widget/src/main/java/stroom/widget/linecolinput/client/LineColInput.java,stroom-core-client-widget,client,widget,,java,Widget,Input / Form,todo,
stroom-core-client-widget/src/main/java/stroom/widget/menu/client/presenter/GroupHeading.java,stroom-core-client-widget,client,widget,,java,Widget,Menu,todo,
stroom-core-client-widget/src/main/java/stroom/widget/menu/client/presenter/HasChildren.java,stroom-core-client-widget,client,widget,,java,Widget,Menu,todo,
stroom-core-client-widget/src/main/java/stroom/widget/menu/client/presenter/HideMenuEvent.java,stroom-core-client-widget,client,widget,Event,java,Widget,Menu,todo,
stroom-core-client-widget/src/main/java/stroom/widget/menu/client/presenter/IconMenuItem.java,stroom-core-client-widget,client,widget,,java,Widget,Menu,todo,
stroom-core-client-widget/src/main/java/stroom/widget/menu/client/presenter/IconParentMenuItem.java,stroom-core-client-widget,client,widget,,java,Widget,Menu,todo,
stroom-core-client-widget/src/main/java/stroom/widget/menu/client/presenter/InfoMenuItem.java,stroom-core-client-widget,client,widget,,java,Widget,Menu,todo,
stroom-core-client-widget/src/main/java/stroom/widget/menu/client/presenter/Item.java,stroom-core-client-widget,client,widget,,java,Widget,Menu,todo,
stroom-core-client-widget/src/main/java/stroom/widget/menu/client/presenter/KeyedParentMenuItem.java,stroom-core-client-widget,client,widget,,java,Widget,Menu,todo,
stroom-core-client-widget/src/main/java/stroom/widget/menu/client/presenter/Menu.java,stroom-core-client-widget,client,widget,,java,Widget,Menu,todo,
stroom-core-client-widget/src/main/java/stroom/widget/menu/client/presenter/MenuBuilder.java,stroom-core-client-widget,client,widget,Builder,java,Widget,Menu,todo,
stroom-core-client-widget/src/main/java/stroom/widget/menu/client/presenter/MenuItem.java,stroom-core-client-widget,client,widget,,java,Widget,Menu,todo,
stroom-core-client-widget/src/main/java/stroom/widget/menu/client/presenter/MenuItemCell.java,stroom-core-client-widget,client,widget,Cell,java,Widget,Data / Cells,todo,
stroom-core-client-widget/src/main/java/stroom/widget/menu/client/presenter/MenuItemCellUiHandler.java,stroom-core-client-widget,client,widget,Handler,java,Widget,Menu,todo,
stroom-core-client-widget/src/main/java/stroom/widget/menu/client/presenter/MenuItemPresenter.java,stroom-core-client-widget,client,widget,Presenter,java,Widget,Menu,todo,
stroom-core-client-widget/src/main/java/stroom/widget/menu/client/presenter/MenuItems.java,stroom-core-client-widget,client,widget,,java,Widget,Menu,todo,
stroom-core-client-widget/src/main/java/stroom/widget/menu/client/presenter/MenuKey.java,stroom-core-client-widget,client,widget,,java,Widget,Menu,todo,
stroom-core-client-widget/src/main/java/stroom/widget/menu/client/presenter/MenuPresenter.java,stroom-core-client-widget,client,widget,Presenter,java,Widget,Menu,todo,
stroom-core-client-widget/src/main/java/stroom/widget/menu/client/presenter/MenuUiHandlers.java,stroom-core-client-widget,client,widget,UiHandlers,java,Widget,Menu,todo,
stroom-core-client-widget/src/main/java/stroom/widget/menu/client/presenter/MenuViewImpl.java,stroom-core-client-widget,client,widget,ViewImpl,java,Widget,Menu,todo,
stroom-core-client-widget/src/main/java/stroom/widget/menu/client/presenter/Separator.java,stroom-core-client-widget,client,widget,,java,Widget,Menu,todo,
stroom-core-client-widget/src/main/java/stroom/widget/menu/client/presenter/ShowMenuEvent.java,stroom-core-client-widget,client,widget,Event,java,Widget,Menu,todo,
stroom-core-client-widget/src/main/java/stroom/widget/menu/client/presenter/SimpleMenuItem.java,stroom-core-client-widget,client,widget,,java,Widget,Menu,todo,
stroom-core-client-widget/src/main/java/stroom/widget/menu/client/presenter/SimpleParentMenuItem.java,stroom-core-client-widget,client,widget,,java,Widget,Menu,todo,
stroom-core-client-widget/src/main/java/stroom/widget/popup/client/event/DialogEvent.java,stroom-core-client-widget,client,widget,Event,java,Widget,Popup / Overlay,todo,
stroom-core-client-widget/src/main/java/stroom/widget/popup/client/event/DisablePopupEvent.java,stroom-core-client-widget,client,widget,Event,java,Widget,Popup / Overlay,todo,
stroom-core-client-widget/src/main/java/stroom/widget/popup/client/event/EnablePopupEvent.java,stroom-core-client-widget,client,widget,Event,java,Widget,Popup / Overlay,todo,
stroom-core-client-widget/src/main/java/stroom/widget/popup/client/event/HidePopupEvent.java,stroom-core-client-widget,client,widget,Event,java,Widget,Popup / Overlay,todo,
stroom-core-client-widget/src/main/java/stroom/widget/popup/client/event/HidePopupRequestEvent.java,stroom-core-client-widget,client,widget,Event,java,Widget,Popup / Overlay,todo,
stroom-core-client-widget/src/main/java/stroom/widget/popup/client/event/RenamePopupEvent.java,stroom-core-client-widget,client,widget,Event,java,Widget,Popup / Overlay,todo,
stroom-core-client-widget/src/main/java/stroom/widget/popup/client/event/ShowPopupEvent.java,stroom-core-client-widget,client,widget,Event,java,Widget,Popup / Overlay,todo,
stroom-core-client-widget/src/main/java/stroom/widget/popup/client/gin/PopupGinjector.java,stroom-core-client-widget,client,widget,Ginjector,java,Widget,Popup / Overlay,todo,
stroom-core-client-widget/src/main/java/stroom/widget/popup/client/gin/PopupModule.java,stroom-core-client-widget,client,widget,Module,java,Widget,Popup / Overlay,todo,
stroom-core-client-widget/src/main/java/stroom/widget/popup/client/presenter/PopupManager.java,stroom-core-client-widget,client,widget,Manager,java,Widget,Popup / Overlay,todo,
stroom-core-client-widget/src/main/java/stroom/widget/popup/client/presenter/PopupPosition.java,stroom-core-client-widget,client,widget,,java,Widget,Popup / Overlay,todo,
stroom-core-client-widget/src/main/java/stroom/widget/popup/client/presenter/PopupSize.java,stroom-core-client-widget,client,widget,,java,Widget,Popup / Overlay,todo,
stroom-core-client-widget/src/main/java/stroom/widget/popup/client/presenter/PopupSupport.java,stroom-core-client-widget,client,widget,,java,Widget,Popup / Overlay,todo,
stroom-core-client-widget/src/main/java/stroom/widget/popup/client/presenter/PopupType.java,stroom-core-client-widget,client,widget,Type,java,Widget,Popup / Overlay,todo,
stroom-core-client-widget/src/main/java/stroom/widget/popup/client/presenter/Position.java,stroom-core-client-widget,client,widget,,java,Widget,Popup / Overlay,todo,
stroom-core-client-widget/src/main/java/stroom/widget/popup/client/presenter/PositionUtil.java,stroom-core-client-widget,client,widget,Util,java,Widget,Popup / Overlay,todo,
stroom-core-client-widget/src/main/java/stroom/widget/popup/client/presenter/Size.java,stroom-core-client-widget,client,widget,,java,Widget,Popup / Overlay,todo,
stroom-core-client-widget/src/main/java/stroom/widget/popup/client/presenter/TextBoxPopup.java,stroom-core-client-widget,client,widget,Popup,java,Widget,Popup / Overlay,todo,
stroom-core-client-widget/src/main/java/stroom/widget/popup/client/view/AbstractPopupPanel.java,stroom-core-client-widget,client,widget,Panel,java,Widget,Popup / Overlay,todo,
stroom-core-client-widget/src/main/java/stroom/widget/popup/client/view/AcceptRejectContent.java,stroom-core-client-widget,client,widget,,java,Widget,Popup / Overlay,todo,
stroom-core-client-widget/src/main/java/stroom/widget/popup/client/view/CloseContent.java,stroom-core-client-widget,client,widget,,java,Widget,Popup / Overlay,todo,
stroom-core-client-widget/src/main/java/stroom/widget/popup/client/view/CurrentFocus.java,stroom-core-client-widget,client,widget,,java,Widget,Popup / Overlay,todo,
stroom-core-client-widget/src/main/java/stroom/widget/popup/client/view/DefaultHideRequestUiHandlers.java,stroom-core-client-widget,client,widget,UiHandlers,java,Widget,Popup / Overlay,todo,
stroom-core-client-widget/src/main/java/stroom/widget/popup/client/view/Dialog.java,stroom-core-client-widget,client,widget,Dialog,java,Widget,Popup / Overlay,todo,
stroom-core-client-widget/src/main/java/stroom/widget/popup/client/view/DialogAction.java,stroom-core-client-widget,client,widget,,java,Widget,Popup / Overlay,todo,
stroom-core-client-widget/src/main/java/stroom/widget/popup/client/view/DialogActionUiHandlers.java,stroom-core-client-widget,client,widget,UiHandlers,java,Widget,Popup / Overlay,todo,
stroom-core-client-widget/src/main/java/stroom/widget/popup/client/view/DialogButtonAction.java,stroom-core-client-widget,client,widget,,java,Widget,Popup / Overlay,todo,
stroom-core-client-widget/src/main/java/stroom/widget/popup/client/view/DialogButtons.java,stroom-core-client-widget,client,widget,,java,Widget,Popup / Overlay,todo,
stroom-core-client-widget/src/main/java/stroom/widget/popup/client/view/HideRequest.java,stroom-core-client-widget,client,widget,,java,Widget,Popup / Overlay,todo,
stroom-core-client-widget/src/main/java/stroom/widget/popup/client/view/HideRequestUiHandlers.java,stroom-core-client-widget,client,widget,UiHandlers,java,Widget,Popup / Overlay,todo,
stroom-core-client-widget/src/main/java/stroom/widget/popup/client/view/OkCancelContent.java,stroom-core-client-widget,client,widget,,java,Widget,Popup / Overlay,todo,
stroom-core-client-widget/src/main/java/stroom/widget/popup/client/view/Popup.java,stroom-core-client-widget,client,widget,Popup,java,Widget,Popup / Overlay,todo,
stroom-core-client-widget/src/main/java/stroom/widget/popup/client/view/PopupSupportImpl.java,stroom-core-client-widget,client,widget,,java,Widget,Popup / Overlay,todo,
stroom-core-client-widget/src/main/java/stroom/widget/popup/client/view/PopupUtil.java,stroom-core-client-widget,client,widget,Util,java,Widget,Popup / Overlay,todo,
stroom-core-client-widget/src/main/java/stroom/widget/popup/client/view/ResizableAcceptRejectContent.java,stroom-core-client-widget,client,widget,,java,Widget,Popup / Overlay,todo,
stroom-core-client-widget/src/main/java/stroom/widget/popup/client/view/ResizableCloseContent.java,stroom-core-client-widget,client,widget,,java,Widget,Popup / Overlay,todo,
stroom-core-client-widget/src/main/java/stroom/widget/popup/client/view/ResizableCreateOkCancelContent.java,stroom-core-client-widget,client,widget,,java,Widget,Popup / Overlay,todo,
stroom-core-client-widget/src/main/java/stroom/widget/popup/client/view/ResizableDialog.java,stroom-core-client-widget,client,widget,Dialog,java,Widget,Popup / Overlay,todo,
stroom-core-client-widget/src/main/java/stroom/widget/popup/client/view/ResizableOkCancelContent.java,stroom-core-client-widget,client,widget,,java,Widget,Popup / Overlay,todo,
stroom-core-client-widget/src/main/java/stroom/widget/popup/client/view/SimplePopup.java,stroom-core-client-widget,client,widget,Popup,java,Widget,Popup / Overlay,todo,
stroom-core-client-widget/src/main/java/stroom/widget/popup/client/view/SimplePopupLayout.java,stroom-core-client-widget,client,widget,,java,Widget,Popup / Overlay,todo,
stroom-core-client-widget/src/main/java/stroom/widget/popup/client/view/TextBoxViewImpl.java,stroom-core-client-widget,client,widget,ViewImpl,java,Widget,Popup / Overlay,todo,
stroom-core-client-widget/src/main/java/stroom/widget/progress/client/presenter/Progress.java,stroom-core-client-widget,client,widget,,java,Widget,Feedback,todo,
stroom-core-client-widget/src/main/java/stroom/widget/progress/client/presenter/ProgressPresenter.java,stroom-core-client-widget,client,widget,Presenter,java,Widget,Feedback,todo,
stroom-core-client-widget/src/main/java/stroom/widget/progress/client/view/ProgressViewImpl.java,stroom-core-client-widget,client,widget,ViewImpl,java,Widget,Feedback,todo,
stroom-core-client-widget/src/main/java/stroom/widget/spinner/client/SpinnerLarge.java,stroom-core-client-widget,client,widget,,java,Widget,Feedback,todo,
stroom-core-client-widget/src/main/java/stroom/widget/spinner/client/SpinnerSmall.java,stroom-core-client-widget,client,widget,,java,Widget,Feedback,todo,
stroom-core-client-widget/src/main/java/stroom/widget/tab/client/event/CloseEvent.java,stroom-core-client-widget,client,widget,Event,java,Widget,Tabs,todo,
stroom-core-client-widget/src/main/java/stroom/widget/tab/client/event/HasMaximiseRequestHandlers.java,stroom-core-client-widget,client,widget,,java,Widget,Tabs,todo,
stroom-core-client-widget/src/main/java/stroom/widget/tab/client/event/HasRequestCloseTabHandlers.java,stroom-core-client-widget,client,widget,,java,Widget,Tabs,todo,
stroom-core-client-widget/src/main/java/stroom/widget/tab/client/event/HasShowTabMenuHandlers.java,stroom-core-client-widget,client,widget,,java,Widget,Tabs,todo,
stroom-core-client-widget/src/main/java/stroom/widget/tab/client/event/MaximiseEvent.java,stroom-core-client-widget,client,widget,Event,java,Widget,Tabs,todo,
stroom-core-client-widget/src/main/java/stroom/widget/tab/client/event/MaximiseRequestEvent.java,stroom-core-client-widget,client,widget,Event,java,Widget,Tabs,todo,
stroom-core-client-widget/src/main/java/stroom/widget/tab/client/event/RequestCloseAllTabsEvent.java,stroom-core-client-widget,client,widget,Event,java,Widget,Tabs,todo,
stroom-core-client-widget/src/main/java/stroom/widget/tab/client/event/RequestCloseOtherTabsEvent.java,stroom-core-client-widget,client,widget,Event,java,Widget,Tabs,todo,
stroom-core-client-widget/src/main/java/stroom/widget/tab/client/event/RequestCloseSavedTabsEvent.java,stroom-core-client-widget,client,widget,Event,java,Widget,Tabs,todo,
stroom-core-client-widget/src/main/java/stroom/widget/tab/client/event/RequestCloseTabEvent.java,stroom-core-client-widget,client,widget,Event,java,Widget,Tabs,todo,
stroom-core-client-widget/src/main/java/stroom/widget/tab/client/event/RequestCloseTabsEvent.java,stroom-core-client-widget,client,widget,Event,java,Widget,Tabs,todo,
stroom-core-client-widget/src/main/java/stroom/widget/tab/client/event/RequestMoveTabEvent.java,stroom-core-client-widget,client,widget,Event,java,Widget,Tabs,todo,
stroom-core-client-widget/src/main/java/stroom/widget/tab/client/event/ShowTabMenuEvent.java,stroom-core-client-widget,client,widget,Event,java,Widget,Tabs,todo,
stroom-core-client-widget/src/main/java/stroom/widget/tab/client/presenter/CurveTabLayoutPresenter.java,stroom-core-client-widget,client,widget,Presenter,java,Widget,Tabs,todo,
stroom-core-client-widget/src/main/java/stroom/widget/tab/client/presenter/CurveTabLayoutView.java,stroom-core-client-widget,client,widget,View,java,Widget,Tabs,todo,
stroom-core-client-widget/src/main/java/stroom/widget/tab/client/presenter/LinkTabsLayoutView.java,stroom-core-client-widget,client,widget,View,java,Widget,Tabs,todo,
stroom-core-client-widget/src/main/java/stroom/widget/tab/client/presenter/LinkTabsPresenter.java,stroom-core-client-widget,client,widget,Presenter,java,Widget,Tabs,todo,
stroom-core-client-widget/src/main/java/stroom/widget/tab/client/presenter/TabBar.java,stroom-core-client-widget,client,widget,,java,Widget,Tabs,todo,
stroom-core-client-widget/src/main/java/stroom/widget/tab/client/presenter/TabData.java,stroom-core-client-widget,client,widget,,java,Widget,Tabs,todo,
stroom-core-client-widget/src/main/java/stroom/widget/tab/client/presenter/TabDataImpl.java,stroom-core-client-widget,client,widget,,java,Widget,Tabs,todo,
stroom-core-client-widget/src/main/java/stroom/widget/tab/client/view/AbstractTab.java,stroom-core-client-widget,client,widget,,java,Widget,Tabs,todo,
stroom-core-client-widget/src/main/java/stroom/widget/tab/client/view/AbstractTabBar.java,stroom-core-client-widget,client,widget,,java,Widget,Tabs,todo,
stroom-core-client-widget/src/main/java/stroom/widget/tab/client/view/AbstractTabSelector.java,stroom-core-client-widget,client,widget,,java,Widget,Tabs,todo,
stroom-core-client-widget/src/main/java/stroom/widget/tab/client/view/BasicTabSelector.java,stroom-core-client-widget,client,widget,,java,Widget,Tabs,todo,
stroom-core-client-widget/src/main/java/stroom/widget/tab/client/view/CurveTab.java,stroom-core-client-widget,client,widget,,java,Widget,Tabs,todo,
stroom-core-client-widget/src/main/java/stroom/widget/tab/client/view/CurveTabBar.java,stroom-core-client-widget,client,widget,,java,Widget,Tabs,todo,
stroom-core-client-widget/src/main/java/stroom/widget/tab/client/view/CurveTabLayoutUiHandlers.java,stroom-core-client-widget,client,widget,UiHandlers,java,Widget,Tabs,todo,
stroom-core-client-widget/src/main/java/stroom/widget/tab/client/view/CurveTabLayoutViewImpl.java,stroom-core-client-widget,client,widget,ViewImpl,java,Widget,Tabs,todo,
stroom-core-client-widget/src/main/java/stroom/widget/tab/client/view/CurveTabSelector.java,stroom-core-client-widget,client,widget,,java,Widget,Tabs,todo,
stroom-core-client-widget/src/main/java/stroom/widget/tab/client/view/DraggableTabBar.java,stroom-core-client-widget,client,widget,,java,Widget,Tabs,todo,
stroom-core-client-widget/src/main/java/stroom/widget/tab/client/view/DraggedTab.java,stroom-core-client-widget,client,widget,,java,Widget,Tabs,todo,
stroom-core-client-widget/src/main/java/stroom/widget/tab/client/view/GlobalResizeObserver.java,stroom-core-client-widget,client,widget,,java,Widget,Tabs,todo,
stroom-core-client-widget/src/main/java/stroom/widget/tab/client/view/LayerContainerImpl.java,stroom-core-client-widget,client,widget,,java,Widget,Tabs,todo,
stroom-core-client-widget/src/main/java/stroom/widget/tab/client/view/LinkTab.java,stroom-core-client-widget,client,widget,,java,Widget,Tabs,todo,
stroom-core-client-widget/src/main/java/stroom/widget/tab/client/view/LinkTabBar.java,stroom-core-client-widget,client,widget,,java,Widget,Tabs,todo,
stroom-core-client-widget/src/main/java/stroom/widget/tab/client/view/LinkTabsLayoutViewImpl.java,stroom-core-client-widget,client,widget,ViewImpl,java,Widget,Tabs,todo,
stroom-core-client-widget/src/main/java/stroom/widget/tab/client/view/ResizeListener.java,stroom-core-client-widget,client,widget,,java,Widget,Tabs,todo,
stroom-core-client-widget/src/main/java/stroom/widget/tickbox/client/view/CustomCheckBox.java,stroom-core-client-widget,client,widget,,java,Widget,Input / Form,todo,
stroom-core-client-widget/src/main/java/stroom/widget/tooltip/client/event/ShowHelpEvent.java,stroom-core-client-widget,client,widget,Event,java,Widget,Popup / Overlay,todo,
stroom-core-client-widget/src/main/java/stroom/widget/tooltip/client/presenter/TooltipPresenter.java,stroom-core-client-widget,client,widget,Presenter,java,Widget,Popup / Overlay,todo,
stroom-core-client-widget/src/main/java/stroom/widget/tooltip/client/view/TooltipViewImpl.java,stroom-core-client-widget,client,widget,ViewImpl,java,Widget,Popup / Overlay,todo,
stroom-core-client-widget/src/main/java/stroom/widget/util/client/AbstractSelectionEventManager.java,stroom-core-client-widget,client,widget,Manager,java,Widget,Widget utilities,todo,
stroom-core-client-widget/src/main/java/stroom/widget/util/client/BasicSelectionEventManager.java,stroom-core-client-widget,client,widget,Manager,java,Widget,Widget utilities,todo,
stroom-core-client-widget/src/main/java/stroom/widget/util/client/CheckListSelectionEventManager.java,stroom-core-client-widget,client,widget,Manager,java,Widget,Widget utilities,todo,
stroom-core-client-widget/src/main/java/stroom/widget/util/client/ClientStringUtil.java,stroom-core-client-widget,client,widget,Util,java,Widget,Widget utilities,todo,
stroom-core-client-widget/src/main/java/stroom/widget/util/client/Debug.java,stroom-core-client-widget,client,widget,,java,Widget,Widget utilities,todo,
stroom-core-client-widget/src/main/java/stroom/widget/util/client/DisabledState.java,stroom-core-client-widget,client,widget,,java,Widget,Widget utilities,todo,
stroom-core-client-widget/src/main/java/stroom/widget/util/client/DoubleClickTester.java,stroom-core-client-widget,client,widget,,java,Widget,Widget utilities,todo,
stroom-core-client-widget/src/main/java/stroom/widget/util/client/DoubleSelectEvent.java,stroom-core-client-widget,client,widget,Event,java,Widget,Widget utilities,todo,
stroom-core-client-widget/src/main/java/stroom/widget/util/client/DoubleSelectTester.java,stroom-core-client-widget,client,widget,,java,Widget,Widget utilities,todo,
stroom-core-client-widget/src/main/java/stroom/widget/util/client/ElementUtil.java,stroom-core-client-widget,client,widget,Util,java,Widget,Widget utilities,todo,
stroom-core-client-widget/src/main/java/stroom/widget/util/client/ExpanderEvent.java,stroom-core-client-widget,client,widget,Event,java,Widget,Widget utilities,todo,
stroom-core-client-widget/src/main/java/stroom/widget/util/client/Future.java,stroom-core-client-widget,client,widget,,java,Widget,Widget utilities,todo,
stroom-core-client-widget/src/main/java/stroom/widget/util/client/FutureImpl.java,stroom-core-client-widget,client,widget,,java,Widget,Widget utilities,todo,
stroom-core-client-widget/src/main/java/stroom/widget/util/client/GlobalKeyHandler.java,stroom-core-client-widget,client,widget,Handler,java,Widget,Widget utilities,todo,
stroom-core-client-widget/src/main/java/stroom/widget/util/client/HtmlBuilder.java,stroom-core-client-widget,client,widget,Builder,java,Widget,Widget utilities,todo,
stroom-core-client-widget/src/main/java/stroom/widget/util/client/KeyBinding.java,stroom-core-client-widget,client,widget,,java,Widget,Widget utilities,todo,
stroom-core-client-widget/src/main/java/stroom/widget/util/client/KeySequences.java,stroom-core-client-widget,client,widget,,java,Widget,Widget utilities,todo,
stroom-core-client-widget/src/main/java/stroom/widget/util/client/LazyValue.java,stroom-core-client-widget,client,widget,,java,Widget,Widget utilities,todo,
stroom-core-client-widget/src/main/java/stroom/widget/util/client/MouseUtil.java,stroom-core-client-widget,client,widget,Util,java,Widget,Widget utilities,todo,
stroom-core-client-widget/src/main/java/stroom/widget/util/client/MultiSelectEvent.java,stroom-core-client-widget,client,widget,Event,java,Widget,Widget utilities,todo,
stroom-core-client-widget/src/main/java/stroom/widget/util/client/MultiSelectionModel.java,stroom-core-client-widget,client,widget,Model,java,Widget,Widget utilities,todo,
stroom-core-client-widget/src/main/java/stroom/widget/util/client/MultiSelectionModelImpl.java,stroom-core-client-widget,client,widget,,java,Widget,Widget utilities,todo,
stroom-core-client-widget/src/main/java/stroom/widget/util/client/MySingleSelectionModel.java,stroom-core-client-widget,client,widget,Model,java,Widget,Widget utilities,todo,
stroom-core-client-widget/src/main/java/stroom/widget/util/client/PresenterScope.java,stroom-core-client-widget,client,widget,,java,Widget,Widget utilities,todo,
stroom-core-client-widget/src/main/java/stroom/widget/util/client/Rect.java,stroom-core-client-widget,client,widget,,java,Widget,Widget utilities,todo,
stroom-core-client-widget/src/main/java/stroom/widget/util/client/ResourceCache.java,stroom-core-client-widget,client,widget,,java,Widget,Widget utilities,todo,
stroom-core-client-widget/src/main/java/stroom/widget/util/client/SafeHtmlUtil.java,stroom-core-client-widget,client,widget,Util,java,Widget,Widget utilities,todo,
stroom-core-client-widget/src/main/java/stroom/widget/util/client/Selection.java,stroom-core-client-widget,client,widget,,java,Widget,Widget utilities,todo,
stroom-core-client-widget/src/main/java/stroom/widget/util/client/SelectionType.java,stroom-core-client-widget,client,widget,Type,java,Widget,Widget utilities,todo,
stroom-core-client-widget/src/main/java/stroom/widget/util/client/Size.java,stroom-core-client-widget,client,widget,,java,Widget,Widget utilities,todo,
stroom-core-client-widget/src/main/java/stroom/widget/util/client/SvgImageUtil.java,stroom-core-client-widget,client,widget,Util,java,Widget,Widget utilities,todo,
stroom-core-client-widget/src/main/java/stroom/widget/util/client/TableBuilder.java,stroom-core-client-widget,client,widget,Builder,java,Widget,Widget utilities,todo,
stroom-core-client-widget/src/main/java/stroom/widget/util/client/TableCell.java,stroom-core-client-widget,client,widget,Cell,java,Widget,Data / Cells,todo,
stroom-core-client-widget/src/main/java/stroom/widget/util/client/TableRow.java,stroom-core-client-widget,client,widget,,java,Widget,Widget utilities,todo,
stroom-core-client-widget/src/main/java/stroom/widget/util/client/TableUtil.java,stroom-core-client-widget,client,widget,Util,java,Widget,Widget utilities,todo,
stroom-core-client-widget/src/main/java/stroom/widget/util/client/Templates.java,stroom-core-client-widget,client,widget,,java,Widget,Widget utilities,todo,
stroom-core-client-widget/src/main/java/stroom/widget/valuespinner/client/Spinner.java,stroom-core-client-widget,client,widget,,java,Widget,Input / Form,todo,
stroom-core-client-widget/src/main/java/stroom/widget/valuespinner/client/ValueSpinner.java,stroom-core-client-widget,client,widget,,java,Widget,Input / Form,todo,
stroom-core-client-widget/src/main/java/stroom/widget/xsdbrowser/client/presenter/XSDBrowserPresenter.java,stroom-core-client-widget,client,widget,Presenter,java,Widget,Editor / Viewer,todo,
stroom-core-client-widget/src/main/java/stroom/widget/xsdbrowser/client/presenter/XSDBrowserUiHandlers.java,stroom-core-client-widget,client,widget,UiHandlers,java,Widget,Editor / Viewer,todo,
stroom-core-client-widget/src/main/java/stroom/widget/xsdbrowser/client/view/ClickPanel.java,stroom-core-client-widget,client,widget,Panel,java,Widget,Editor / Viewer,todo,
stroom-core-client-widget/src/main/java/stroom/widget/xsdbrowser/client/view/SelectableItem.java,stroom-core-client-widget,client,widget,,java,Widget,Editor / Viewer,todo,
stroom-core-client-widget/src/main/java/stroom/widget/xsdbrowser/client/view/SelectionMap.java,stroom-core-client-widget,client,widget,,java,Widget,Editor / Viewer,todo,
stroom-core-client-widget/src/main/java/stroom/widget/xsdbrowser/client/view/XMLUtil.java,stroom-core-client-widget,client,widget,Util,java,Widget,Editor / Viewer,todo,
stroom-core-client-widget/src/main/java/stroom/widget/xsdbrowser/client/view/XSDBrowserViewImpl.java,stroom-core-client-widget,client,widget,ViewImpl,java,Widget,Editor / Viewer,todo,
stroom-core-client-widget/src/main/java/stroom/widget/xsdbrowser/client/view/XSDConstraint.java,stroom-core-client-widget,client,widget,,java,Widget,Editor / Viewer,todo,
stroom-core-client-widget/src/main/java/stroom/widget/xsdbrowser/client/view/XSDConstraintDisplay.java,stroom-core-client-widget,client,widget,,java,Widget,Editor / Viewer,todo,
stroom-core-client-widget/src/main/java/stroom/widget/xsdbrowser/client/view/XSDDisplay.java,stroom-core-client-widget,client,widget,,java,Widget,Editor / Viewer,todo,
stroom-core-client-widget/src/main/java/stroom/widget/xsdbrowser/client/view/XSDDisplayBox.java,stroom-core-client-widget,client,widget,,java,Widget,Editor / Viewer,todo,
stroom-core-client-widget/src/main/java/stroom/widget/xsdbrowser/client/view/XSDDisplayBoxTitle.java,stroom-core-client-widget,client,widget,,java,Widget,Editor / Viewer,todo,
stroom-core-client-widget/src/main/java/stroom/widget/xsdbrowser/client/view/XSDModel.java,stroom-core-client-widget,client,widget,Model,java,Widget,Editor / Viewer,todo,
stroom-core-client-widget/src/main/java/stroom/widget/xsdbrowser/client/view/XSDNode.java,stroom-core-client-widget,client,widget,,java,Widget,Editor / Viewer,todo,
stroom-core-client-widget/src/main/java/stroom/widget/xsdbrowser/client/view/XSDNodeLabel.java,stroom-core-client-widget,client,widget,,java,Widget,Editor / Viewer,todo,
stroom-core-client-widget/src/main/java/stroom/widget/xsdbrowser/client/view/XSDTypeFilter.java,stroom-core-client-widget,client,widget,,java,Widget,Editor / Viewer,todo,
stroom-core-client-widget/src/main/resources/com/google/gwt/user/client/ui/CustomScrollPanel.css,stroom-core-client-widget,client,@gwt,Panel,css,Widget,Core GWT widget overrides (vendored),n/a,
stroom-core-client-widget/src/main/resources/com/google/gwt/user/client/ui/NativeHorizontalScrollbarTransparent.css,stroom-core-client-widget,client,@gwt,,css,Widget,Core GWT widget overrides (vendored),n/a,
stroom-core-client-widget/src/main/resources/com/google/gwt/user/client/ui/NativeVerticalScrollbarTransparent.css,stroom-core-client-widget,client,@gwt,,css,Widget,Core GWT widget overrides (vendored),n/a,
stroom-core-client-widget/src/main/resources/stroom/cell/list/client/CellList.css,stroom-core-client-widget,client,cell,,css,Widget,Data / Cells,todo,
stroom-core-client-widget/src/main/resources/stroom/data/grid/client/DataGrid.css,stroom-core-client-widget,client,data,,css,Widget,Data / Table,todo,
stroom-core-client-widget/src/main/resources/stroom/data/grid/client/PagerViewImpl.ui.xml,stroom-core-client-widget,client,data,ViewImpl,ui.xml,Widget,Data / Table,todo,
stroom-core-client-widget/src/main/resources/stroom/data/grid/client/PagerViewWithHeadingImpl.ui.xml,stroom-core-client-widget,client,data,,ui.xml,Widget,Data / Table,todo,
stroom-core-client-widget/src/main/resources/stroom/data/pager/client/DataNavigator.ui.xml,stroom-core-client-widget,client,data,,ui.xml,Widget,Data / Table,todo,
stroom-core-client-widget/src/main/resources/stroom/data/pager/client/Pager.ui.xml,stroom-core-client-widget,client,data,,ui.xml,Widget,Data / Table,todo,
stroom-core-client-widget/src/main/resources/stroom/data/pager/client/SubStreamNavigator.ui.xml,stroom-core-client-widget,client,data,,ui.xml,Widget,Data / Table,todo,
stroom-core-client-widget/src/main/resources/stroom/data/table/client/DefaultCellTable.css,stroom-core-client-widget,client,data,,css,Widget,Data / Table,todo,
stroom-core-client-widget/src/main/resources/stroom/editor/client/view/EditorViewImpl.ui.xml,stroom-core-client-widget,client,editor,ViewImpl,ui.xml,Widget,Editor / Viewer,todo,
stroom-core-client-widget/src/main/resources/stroom/editor/client/view/SingleLineEditorViewImpl.ui.xml,stroom-core-client-widget,client,editor,ViewImpl,ui.xml,Widget,Editor / Viewer,todo,
stroom-core-client-widget/src/main/resources/stroom/widget/datepicker/client/DateTimeViewImpl.ui.xml,stroom-core-client-widget,client,widget,ViewImpl,ui.xml,Widget,Input / Form,todo,
stroom-core-client-widget/src/main/resources/stroom/widget/datepicker/client/TimeViewImpl.ui.xml,stroom-core-client-widget,client,widget,ViewImpl,ui.xml,Widget,Input / Form,todo,
stroom-core-client-widget/src/main/resources/stroom/widget/dropdowntree/client/view/DropDownViewImpl.ui.xml,stroom-core-client-widget,client,widget,ViewImpl,ui.xml,Widget,Tree,todo,
stroom-core-client-widget/src/main/resources/stroom/widget/dropdowntree/client/view/ExplorerPopupViewImpl.ui.xml,stroom-core-client-widget,client,widget,ViewImpl,ui.xml,Widget,Tree,todo,
stroom-core-client-widget/src/main/resources/stroom/widget/dropdowntree/client/view/QuickFilterDialogViewImpl.ui.xml,stroom-core-client-widget,client,widget,ViewImpl,ui.xml,Widget,Tree,todo,
stroom-core-client-widget/src/main/resources/stroom/widget/dropdowntree/client/view/QuickFilterPageViewImpl.ui.xml,stroom-core-client-widget,client,widget,ViewImpl,ui.xml,Widget,Tree,todo,
stroom-core-client-widget/src/main/resources/stroom/widget/form/client/CustomFileUpload.ui.xml,stroom-core-client-widget,client,widget,,ui.xml,Widget,Input / Form,todo,
stroom-core-client-widget/src/main/resources/stroom/widget/popup/client/view/AcceptRejectContent.ui.xml,stroom-core-client-widget,client,widget,,ui.xml,Widget,Popup / Overlay,todo,
stroom-core-client-widget/src/main/resources/stroom/widget/popup/client/view/CloseContent.ui.xml,stroom-core-client-widget,client,widget,,ui.xml,Widget,Popup / Overlay,todo,
stroom-core-client-widget/src/main/resources/stroom/widget/popup/client/view/Dialog.ui.xml,stroom-core-client-widget,client,widget,Dialog,ui.xml,Widget,Popup / Overlay,todo,
stroom-core-client-widget/src/main/resources/stroom/widget/popup/client/view/OkCancelContent.ui.xml,stroom-core-client-widget,client,widget,,ui.xml,Widget,Popup / Overlay,todo,
stroom-core-client-widget/src/main/resources/stroom/widget/popup/client/view/ResizableAcceptRejectContent.ui.xml,stroom-core-client-widget,client,widget,,ui.xml,Widget,Popup / Overlay,todo,
stroom-core-client-widget/src/main/resources/stroom/widget/popup/client/view/ResizableCloseContent.ui.xml,stroom-core-client-widget,client,widget,,ui.xml,Widget,Popup / Overlay,todo,
stroom-core-client-widget/src/main/resources/stroom/widget/popup/client/view/ResizableCreateOkCancelContent.ui.xml,stroom-core-client-widget,client,widget,,ui.xml,Widget,Popup / Overlay,todo,
stroom-core-client-widget/src/main/resources/stroom/widget/popup/client/view/ResizableDialog.ui.xml,stroom-core-client-widget,client,widget,Dialog,ui.xml,Widget,Popup / Overlay,todo,
stroom-core-client-widget/src/main/resources/stroom/widget/popup/client/view/ResizableOkCancelContent.ui.xml,stroom-core-client-widget,client,widget,,ui.xml,Widget,Popup / Overlay,todo,
stroom-core-client-widget/src/main/resources/stroom/widget/popup/client/view/SimplePopup.ui.xml,stroom-core-client-widget,client,widget,Popup,ui.xml,Widget,Popup / Overlay,todo,
stroom-core-client-widget/src/main/resources/stroom/widget/popup/client/view/SimplePopupLayout.ui.xml,stroom-core-client-widget,client,widget,,ui.xml,Widget,Popup / Overlay,todo,
stroom-core-client-widget/src/main/resources/stroom/widget/popup/client/view/TextBoxViewImpl.ui.xml,stroom-core-client-widget,client,widget,ViewImpl,ui.xml,Widget,Popup / Overlay,todo,
stroom-core-client-widget/src/main/resources/stroom/widget/progress/client/view/ProgressViewImpl.ui.xml,stroom-core-client-widget,client,widget,ViewImpl,ui.xml,Widget,Feedback,todo,
stroom-core-client-widget/src/main/resources/stroom/widget/spinner/client/SpinnerLarge.ui.xml,stroom-core-client-widget,client,widget,,ui.xml,Widget,Feedback,todo,
stroom-core-client-widget/src/main/resources/stroom/widget/tab/client/view/CurveTabLayoutViewImpl.ui.xml,stroom-core-client-widget,client,widget,ViewImpl,ui.xml,Widget,Tabs,todo,
stroom-core-client-widget/src/main/resources/stroom/widget/tab/client/view/CurveTabSelector.ui.xml,stroom-core-client-widget,client,widget,,ui.xml,Widget,Tabs,todo,
stroom-core-client-widget/src/main/resources/stroom/widget/tab/client/view/LinkTabsLayoutViewImpl.ui.xml,stroom-core-client-widget,client,widget,ViewImpl,ui.xml,Widget,Tabs,todo,
stroom-core-client-widget/src/main/resources/stroom/widget/xsdbrowser/client/view/XSDBrowserViewImpl.ui.xml,stroom-core-client-widget,client,widget,ViewImpl,ui.xml,Widget,Editor / Viewer,todo,
stroom-core-client/src/main/java/stroom/about/client/AboutPlugin.java,stroom-core-client,client,about,Plugin,java,Screen/Dialog,About,todo,
stroom-core-client/src/main/java/stroom/about/client/event/ShowAboutEvent.java,stroom-core-client,client,about,Event,java,Screen/Dialog,About,todo,
stroom-core-client/src/main/java/stroom/about/client/gin/AboutGinjector.java,stroom-core-client,client,about,Ginjector,java,Framework,Dependency injection (GIN wiring),n/a,
stroom-core-client/src/main/java/stroom/about/client/gin/AboutModule.java,stroom-core-client,client,about,Module,java,Framework,Dependency injection (GIN wiring),n/a,
stroom-core-client/src/main/java/stroom/about/client/presenter/AboutPresenter.java,stroom-core-client,client,about,Presenter,java,Screen/Dialog,About,todo,
stroom-core-client/src/main/java/stroom/about/client/view/AboutViewImpl.java,stroom-core-client,client,about,ViewImpl,java,Screen/Dialog,About,todo,
stroom-core-client/src/main/java/stroom/activity/client/ActivityChangedEvent.java,stroom-core-client,client,activity,Event,java,Screen/Dialog,Activity,todo,
stroom-core-client/src/main/java/stroom/activity/client/ActivityEditPresenter.java,stroom-core-client,client,activity,Presenter,java,Screen/Dialog,Activity,todo,
stroom-core-client/src/main/java/stroom/activity/client/ActivityEditViewImpl.java,stroom-core-client,client,activity,ViewImpl,java,Screen/Dialog,Activity,todo,
stroom-core-client/src/main/java/stroom/activity/client/ActivityListPresenter.java,stroom-core-client,client,activity,Presenter,java,Screen/Dialog,Activity,todo,
stroom-core-client/src/main/java/stroom/activity/client/ActivityModule.java,stroom-core-client,client,activity,Module,java,Framework,Dependency injection (GIN wiring),n/a,
stroom-core-client/src/main/java/stroom/activity/client/CurrentActivity.java,stroom-core-client,client,activity,,java,Screen/Dialog,Activity,todo,
stroom-core-client/src/main/java/stroom/activity/client/ManageActivityPresenter.java,stroom-core-client,client,activity,Presenter,java,Screen/Dialog,Activity,todo,
stroom-core-client/src/main/java/stroom/activity/client/ManageActivityUiHandlers.java,stroom-core-client,client,activity,UiHandlers,java,Screen/Dialog,Activity,todo,
stroom-core-client/src/main/java/stroom/activity/client/ManageActivityViewImpl.java,stroom-core-client,client,activity,ViewImpl,java,Screen/Dialog,Activity,todo,
stroom-core-client/src/main/java/stroom/activity/client/SplashPresenter.java,stroom-core-client,client,activity,Presenter,java,Screen/Dialog,Activity,todo,
stroom-core-client/src/main/java/stroom/activity/client/SplashViewImpl.java,stroom-core-client,client,activity,ViewImpl,java,Screen/Dialog,Activity,todo,
stroom-core-client/src/main/java/stroom/ai/client/AiAttachmentDataPresenter.java,stroom-core-client,client,ai,Presenter,java,Screen/Dialog,AI,todo,
stroom-core-client/src/main/java/stroom/ai/client/AiChatCell.java,stroom-core-client,client,ai,Cell,java,Widget,Data / Cells,todo,
stroom-core-client/src/main/java/stroom/ai/client/AiChatHistoryPresenter.java,stroom-core-client,client,ai,Presenter,java,Screen/Dialog,AI,todo,
stroom-core-client/src/main/java/stroom/ai/client/AiChatHistoryResultListPresenter.java,stroom-core-client,client,ai,Presenter,java,Screen/Dialog,AI,todo,
stroom-core-client/src/main/java/stroom/ai/client/AiChatHistoryUiHandlers.java,stroom-core-client,client,ai,UiHandlers,java,Screen/Dialog,AI,todo,
stroom-core-client/src/main/java/stroom/ai/client/AiChatHistoryViewImpl.java,stroom-core-client,client,ai,ViewImpl,java,Screen/Dialog,AI,todo,
stroom-core-client/src/main/java/stroom/ai/client/AiConfigGeneralPresenter.java,stroom-core-client,client,ai,Presenter,java,Screen/Dialog,AI,todo,
stroom-core-client/src/main/java/stroom/ai/client/AiConfigGeneralUiHandlers.java,stroom-core-client,client,ai,UiHandlers,java,Screen/Dialog,AI,todo,
stroom-core-client/src/main/java/stroom/ai/client/AiConfigGeneralViewImpl.java,stroom-core-client,client,ai,ViewImpl,java,Screen/Dialog,AI,todo,
stroom-core-client/src/main/java/stroom/ai/client/AiConfigTableAnalysisPresenter.java,stroom-core-client,client,ai,Presenter,java,Screen/Dialog,AI,todo,
stroom-core-client/src/main/java/stroom/ai/client/AiConfigTableAnalysisViewImpl.java,stroom-core-client,client,ai,ViewImpl,java,Screen/Dialog,AI,todo,
stroom-core-client/src/main/java/stroom/ai/client/AskStroomAiClient.java,stroom-core-client,client,ai,Client,java,Screen/Dialog,AI,todo,
stroom-core-client/src/main/java/stroom/ai/client/AskStroomAiConfigPresenter.java,stroom-core-client,client,ai,Presenter,java,Screen/Dialog,AI,todo,
stroom-core-client/src/main/java/stroom/ai/client/AskStroomAiConfigViewImpl.java,stroom-core-client,client,ai,ViewImpl,java,Screen/Dialog,AI,todo,
stroom-core-client/src/main/java/stroom/ai/client/AskStroomAiPresenter.java,stroom-core-client,client,ai,Presenter,java,Screen/Dialog,AI,todo,
stroom-core-client/src/main/java/stroom/ai/client/AskStroomAiUiHandlers.java,stroom-core-client,client,ai,UiHandlers,java,Screen/Dialog,AI,todo,
stroom-core-client/src/main/java/stroom/ai/client/AskStroomAiViewImpl.java,stroom-core-client,client,ai,ViewImpl,java,Screen/Dialog,AI,todo,
stroom-core-client/src/main/java/stroom/ai/client/DownloadChatPresenter.java,stroom-core-client,client,ai,Presenter,java,Screen/Dialog,AI,todo,
stroom-core-client/src/main/java/stroom/ai/client/DownloadChatViewImpl.java,stroom-core-client,client,ai,ViewImpl,java,Screen/Dialog,AI,todo,
stroom-core-client/src/main/java/stroom/ai/client/gin/AskStroomAIGinjector.java,stroom-core-client,client,ai,Ginjector,java,Framework,Dependency injection (GIN wiring),n/a,
stroom-core-client/src/main/java/stroom/ai/client/gin/AskStroomAIModule.java,stroom-core-client,client,ai,Module,java,Framework,Dependency injection (GIN wiring),n/a,
stroom-core-client/src/main/java/stroom/alert/client/AlertPlugin.java,stroom-core-client,client,alert,Plugin,java,Widget,Dialogs (alert / confirm / prompt),todo,
stroom-core-client/src/main/java/stroom/alert/client/event/AlertCallback.java,stroom-core-client,client,alert,,java,Widget,Dialogs (alert / confirm / prompt),todo,
stroom-core-client/src/main/java/stroom/alert/client/event/AlertEvent.java,stroom-core-client,client,alert,Event,java,Widget,Dialogs (alert / confirm / prompt),todo,
stroom-core-client/src/main/java/stroom/alert/client/event/CommonAlertEvent.java,stroom-core-client,client,alert,Event,java,Widget,Dialogs (alert / confirm / prompt),todo,
stroom-core-client/src/main/java/stroom/alert/client/event/ConfirmCallback.java,stroom-core-client,client,alert,,java,Widget,Dialogs (alert / confirm / prompt),todo,
stroom-core-client/src/main/java/stroom/alert/client/event/ConfirmEvent.java,stroom-core-client,client,alert,Event,java,Widget,Dialogs (alert / confirm / prompt),todo,
stroom-core-client/src/main/java/stroom/alert/client/event/FireAlertEventFunction.java,stroom-core-client,client,alert,,java,Widget,Dialogs (alert / confirm / prompt),todo,
stroom-core-client/src/main/java/stroom/alert/client/event/GwtStringBuilderOutputStream.java,stroom-core-client,client,alert,,java,Widget,Dialogs (alert / confirm / prompt),todo,
stroom-core-client/src/main/java/stroom/alert/client/event/PromptCallback.java,stroom-core-client,client,alert,,java,Widget,Dialogs (alert / confirm / prompt),todo,
stroom-core-client/src/main/java/stroom/alert/client/event/PromptEvent.java,stroom-core-client,client,alert,Event,java,Widget,Dialogs (alert / confirm / prompt),todo,
stroom-core-client/src/main/java/stroom/alert/client/gin/AlertGinjector.java,stroom-core-client,client,alert,Ginjector,java,Widget,Dialogs (alert / confirm / prompt),todo,
stroom-core-client/src/main/java/stroom/alert/client/gin/AlertModule.java,stroom-core-client,client,alert,Module,java,Widget,Dialogs (alert / confirm / prompt),todo,
stroom-core-client/src/main/java/stroom/alert/client/presenter/CommonAlertPresenter.java,stroom-core-client,client,alert,Presenter,java,Widget,Dialogs (alert / confirm / prompt),todo,
stroom-core-client/src/main/java/stroom/alert/client/presenter/PromptPresenter.java,stroom-core-client,client,alert,Presenter,java,Widget,Dialogs (alert / confirm / prompt),todo,
stroom-core-client/src/main/java/stroom/alert/client/view/CommonAlertViewImpl.java,stroom-core-client,client,alert,ViewImpl,java,Widget,Dialogs (alert / confirm / prompt),todo,
stroom-core-client/src/main/java/stroom/alert/client/view/PromptViewImpl.java,stroom-core-client,client,alert,ViewImpl,java,Widget,Dialogs (alert / confirm / prompt),todo,
stroom-core-client/src/main/java/stroom/analytics/client/AnalyticsPlugin.java,stroom-core-client,client,analytics,Plugin,java,Screen/Dialog,Analytics,todo,
stroom-core-client/src/main/java/stroom/analytics/client/ReportPlugin.java,stroom-core-client,client,analytics,Plugin,java,Screen/Dialog,Analytics,todo,
stroom-core-client/src/main/java/stroom/analytics/client/gin/AnalyticsGinjector.java,stroom-core-client,client,analytics,Ginjector,java,Framework,Dependency injection (GIN wiring),n/a,
stroom-core-client/src/main/java/stroom/analytics/client/gin/AnalyticsModule.java,stroom-core-client,client,analytics,Module,java,Framework,Dependency injection (GIN wiring),n/a,
stroom-core-client/src/main/java/stroom/analytics/client/gin/ReportGinjector.java,stroom-core-client,client,analytics,Ginjector,java,Framework,Dependency injection (GIN wiring),n/a,
stroom-core-client/src/main/java/stroom/analytics/client/gin/ReportModule.java,stroom-core-client,client,analytics,Module,java,Framework,Dependency injection (GIN wiring),n/a,
stroom-core-client/src/main/java/stroom/analytics/client/presenter/AbstractDuplicateManagementPresenter.java,stroom-core-client,client,analytics,Presenter,java,Screen/Dialog,Analytics,todo,
stroom-core-client/src/main/java/stroom/analytics/client/presenter/AbstractNotificationListPresenter.java,stroom-core-client,client,analytics,Presenter,java,Screen/Dialog,Analytics,todo,
stroom-core-client/src/main/java/stroom/analytics/client/presenter/AbstractNotificationPresenter.java,stroom-core-client,client,analytics,Presenter,java,Screen/Dialog,Analytics,todo,
stroom-core-client/src/main/java/stroom/analytics/client/presenter/AbstractProcessingPresenter.java,stroom-core-client,client,analytics,Presenter,java,Screen/Dialog,Analytics,todo,
stroom-core-client/src/main/java/stroom/analytics/client/presenter/AbstractQueryEditPresenter.java,stroom-core-client,client,analytics,Presenter,java,Screen/Dialog,Analytics,todo,
stroom-core-client/src/main/java/stroom/analytics/client/presenter/AbstractSettingsPresenter.java,stroom-core-client,client,analytics,Presenter,java,Screen/Dialog,Analytics,todo,
stroom-core-client/src/main/java/stroom/analytics/client/presenter/AnalyticDataShardListPresenter.java,stroom-core-client,client,analytics,Presenter,java,Screen/Dialog,Analytics,todo,
stroom-core-client/src/main/java/stroom/analytics/client/presenter/AnalyticDataShardsPresenter.java,stroom-core-client,client,analytics,Presenter,java,Screen/Dialog,Analytics,todo,
stroom-core-client/src/main/java/stroom/analytics/client/presenter/AnalyticDuplicateManagementPresenter.java,stroom-core-client,client,analytics,Presenter,java,Screen/Dialog,Analytics,todo,
stroom-core-client/src/main/java/stroom/analytics/client/presenter/AnalyticEmailDestinationPresenter.java,stroom-core-client,client,analytics,Presenter,java,Screen/Dialog,Analytics,todo,
stroom-core-client/src/main/java/stroom/analytics/client/presenter/AnalyticNotificationEditPresenter.java,stroom-core-client,client,analytics,Presenter,java,Screen/Dialog,Analytics,todo,
stroom-core-client/src/main/java/stroom/analytics/client/presenter/AnalyticNotificationListPresenter.java,stroom-core-client,client,analytics,Presenter,java,Screen/Dialog,Analytics,todo,
stroom-core-client/src/main/java/stroom/analytics/client/presenter/AnalyticNotificationPresenter.java,stroom-core-client,client,analytics,Presenter,java,Screen/Dialog,Analytics,todo,
stroom-core-client/src/main/java/stroom/analytics/client/presenter/AnalyticProcessingPresenter.java,stroom-core-client,client,analytics,Presenter,java,Screen/Dialog,Analytics,todo,
stroom-core-client/src/main/java/stroom/analytics/client/presenter/AnalyticProcessingUiHandlers.java,stroom-core-client,client,analytics,UiHandlers,java,Screen/Dialog,Analytics,todo,
stroom-core-client/src/main/java/stroom/analytics/client/presenter/AnalyticQueryEditPresenter.java,stroom-core-client,client,analytics,Presenter,java,Screen/Dialog,Analytics,todo,
stroom-core-client/src/main/java/stroom/analytics/client/presenter/AnalyticRulePresenter.java,stroom-core-client,client,analytics,Presenter,java,Screen/Dialog,Analytics,todo,
stroom-core-client/src/main/java/stroom/analytics/client/presenter/AnalyticSettingsPresenter.java,stroom-core-client,client,analytics,Presenter,java,Screen/Dialog,Analytics,todo,
stroom-core-client/src/main/java/stroom/analytics/client/presenter/AnalyticStreamDestinationPresenter.java,stroom-core-client,client,analytics,Presenter,java,Screen/Dialog,Analytics,todo,
stroom-core-client/src/main/java/stroom/analytics/client/presenter/AnalyticStreamDestinationUiHandlers.java,stroom-core-client,client,analytics,UiHandlers,java,Screen/Dialog,Analytics,todo,
stroom-core-client/src/main/java/stroom/analytics/client/presenter/BatchExecutionScheduleEditPresenter.java,stroom-core-client,client,analytics,Presenter,java,Screen/Dialog,Analytics,todo,
stroom-core-client/src/main/java/stroom/analytics/client/presenter/DuplicateManagementListPresenter.java,stroom-core-client,client,analytics,Presenter,java,Screen/Dialog,Analytics,todo,
stroom-core-client/src/main/java/stroom/analytics/client/presenter/ExecutionScheduleManager.java,stroom-core-client,client,analytics,Manager,java,Screen/Dialog,Analytics,todo,
stroom-core-client/src/main/java/stroom/analytics/client/presenter/ExecutionScheduleRunNowPresenter.java,stroom-core-client,client,analytics,Presenter,java,Screen/Dialog,Analytics,todo,
stroom-core-client/src/main/java/stroom/analytics/client/presenter/ProcessingStatusUiHandlers.java,stroom-core-client,client,analytics,UiHandlers,java,Screen/Dialog,Analytics,todo,
stroom-core-client/src/main/java/stroom/analytics/client/presenter/ReportNotificationListPresenter.java,stroom-core-client,client,analytics,Presenter,java,Screen/Dialog,Analytics,todo,
stroom-core-client/src/main/java/stroom/analytics/client/presenter/ReportNotificationPresenter.java,stroom-core-client,client,analytics,Presenter,java,Screen/Dialog,Analytics,todo,
stroom-core-client/src/main/java/stroom/analytics/client/presenter/ReportPresenter.java,stroom-core-client,client,analytics,Presenter,java,Screen/Dialog,Analytics,todo,
stroom-core-client/src/main/java/stroom/analytics/client/presenter/ReportProcessingPresenter.java,stroom-core-client,client,analytics,Presenter,java,Screen/Dialog,Analytics,todo,
stroom-core-client/src/main/java/stroom/analytics/client/presenter/ReportQueryEditPresenter.java,stroom-core-client,client,analytics,Presenter,java,Screen/Dialog,Analytics,todo,
stroom-core-client/src/main/java/stroom/analytics/client/presenter/ReportSettingsPresenter.java,stroom-core-client,client,analytics,Presenter,java,Screen/Dialog,Analytics,todo,
stroom-core-client/src/main/java/stroom/analytics/client/presenter/ScheduledProcessEditPresenter.java,stroom-core-client,client,analytics,Presenter,java,Screen/Dialog,Analytics,todo,
stroom-core-client/src/main/java/stroom/analytics/client/presenter/ScheduledProcessEditUiHandlers.java,stroom-core-client,client,analytics,UiHandlers,java,Screen/Dialog,Analytics,todo,
stroom-core-client/src/main/java/stroom/analytics/client/presenter/ScheduledProcessEditView.java,stroom-core-client,client,analytics,View,java,Screen/Dialog,Analytics,todo,
stroom-core-client/src/main/java/stroom/analytics/client/presenter/ScheduledProcessHistoryListPresenter.java,stroom-core-client,client,analytics,Presenter,java,Screen/Dialog,Analytics,todo,
stroom-core-client/src/main/java/stroom/analytics/client/presenter/ScheduledProcessListPresenter.java,stroom-core-client,client,analytics,Presenter,java,Screen/Dialog,Analytics,todo,
stroom-core-client/src/main/java/stroom/analytics/client/presenter/ScheduledProcessingPresenter.java,stroom-core-client,client,analytics,Presenter,java,Screen/Dialog,Analytics,todo,
stroom-core-client/src/main/java/stroom/analytics/client/presenter/SettingsUiHandlers.java,stroom-core-client,client,analytics,UiHandlers,java,Screen/Dialog,Analytics,todo,
stroom-core-client/src/main/java/stroom/analytics/client/presenter/StreamingProcessingPresenter.java,stroom-core-client,client,analytics,Presenter,java,Screen/Dialog,Analytics,todo,
stroom-core-client/src/main/java/stroom/analytics/client/presenter/TableBuilderProcessingPresenter.java,stroom-core-client,client,analytics,Presenter,java,Screen/Dialog,Analytics,todo,
stroom-core-client/src/main/java/stroom/analytics/client/view/AnalyticDataShardsViewImpl.java,stroom-core-client,client,analytics,ViewImpl,java,Screen/Dialog,Analytics,todo,
stroom-core-client/src/main/java/stroom/analytics/client/view/AnalyticEmailDestinationViewImpl.java,stroom-core-client,client,analytics,ViewImpl,java,Screen/Dialog,Analytics,todo,
stroom-core-client/src/main/java/stroom/analytics/client/view/AnalyticNotificationEditViewImpl.java,stroom-core-client,client,analytics,ViewImpl,java,Screen/Dialog,Analytics,todo,
stroom-core-client/src/main/java/stroom/analytics/client/view/AnalyticNotificationViewImpl.java,stroom-core-client,client,analytics,ViewImpl,java,Screen/Dialog,Analytics,todo,
stroom-core-client/src/main/java/stroom/analytics/client/view/AnalyticProcessingViewImpl.java,stroom-core-client,client,analytics,ViewImpl,java,Screen/Dialog,Analytics,todo,
stroom-core-client/src/main/java/stroom/analytics/client/view/AnalyticSettingsViewImpl.java,stroom-core-client,client,analytics,ViewImpl,java,Screen/Dialog,Analytics,todo,
stroom-core-client/src/main/java/stroom/analytics/client/view/AnalyticStreamDestinationViewImpl.java,stroom-core-client,client,analytics,ViewImpl,java,Screen/Dialog,Analytics,todo,
stroom-core-client/src/main/java/stroom/analytics/client/view/BatchExecutionScheduleEditViewImpl.java,stroom-core-client,client,analytics,ViewImpl,java,Screen/Dialog,Analytics,todo,
stroom-core-client/src/main/java/stroom/analytics/client/view/DuplicateManagementViewImpl.java,stroom-core-client,client,analytics,ViewImpl,java,Screen/Dialog,Analytics,todo,
stroom-core-client/src/main/java/stroom/analytics/client/view/ExecutionScheduleRunNowViewImpl.java,stroom-core-client,client,analytics,ViewImpl,java,Screen/Dialog,Analytics,todo,
stroom-core-client/src/main/java/stroom/analytics/client/view/ReportSettingsViewImpl.java,stroom-core-client,client,analytics,ViewImpl,java,Screen/Dialog,Analytics,todo,
stroom-core-client/src/main/java/stroom/analytics/client/view/ScheduledProcessEditViewImpl.java,stroom-core-client,client,analytics,ViewImpl,java,Screen/Dialog,Analytics,todo,
stroom-core-client/src/main/java/stroom/analytics/client/view/ScheduledProcessingViewImpl.java,stroom-core-client,client,analytics,ViewImpl,java,Screen/Dialog,Analytics,todo,
stroom-core-client/src/main/java/stroom/analytics/client/view/StreamingProcessingViewImpl.java,stroom-core-client,client,analytics,ViewImpl,java,Screen/Dialog,Analytics,todo,
stroom-core-client/src/main/java/stroom/analytics/client/view/TableBuilderProcessingViewImpl.java,stroom-core-client,client,analytics,ViewImpl,java,Screen/Dialog,Analytics,todo,
stroom-core-client/src/main/java/stroom/annotation/client/AddEventLinkPresenter.java,stroom-core-client,client,annotation,Presenter,java,Screen/Dialog,Annotation,todo,
stroom-core-client/src/main/java/stroom/annotation/client/AddEventLinkViewImpl.java,stroom-core-client,client,annotation,ViewImpl,java,Screen/Dialog,Annotation,todo,
stroom-core-client/src/main/java/stroom/annotation/client/AnnotationBrowsePlugin.java,stroom-core-client,client,annotation,Plugin,java,Screen/Dialog,Annotation,todo,
stroom-core-client/src/main/java/stroom/annotation/client/AnnotationChangeEvent.java,stroom-core-client,client,annotation,Event,java,Screen/Dialog,Annotation,todo,
stroom-core-client/src/main/java/stroom/annotation/client/AnnotationCollectionPlugin.java,stroom-core-client,client,annotation,Plugin,java,Screen/Dialog,Annotation,todo,
stroom-core-client/src/main/java/stroom/annotation/client/AnnotationCommentPlugin.java,stroom-core-client,client,annotation,Plugin,java,Screen/Dialog,Annotation,todo,
stroom-core-client/src/main/java/stroom/annotation/client/AnnotationCreatePlugin.java,stroom-core-client,client,annotation,Plugin,java,Screen/Dialog,Annotation,todo,
stroom-core-client/src/main/java/stroom/annotation/client/AnnotationEditPresenter.java,stroom-core-client,client,annotation,Presenter,java,Screen/Dialog,Annotation,todo,
stroom-core-client/src/main/java/stroom/annotation/client/AnnotationEditSupport.java,stroom-core-client,client,annotation,,java,Screen/Dialog,Annotation,todo,
stroom-core-client/src/main/java/stroom/annotation/client/AnnotationEditUiHandlers.java,stroom-core-client,client,annotation,UiHandlers,java,Screen/Dialog,Annotation,todo,
stroom-core-client/src/main/java/stroom/annotation/client/AnnotationEditViewImpl.java,stroom-core-client,client,annotation,ViewImpl,java,Screen/Dialog,Annotation,todo,
stroom-core-client/src/main/java/stroom/annotation/client/AnnotationLabelPlugin.java,stroom-core-client,client,annotation,Plugin,java,Screen/Dialog,Annotation,todo,
stroom-core-client/src/main/java/stroom/annotation/client/AnnotationLinkPresenter.java,stroom-core-client,client,annotation,Presenter,java,Screen/Dialog,Annotation,todo,
stroom-core-client/src/main/java/stroom/annotation/client/AnnotationPlugin.java,stroom-core-client,client,annotation,Plugin,java,Screen/Dialog,Annotation,todo,
stroom-core-client/src/main/java/stroom/annotation/client/AnnotationPresenter.java,stroom-core-client,client,annotation,Presenter,java,Screen/Dialog,Annotation,todo,
stroom-core-client/src/main/java/stroom/annotation/client/AnnotationResourceClient.java,stroom-core-client,client,annotation,Client,java,Screen/Dialog,Annotation,todo,
stroom-core-client/src/main/java/stroom/annotation/client/AnnotationStatusPlugin.java,stroom-core-client,client,annotation,Plugin,java,Screen/Dialog,Annotation,todo,
stroom-core-client/src/main/java/stroom/annotation/client/AnnotationTagCreatePresenter.java,stroom-core-client,client,annotation,Presenter,java,Screen/Dialog,Annotation,todo,
stroom-core-client/src/main/java/stroom/annotation/client/AnnotationTagCreateViewImpl.java,stroom-core-client,client,annotation,ViewImpl,java,Screen/Dialog,Annotation,todo,
stroom-core-client/src/main/java/stroom/annotation/client/AnnotationTagEditPresenter.java,stroom-core-client,client,annotation,Presenter,java,Screen/Dialog,Annotation,todo,
stroom-core-client/src/main/java/stroom/annotation/client/AnnotationTagEditUiHandlers.java,stroom-core-client,client,annotation,UiHandlers,java,Screen/Dialog,Annotation,todo,
stroom-core-client/src/main/java/stroom/annotation/client/AnnotationTagEditViewImpl.java,stroom-core-client,client,annotation,ViewImpl,java,Screen/Dialog,Annotation,todo,
stroom-core-client/src/main/java/stroom/annotation/client/AnnotationTagListPresenter.java,stroom-core-client,client,annotation,Presenter,java,Screen/Dialog,Annotation,todo,
stroom-core-client/src/main/java/stroom/annotation/client/AnnotationTagNameChangeEvent.java,stroom-core-client,client,annotation,Event,java,Screen/Dialog,Annotation,todo,
stroom-core-client/src/main/java/stroom/annotation/client/AnnotationTagPresenter.java,stroom-core-client,client,annotation,Presenter,java,Screen/Dialog,Annotation,todo,
stroom-core-client/src/main/java/stroom/annotation/client/AssignYourselfLink.java,stroom-core-client,client,annotation,,java,Screen/Dialog,Annotation,todo,
stroom-core-client/src/main/java/stroom/annotation/client/BrowseAnnotationPresenter.java,stroom-core-client,client,annotation,Presenter,java,Screen/Dialog,Annotation,todo,
stroom-core-client/src/main/java/stroom/annotation/client/ChangeAssignedToPresenter.java,stroom-core-client,client,annotation,Presenter,java,Screen/Dialog,Annotation,todo,
stroom-core-client/src/main/java/stroom/annotation/client/ChangeAssignedToUiHandlers.java,stroom-core-client,client,annotation,UiHandlers,java,Screen/Dialog,Annotation,todo,
stroom-core-client/src/main/java/stroom/annotation/client/ChangeAssignedToViewImpl.java,stroom-core-client,client,annotation,ViewImpl,java,Screen/Dialog,Annotation,todo,
stroom-core-client/src/main/java/stroom/annotation/client/ChangeStatusPresenter.java,stroom-core-client,client,annotation,Presenter,java,Screen/Dialog,Annotation,todo,
stroom-core-client/src/main/java/stroom/annotation/client/ChangeStatusUiHandlers.java,stroom-core-client,client,annotation,UiHandlers,java,Screen/Dialog,Annotation,todo,
stroom-core-client/src/main/java/stroom/annotation/client/ChangeStatusViewImpl.java,stroom-core-client,client,annotation,ViewImpl,java,Screen/Dialog,Annotation,todo,
stroom-core-client/src/main/java/stroom/annotation/client/ChooserPresenter.java,stroom-core-client,client,annotation,Presenter,java,Screen/Dialog,Annotation,todo,
stroom-core-client/src/main/java/stroom/annotation/client/ChooserUiHandlers.java,stroom-core-client,client,annotation,UiHandlers,java,Screen/Dialog,Annotation,todo,
stroom-core-client/src/main/java/stroom/annotation/client/ChooserViewImpl.java,stroom-core-client,client,annotation,ViewImpl,java,Screen/Dialog,Annotation,todo,
stroom-core-client/src/main/java/stroom/annotation/client/CommentEditPresenter.java,stroom-core-client,client,annotation,Presenter,java,Screen/Dialog,Annotation,todo,
stroom-core-client/src/main/java/stroom/annotation/client/CommentEditViewImpl.java,stroom-core-client,client,annotation,ViewImpl,java,Screen/Dialog,Annotation,todo,
stroom-core-client/src/main/java/stroom/annotation/client/CreateAnnotationEvent.java,stroom-core-client,client,annotation,Event,java,Screen/Dialog,Annotation,todo,
stroom-core-client/src/main/java/stroom/annotation/client/DurationLabel.java,stroom-core-client,client,annotation,,java,Screen/Dialog,Annotation,todo,
stroom-core-client/src/main/java/stroom/annotation/client/DurationPresenter.java,stroom-core-client,client,annotation,Presenter,java,Screen/Dialog,Annotation,todo,
stroom-core-client/src/main/java/stroom/annotation/client/DurationViewImpl.java,stroom-core-client,client,annotation,ViewImpl,java,Screen/Dialog,Annotation,todo,
stroom-core-client/src/main/java/stroom/annotation/client/EditAnnotationEvent.java,stroom-core-client,client,annotation,Event,java,Screen/Dialog,Annotation,todo,
stroom-core-client/src/main/java/stroom/annotation/client/FindAnnotationCell.java,stroom-core-client,client,annotation,Cell,java,Widget,Data / Cells,todo,
stroom-core-client/src/main/java/stroom/annotation/client/FindAnnotationListPresenter.java,stroom-core-client,client,annotation,Presenter,java,Screen/Dialog,Annotation,todo,
stroom-core-client/src/main/java/stroom/annotation/client/FindAnnotationPresenter.java,stroom-core-client,client,annotation,Presenter,java,Screen/Dialog,Annotation,todo,
stroom-core-client/src/main/java/stroom/annotation/client/LinkedEventPresenter.java,stroom-core-client,client,annotation,Presenter,java,Screen/Dialog,Annotation,todo,
stroom-core-client/src/main/java/stroom/annotation/client/LinkedEventViewImpl.java,stroom-core-client,client,annotation,ViewImpl,java,Screen/Dialog,Annotation,todo,
stroom-core-client/src/main/java/stroom/annotation/client/Lozenge.java,stroom-core-client,client,annotation,,java,Screen/Dialog,Annotation,todo,
stroom-core-client/src/main/java/stroom/annotation/client/MultiChooserPresenter.java,stroom-core-client,client,annotation,Presenter,java,Screen/Dialog,Annotation,todo,
stroom-core-client/src/main/java/stroom/annotation/client/SettingBlock.java,stroom-core-client,client,annotation,,java,Screen/Dialog,Annotation,todo,
stroom-core-client/src/main/java/stroom/annotation/client/ShowFindAnnotationEvent.java,stroom-core-client,client,annotation,Event,java,Screen/Dialog,Annotation,todo,
stroom-core-client/src/main/java/stroom/annotation/client/gin/AnnotationGinjector.java,stroom-core-client,client,annotation,Ginjector,java,Framework,Dependency injection (GIN wiring),n/a,
stroom-core-client/src/main/java/stroom/annotation/client/gin/AnnotationModule.java,stroom-core-client,client,annotation,Module,java,Framework,Dependency injection (GIN wiring),n/a,
stroom-core-client/src/main/java/stroom/aws/s3/client/S3ConfigPlugin.java,stroom-core-client,client,aws,Plugin,java,Screen/Dialog,AWS / S3,todo,
stroom-core-client/src/main/java/stroom/aws/s3/client/gin/S3ConfigGinjector.java,stroom-core-client,client,aws,Ginjector,java,Framework,Dependency injection (GIN wiring),n/a,
stroom-core-client/src/main/java/stroom/aws/s3/client/gin/S3ConfigModule.java,stroom-core-client,client,aws,Module,java,Framework,Dependency injection (GIN wiring),n/a,
stroom-core-client/src/main/java/stroom/aws/s3/client/presenter/S3ConfigPresenter.java,stroom-core-client,client,aws,Presenter,java,Screen/Dialog,AWS / S3,todo,
stroom-core-client/src/main/java/stroom/cache/client/CacheMonitoringPlugin.java,stroom-core-client,client,cache,Plugin,java,Screen/Dialog,Cache,todo,
stroom-core-client/src/main/java/stroom/cache/client/gin/CacheGinjector.java,stroom-core-client,client,cache,Ginjector,java,Framework,Dependency injection (GIN wiring),n/a,
stroom-core-client/src/main/java/stroom/cache/client/gin/CacheModule.java,stroom-core-client,client,cache,Module,java,Framework,Dependency injection (GIN wiring),n/a,
stroom-core-client/src/main/java/stroom/cache/client/presenter/CacheListPresenter.java,stroom-core-client,client,cache,Presenter,java,Screen/Dialog,Cache,todo,
stroom-core-client/src/main/java/stroom/cache/client/presenter/CacheNodeListPresenter.java,stroom-core-client,client,cache,Presenter,java,Screen/Dialog,Cache,todo,
stroom-core-client/src/main/java/stroom/cache/client/presenter/CachePresenter.java,stroom-core-client,client,cache,Presenter,java,Screen/Dialog,Cache,todo,
stroom-core-client/src/main/java/stroom/cache/client/view/CacheViewImpl.java,stroom-core-client,client,cache,ViewImpl,java,Screen/Dialog,Cache,todo,
stroom-core-client/src/main/java/stroom/config/global/client/presenter/ClusterValuesRow.java,stroom-core-client,client,config,,java,Screen/Dialog,Config / properties,todo,
stroom-core-client/src/main/java/stroom/config/global/client/presenter/ClusterValuesTreeAction.java,stroom-core-client,client,config,,java,Screen/Dialog,Config / properties,todo,
stroom-core-client/src/main/java/stroom/config/global/client/presenter/ConfigDefaultSetter.java,stroom-core-client,client,config,,java,Screen/Dialog,Config / properties,todo,
stroom-core-client/src/main/java/stroom/config/global/client/presenter/ConfigPropertyClusterValuesListPresenter.java,stroom-core-client,client,config,Presenter,java,Screen/Dialog,Config / properties,todo,
stroom-core-client/src/main/java/stroom/config/global/client/presenter/ConfigPropertyClusterValuesPresenter.java,stroom-core-client,client,config,Presenter,java,Screen/Dialog,Config / properties,todo,
stroom-core-client/src/main/java/stroom/config/global/client/presenter/ConfigPropertyClusterValuesUiHandlers.java,stroom-core-client,client,config,UiHandlers,java,Screen/Dialog,Config / properties,todo,
stroom-core-client/src/main/java/stroom/config/global/client/presenter/ErrorEvent.java,stroom-core-client,client,config,Event,java,Screen/Dialog,Config / properties,todo,
stroom-core-client/src/main/java/stroom/config/global/client/presenter/GlobalPropertyTabPresenter.java,stroom-core-client,client,config,Presenter,java,Screen/Dialog,Config / properties,todo,
stroom-core-client/src/main/java/stroom/config/global/client/presenter/ListDataProvider.java,stroom-core-client,client,config,Provider,java,Framework,Dependency injection (GIN wiring),n/a,
stroom-core-client/src/main/java/stroom/config/global/client/presenter/ManageGlobalPropertyEditPresenter.java,stroom-core-client,client,config,Presenter,java,Screen/Dialog,Config / properties,todo,
stroom-core-client/src/main/java/stroom/config/global/client/presenter/ManageGlobalPropertyEditUiHandlers.java,stroom-core-client,client,config,UiHandlers,java,Screen/Dialog,Config / properties,todo,
stroom-core-client/src/main/java/stroom/config/global/client/presenter/ManageGlobalPropertyListPresenter.java,stroom-core-client,client,config,Presenter,java,Screen/Dialog,Config / properties,todo,
stroom-core-client/src/main/java/stroom/config/global/client/presenter/ManageGlobalPropertyUiHandlers.java,stroom-core-client,client,config,UiHandlers,java,Screen/Dialog,Config / properties,todo,
stroom-core-client/src/main/java/stroom/config/global/client/presenter/NodeSource.java,stroom-core-client,client,config,,java,Screen/Dialog,Config / properties,todo,
stroom-core-client/src/main/java/stroom/config/global/client/view/ConfigPropertyClusterValuesViewImpl.java,stroom-core-client,client,config,ViewImpl,java,Screen/Dialog,Config / properties,todo,
stroom-core-client/src/main/java/stroom/config/global/client/view/GlobalPropertyEditViewImpl.java,stroom-core-client,client,config,ViewImpl,java,Screen/Dialog,Config / properties,todo,
stroom-core-client/src/main/java/stroom/config/global/client/view/GlobalPropertyTabViewImpl.java,stroom-core-client,client,config,ViewImpl,java,Screen/Dialog,Config / properties,todo,
stroom-core-client/src/main/java/stroom/content/client/ContentPlugin.java,stroom-core-client,client,content,Plugin,java,Shared Screen/Dialog,Content,todo,
stroom-core-client/src/main/java/stroom/content/client/event/CloseContentTabEvent.java,stroom-core-client,client,content,Event,java,Shared Screen/Dialog,Content,todo,
stroom-core-client/src/main/java/stroom/content/client/event/ContentTabSelectionChangeEvent.java,stroom-core-client,client,content,Event,java,Shared Screen/Dialog,Content,todo,
stroom-core-client/src/main/java/stroom/content/client/event/MoveContentTabEvent.java,stroom-core-client,client,content,Event,java,Shared Screen/Dialog,Content,todo,
stroom-core-client/src/main/java/stroom/content/client/event/OpenContentTabEvent.java,stroom-core-client,client,content,Event,java,Shared Screen/Dialog,Content,todo,
stroom-core-client/src/main/java/stroom/content/client/event/RefreshContentTabEvent.java,stroom-core-client,client,content,Event,java,Shared Screen/Dialog,Content,todo,
stroom-core-client/src/main/java/stroom/content/client/event/RefreshCurrentContentTabEvent.java,stroom-core-client,client,content,Event,java,Shared Screen/Dialog,Content,todo,
stroom-core-client/src/main/java/stroom/content/client/event/SelectContentTabEvent.java,stroom-core-client,client,content,Event,java,Shared Screen/Dialog,Content,todo,
stroom-core-client/src/main/java/stroom/content/client/presenter/ContentTabPanePresenter.java,stroom-core-client,client,content,Presenter,java,Shared Screen/Dialog,Content,todo,
stroom-core-client/src/main/java/stroom/content/client/presenter/ContentTabPresenter.java,stroom-core-client,client,content,Presenter,java,Shared Screen/Dialog,Content,todo,
stroom-core-client/src/main/java/stroom/contentstore/client/ContentStorePlugin.java,stroom-core-client,client,contentstore,Plugin,java,Screen/Dialog,Content store,todo,
stroom-core-client/src/main/java/stroom/contentstore/client/gin/ContentStoreModule.java,stroom-core-client,client,contentstore,Module,java,Framework,Dependency injection (GIN wiring),n/a,
stroom-core-client/src/main/java/stroom/contentstore/client/presenter/ContentStoreContentPackDetailsPresenter.java,stroom-core-client,client,contentstore,Presenter,java,Screen/Dialog,Content store,todo,
stroom-core-client/src/main/java/stroom/contentstore/client/presenter/ContentStoreContentPackListPresenter.java,stroom-core-client,client,contentstore,Presenter,java,Screen/Dialog,Content store,todo,
stroom-core-client/src/main/java/stroom/contentstore/client/presenter/ContentStorePresenter.java,stroom-core-client,client,contentstore,Presenter,java,Screen/Dialog,Content store,todo,
stroom-core-client/src/main/java/stroom/contentstore/client/presenter/ImageTagUtil.java,stroom-core-client,client,contentstore,Util,java,Utility,Content store,todo,
stroom-core-client/src/main/java/stroom/contentstore/client/presenter/SvgIconCell.java,stroom-core-client,client,contentstore,Cell,java,Widget,Data / Cells,todo,
stroom-core-client/src/main/java/stroom/contentstore/client/view/ContentStoreViewImpl.java,stroom-core-client,client,contentstore,ViewImpl,java,Screen/Dialog,Content store,todo,
stroom-core-client/src/main/java/stroom/core/client/ContentManager.java,stroom-core-client,client,core,Manager,java,Framework,Application shell,todo,
stroom-core-client/src/main/java/stroom/core/client/HasSave.java,stroom-core-client,client,core,,java,Framework,Application shell,todo,
stroom-core-client/src/main/java/stroom/core/client/HasSaveRegistry.java,stroom-core-client,client,core,,java,Framework,Application shell,todo,
stroom-core-client/src/main/java/stroom/core/client/KeyboardInterceptor.java,stroom-core-client,client,core,,java,Framework,Application shell,todo,
stroom-core-client/src/main/java/stroom/core/client/LocationManager.java,stroom-core-client,client,core,Manager,java,Framework,Application shell,todo,
stroom-core-client/src/main/java/stroom/core/client/MenuKeys.java,stroom-core-client,client,core,,java,Framework,Application shell,todo,
stroom-core-client/src/main/java/stroom/core/client/NameTokens.java,stroom-core-client,client,core,,java,Framework,Application shell,todo,
stroom-core-client/src/main/java/stroom/core/client/TabPlugin.java,stroom-core-client,client,core,Plugin,java,Framework,Plugins (doc-type / menu registration),todo,
stroom-core-client/src/main/java/stroom/core/client/UrlParameters.java,stroom-core-client,client,core,,java,Framework,Application shell,todo,
stroom-core-client/src/main/java/stroom/core/client/event/CloseContentEvent.java,stroom-core-client,client,core,Event,java,Framework,Client events (event bus),n/a,
stroom-core-client/src/main/java/stroom/core/client/event/DirtyKeyDownHander.java,stroom-core-client,client,core,,java,Framework,Application shell,todo,
stroom-core-client/src/main/java/stroom/core/client/event/ShowFullScreenEvent.java,stroom-core-client,client,core,Event,java,Framework,Client events (event bus),n/a,
stroom-core-client/src/main/java/stroom/core/client/event/WindowCloseEvent.java,stroom-core-client,client,core,Event,java,Framework,Client events (event bus),n/a,
stroom-core-client/src/main/java/stroom/core/client/gin/InactivePlaceManager.java,stroom-core-client,client,core,Manager,java,Framework,Application shell,todo,
stroom-core-client/src/main/java/stroom/core/client/gin/PluginModule.java,stroom-core-client,client,core,Module,java,Framework,Dependency injection (GIN wiring),n/a,
stroom-core-client/src/main/java/stroom/core/client/messages/ErrorMessageTemplates.java,stroom-core-client,client,core,,java,Framework,Application shell,todo,
stroom-core-client/src/main/java/stroom/core/client/presenter/CorePresenter.java,stroom-core-client,client,core,Presenter,java,Framework,Application shell,todo,
stroom-core-client/src/main/java/stroom/core/client/presenter/FullScreenPresenter.java,stroom-core-client,client,core,Presenter,java,Framework,Application shell,todo,
stroom-core-client/src/main/java/stroom/core/client/presenter/MonitoringPlugin.java,stroom-core-client,client,core,Plugin,java,Framework,Plugins (doc-type / menu registration),todo,
stroom-core-client/src/main/java/stroom/core/client/presenter/Plugin.java,stroom-core-client,client,core,Plugin,java,Framework,Plugins (doc-type / menu registration),todo,
stroom-core-client/src/main/java/stroom/core/client/view/CoreViewImpl.java,stroom-core-client,client,core,ViewImpl,java,Framework,Application shell,todo,
stroom-core-client/src/main/java/stroom/core/client/view/FullScreenViewImpl.java,stroom-core-client,client,core,ViewImpl,java,Framework,Application shell,todo,
stroom-core-client/src/main/java/stroom/credentials/client/CredentialsPlugin.java,stroom-core-client,client,credentials,Plugin,java,Screen/Dialog,Credentials,todo,
stroom-core-client/src/main/java/stroom/credentials/client/gin/CredentialsGinjector.java,stroom-core-client,client,credentials,Ginjector,java,Framework,Dependency injection (GIN wiring),n/a,
stroom-core-client/src/main/java/stroom/credentials/client/gin/CredentialsModule.java,stroom-core-client,client,credentials,Module,java,Framework,Dependency injection (GIN wiring),n/a,
stroom-core-client/src/main/java/stroom/credentials/client/presenter/AccessTokenSecretPresenter.java,stroom-core-client,client,credentials,Presenter,java,Screen/Dialog,Credentials,todo,
stroom-core-client/src/main/java/stroom/credentials/client/presenter/CredentialClient.java,stroom-core-client,client,credentials,Client,java,Screen/Dialog,Credentials,todo,
stroom-core-client/src/main/java/stroom/credentials/client/presenter/CredentialEditPresenter.java,stroom-core-client,client,credentials,Presenter,java,Screen/Dialog,Credentials,todo,
stroom-core-client/src/main/java/stroom/credentials/client/presenter/CredentialListModel.java,stroom-core-client,client,credentials,Model,java,Screen/Dialog,Credentials,todo,
stroom-core-client/src/main/java/stroom/credentials/client/presenter/CredentialSettingsPresenter.java,stroom-core-client,client,credentials,Presenter,java,Screen/Dialog,Credentials,todo,
stroom-core-client/src/main/java/stroom/credentials/client/presenter/CredentialSettingsUiHandlers.java,stroom-core-client,client,credentials,UiHandlers,java,Screen/Dialog,Credentials,todo,
stroom-core-client/src/main/java/stroom/credentials/client/presenter/CredentialsListPresenter.java,stroom-core-client,client,credentials,Presenter,java,Screen/Dialog,Credentials,todo,
stroom-core-client/src/main/java/stroom/credentials/client/presenter/CredentialsManagerDialogPresenter.java,stroom-core-client,client,credentials,Presenter,java,Screen/Dialog,Credentials,todo,
stroom-core-client/src/main/java/stroom/credentials/client/presenter/CredentialsManagerDialogUiHandlers.java,stroom-core-client,client,credentials,UiHandlers,java,Screen/Dialog,Credentials,todo,
stroom-core-client/src/main/java/stroom/credentials/client/presenter/CredentialsPresenter.java,stroom-core-client,client,credentials,Presenter,java,Screen/Dialog,Credentials,todo,
stroom-core-client/src/main/java/stroom/credentials/client/presenter/KeyStoreSecretPresenter.java,stroom-core-client,client,credentials,Presenter,java,Screen/Dialog,Credentials,todo,
stroom-core-client/src/main/java/stroom/credentials/client/presenter/SecretPresenter.java,stroom-core-client,client,credentials,Presenter,java,Screen/Dialog,Credentials,todo,
stroom-core-client/src/main/java/stroom/credentials/client/presenter/SshKeySecretPresenter.java,stroom-core-client,client,credentials,Presenter,java,Screen/Dialog,Credentials,todo,
stroom-core-client/src/main/java/stroom/credentials/client/presenter/UsernamePasswordSecretPresenter.java,stroom-core-client,client,credentials,Presenter,java,Screen/Dialog,Credentials,todo,
stroom-core-client/src/main/java/stroom/credentials/client/view/AccessTokenSecretViewImpl.java,stroom-core-client,client,credentials,ViewImpl,java,Screen/Dialog,Credentials,todo,
stroom-core-client/src/main/java/stroom/credentials/client/view/CredentialSettingsViewImpl.java,stroom-core-client,client,credentials,ViewImpl,java,Screen/Dialog,Credentials,todo,
stroom-core-client/src/main/java/stroom/credentials/client/view/CredentialsManagerViewImpl.java,stroom-core-client,client,credentials,ViewImpl,java,Screen/Dialog,Credentials,todo,
stroom-core-client/src/main/java/stroom/credentials/client/view/CredentialsViewImpl.java,stroom-core-client,client,credentials,ViewImpl,java,Screen/Dialog,Credentials,todo,
stroom-core-client/src/main/java/stroom/credentials/client/view/KeyStoreSecretViewImpl.java,stroom-core-client,client,credentials,ViewImpl,java,Screen/Dialog,Credentials,todo,
stroom-core-client/src/main/java/stroom/credentials/client/view/SshKeySecretViewImpl.java,stroom-core-client,client,credentials,ViewImpl,java,Screen/Dialog,Credentials,todo,
stroom-core-client/src/main/java/stroom/credentials/client/view/UsernamePasswordSecretViewImpl.java,stroom-core-client,client,credentials,ViewImpl,java,Screen/Dialog,Credentials,todo,
stroom-core-client/src/main/java/stroom/dashboard/client/DashboardPlugin.java,stroom-core-client,client,dashboard,Plugin,java,Screen/Dialog,Dashboard,todo,
stroom-core-client/src/main/java/stroom/dashboard/client/embeddedquery/BasicEmbeddedQuerySettingsPresenter.java,stroom-core-client,client,dashboard,Presenter,java,Screen/Dialog,Dashboard,todo,
stroom-core-client/src/main/java/stroom/dashboard/client/embeddedquery/BasicEmbeddedQuerySettingsUiHandlers.java,stroom-core-client,client,dashboard,UiHandlers,java,Screen/Dialog,Dashboard,todo,
stroom-core-client/src/main/java/stroom/dashboard/client/embeddedquery/BasicEmbeddedQuerySettingsViewImpl.java,stroom-core-client,client,dashboard,ViewImpl,java,Screen/Dialog,Dashboard,todo,
stroom-core-client/src/main/java/stroom/dashboard/client/embeddedquery/EmbeddedQueryPlugin.java,stroom-core-client,client,dashboard,Plugin,java,Screen/Dialog,Dashboard,todo,
stroom-core-client/src/main/java/stroom/dashboard/client/embeddedquery/EmbeddedQueryPresenter.java,stroom-core-client,client,dashboard,Presenter,java,Screen/Dialog,Dashboard,todo,
stroom-core-client/src/main/java/stroom/dashboard/client/embeddedquery/EmbeddedQuerySettingsPresenter.java,stroom-core-client,client,dashboard,Presenter,java,Screen/Dialog,Dashboard,todo,
stroom-core-client/src/main/java/stroom/dashboard/client/embeddedquery/EmbeddedQueryViewImpl.java,stroom-core-client,client,dashboard,ViewImpl,java,Screen/Dialog,Dashboard,todo,
stroom-core-client/src/main/java/stroom/dashboard/client/embeddedquery/gin/EmbeddedQueryGinjector.java,stroom-core-client,client,dashboard,Ginjector,java,Framework,Dependency injection (GIN wiring),n/a,
stroom-core-client/src/main/java/stroom/dashboard/client/embeddedquery/gin/EmbeddedQueryModule.java,stroom-core-client,client,dashboard,Module,java,Framework,Dependency injection (GIN wiring),n/a,
stroom-core-client/src/main/java/stroom/dashboard/client/event/ReopenResultStoreEvent.java,stroom-core-client,client,dashboard,Event,java,Screen/Dialog,Dashboard,todo,
stroom-core-client/src/main/java/stroom/dashboard/client/flexlayout/FlexLayout.java,stroom-core-client,client,dashboard,,java,Screen/Dialog,Dashboard,todo,
stroom-core-client/src/main/java/stroom/dashboard/client/flexlayout/FlexLayoutChangeHandler.java,stroom-core-client,client,dashboard,Handler,java,Screen/Dialog,Dashboard,todo,
stroom-core-client/src/main/java/stroom/dashboard/client/flexlayout/MutableLayoutConfig.java,stroom-core-client,client,dashboard,Config,java,Screen/Dialog,Dashboard,todo,
stroom-core-client/src/main/java/stroom/dashboard/client/flexlayout/MutableSize.java,stroom-core-client,client,dashboard,,java,Screen/Dialog,Dashboard,todo,
stroom-core-client/src/main/java/stroom/dashboard/client/flexlayout/MutableSplitLayoutConfig.java,stroom-core-client,client,dashboard,Config,java,Screen/Dialog,Dashboard,todo,
stroom-core-client/src/main/java/stroom/dashboard/client/flexlayout/MutableTabConfig.java,stroom-core-client,client,dashboard,Config,java,Screen/Dialog,Dashboard,todo,
stroom-core-client/src/main/java/stroom/dashboard/client/flexlayout/MutableTabLayoutConfig.java,stroom-core-client,client,dashboard,Config,java,Screen/Dialog,Dashboard,todo,
stroom-core-client/src/main/java/stroom/dashboard/client/flexlayout/PositionAndSize.java,stroom-core-client,client,dashboard,,java,Screen/Dialog,Dashboard,todo,
stroom-core-client/src/main/java/stroom/dashboard/client/flexlayout/Splitter.java,stroom-core-client,client,dashboard,,java,Screen/Dialog,Dashboard,todo,
stroom-core-client/src/main/java/stroom/dashboard/client/flexlayout/TabLayout.java,stroom-core-client,client,dashboard,,java,Screen/Dialog,Dashboard,todo,
stroom-core-client/src/main/java/stroom/dashboard/client/gin/DashboardGinjector.java,stroom-core-client,client,dashboard,Ginjector,java,Framework,Dependency injection (GIN wiring),n/a,
stroom-core-client/src/main/java/stroom/dashboard/client/gin/DashboardModule.java,stroom-core-client,client,dashboard,Module,java,Framework,Dependency injection (GIN wiring),n/a,
stroom-core-client/src/main/java/stroom/dashboard/client/input/BasicKeyValueInputSettingsPresenter.java,stroom-core-client,client,dashboard,Presenter,java,Screen/Dialog,Dashboard,todo,
stroom-core-client/src/main/java/stroom/dashboard/client/input/BasicKeyValueInputSettingsViewImpl.java,stroom-core-client,client,dashboard,ViewImpl,java,Screen/Dialog,Dashboard,todo,
stroom-core-client/src/main/java/stroom/dashboard/client/input/BasicListInputSettingsPresenter.java,stroom-core-client,client,dashboard,Presenter,java,Screen/Dialog,Dashboard,todo,
stroom-core-client/src/main/java/stroom/dashboard/client/input/BasicListInputSettingsViewImpl.java,stroom-core-client,client,dashboard,ViewImpl,java,Screen/Dialog,Dashboard,todo,
stroom-core-client/src/main/java/stroom/dashboard/client/input/BasicTableFilterSettingsPresenter.java,stroom-core-client,client,dashboard,Presenter,java,Screen/Dialog,Dashboard,todo,
stroom-core-client/src/main/java/stroom/dashboard/client/input/BasicTableFilterSettingsUiHandlers.java,stroom-core-client,client,dashboard,UiHandlers,java,Screen/Dialog,Dashboard,todo,
stroom-core-client/src/main/java/stroom/dashboard/client/input/BasicTableFilterSettingsViewImpl.java,stroom-core-client,client,dashboard,ViewImpl,java,Screen/Dialog,Dashboard,todo,
stroom-core-client/src/main/java/stroom/dashboard/client/input/BasicTextInputSettingsPresenter.java,stroom-core-client,client,dashboard,Presenter,java,Screen/Dialog,Dashboard,todo,
stroom-core-client/src/main/java/stroom/dashboard/client/input/BasicTextInputSettingsViewImpl.java,stroom-core-client,client,dashboard,ViewImpl,java,Screen/Dialog,Dashboard,todo,
stroom-core-client/src/main/java/stroom/dashboard/client/input/ColumnSelectionPresenter.java,stroom-core-client,client,dashboard,Presenter,java,Screen/Dialog,Dashboard,todo,
stroom-core-client/src/main/java/stroom/dashboard/client/input/ColumnValueRowStyles.java,stroom-core-client,client,dashboard,,java,Screen/Dialog,Dashboard,todo,
stroom-core-client/src/main/java/stroom/dashboard/client/input/FilterableTable.java,stroom-core-client,client,dashboard,,java,Screen/Dialog,Dashboard,todo,
stroom-core-client/src/main/java/stroom/dashboard/client/input/KeyValueInputPlugin.java,stroom-core-client,client,dashboard,Plugin,java,Screen/Dialog,Dashboard,todo,
stroom-core-client/src/main/java/stroom/dashboard/client/input/KeyValueInputPresenter.java,stroom-core-client,client,dashboard,Presenter,java,Screen/Dialog,Dashboard,todo,
stroom-core-client/src/main/java/stroom/dashboard/client/input/KeyValueInputSettingsPresenter.java,stroom-core-client,client,dashboard,Presenter,java,Screen/Dialog,Dashboard,todo,
stroom-core-client/src/main/java/stroom/dashboard/client/input/KeyValueInputUiHandlers.java,stroom-core-client,client,dashboard,UiHandlers,java,Screen/Dialog,Dashboard,todo,
stroom-core-client/src/main/java/stroom/dashboard/client/input/KeyValueInputViewImpl.java,stroom-core-client,client,dashboard,ViewImpl,java,Screen/Dialog,Dashboard,todo,
stroom-core-client/src/main/java/stroom/dashboard/client/input/ListInputPlugin.java,stroom-core-client,client,dashboard,Plugin,java,Screen/Dialog,Dashboard,todo,
stroom-core-client/src/main/java/stroom/dashboard/client/input/ListInputPresenter.java,stroom-core-client,client,dashboard,Presenter,java,Screen/Dialog,Dashboard,todo,
stroom-core-client/src/main/java/stroom/dashboard/client/input/ListInputSettingsPresenter.java,stroom-core-client,client,dashboard,Presenter,java,Screen/Dialog,Dashboard,todo,
stroom-core-client/src/main/java/stroom/dashboard/client/input/ListInputUiHandlers.java,stroom-core-client,client,dashboard,UiHandlers,java,Screen/Dialog,Dashboard,todo,
stroom-core-client/src/main/java/stroom/dashboard/client/input/ListInputViewImpl.java,stroom-core-client,client,dashboard,ViewImpl,java,Screen/Dialog,Dashboard,todo,
stroom-core-client/src/main/java/stroom/dashboard/client/input/MultiRulesPresenter.java,stroom-core-client,client,dashboard,Presenter,java,Screen/Dialog,Dashboard,todo,
stroom-core-client/src/main/java/stroom/dashboard/client/input/MultiRulesViewImpl.java,stroom-core-client,client,dashboard,ViewImpl,java,Screen/Dialog,Dashboard,todo,
stroom-core-client/src/main/java/stroom/dashboard/client/input/TableFilterPlugin.java,stroom-core-client,client,dashboard,Plugin,java,Screen/Dialog,Dashboard,todo,
stroom-core-client/src/main/java/stroom/dashboard/client/input/TableFilterPresenter.java,stroom-core-client,client,dashboard,Presenter,java,Screen/Dialog,Dashboard,todo,
stroom-core-client/src/main/java/stroom/dashboard/client/input/TableFilterSettingsPresenter.java,stroom-core-client,client,dashboard,Presenter,java,Screen/Dialog,Dashboard,todo,
stroom-core-client/src/main/java/stroom/dashboard/client/input/TableFilterViewImpl.java,stroom-core-client,client,dashboard,ViewImpl,java,Screen/Dialog,Dashboard,todo,
stroom-core-client/src/main/java/stroom/dashboard/client/input/TextInputPlugin.java,stroom-core-client,client,dashboard,Plugin,java,Screen/Dialog,Dashboard,todo,
stroom-core-client/src/main/java/stroom/dashboard/client/input/TextInputPresenter.java,stroom-core-client,client,dashboard,Presenter,java,Screen/Dialog,Dashboard,todo,
stroom-core-client/src/main/java/stroom/dashboard/client/input/TextInputSettingsPresenter.java,stroom-core-client,client,dashboard,Presenter,java,Screen/Dialog,Dashboard,todo,
stroom-core-client/src/main/java/stroom/dashboard/client/input/TextInputUiHandlers.java,stroom-core-client,client,dashboard,UiHandlers,java,Screen/Dialog,Dashboard,todo,
stroom-core-client/src/main/java/stroom/dashboard/client/input/TextInputViewImpl.java,stroom-core-client,client,dashboard,ViewImpl,java,Screen/Dialog,Dashboard,todo,
stroom-core-client/src/main/java/stroom/dashboard/client/input/gin/InputGinjector.java,stroom-core-client,client,dashboard,Ginjector,java,Framework,Dependency injection (GIN wiring),n/a,
stroom-core-client/src/main/java/stroom/dashboard/client/input/gin/InputModule.java,stroom-core-client,client,dashboard,Module,java,Framework,Dependency injection (GIN wiring),n/a,
stroom-core-client/src/main/java/stroom/dashboard/client/main/AbstractComponentPresenter.java,stroom-core-client,client,dashboard,Presenter,java,Screen/Dialog,Dashboard,todo,
stroom-core-client/src/main/java/stroom/dashboard/client/main/AbstractRefreshableComponentPresenter.java,stroom-core-client,client,dashboard,Presenter,java,Screen/Dialog,Dashboard,todo,
stroom-core-client/src/main/java/stroom/dashboard/client/main/AbstractSettingsTabPresenter.java,stroom-core-client,client,dashboard,Presenter,java,Screen/Dialog,Dashboard,todo,
stroom-core-client/src/main/java/stroom/dashboard/client/main/BasicSettingsTabPresenter.java,stroom-core-client,client,dashboard,Presenter,java,Screen/Dialog,Dashboard,todo,
stroom-core-client/src/main/java/stroom/dashboard/client/main/BasicSettingsView.java,stroom-core-client,client,dashboard,View,java,Screen/Dialog,Dashboard,todo,
stroom-core-client/src/main/java/stroom/dashboard/client/main/Component.java,stroom-core-client,client,dashboard,,java,Screen/Dialog,Dashboard,todo,
stroom-core-client/src/main/java/stroom/dashboard/client/main/ComponentChangeEvent.java,stroom-core-client,client,dashboard,Event,java,Screen/Dialog,Dashboard,todo,
stroom-core-client/src/main/java/stroom/dashboard/client/main/ComponentDataModifier.java,stroom-core-client,client,dashboard,,java,Screen/Dialog,Dashboard,todo,
stroom-core-client/src/main/java/stroom/dashboard/client/main/ComponentRegistry.java,stroom-core-client,client,dashboard,,java,Screen/Dialog,Dashboard,todo,
stroom-core-client/src/main/java/stroom/dashboard/client/main/Components.java,stroom-core-client,client,dashboard,,java,Screen/Dialog,Dashboard,todo,
stroom-core-client/src/main/java/stroom/dashboard/client/main/DashboardContext.java,stroom-core-client,client,dashboard,,java,Screen/Dialog,Dashboard,todo,
stroom-core-client/src/main/java/stroom/dashboard/client/main/DashboardContextChangeEvent.java,stroom-core-client,client,dashboard,Event,java,Screen/Dialog,Dashboard,todo,
stroom-core-client/src/main/java/stroom/dashboard/client/main/DashboardContextImpl.java,stroom-core-client,client,dashboard,,java,Screen/Dialog,Dashboard,todo,
stroom-core-client/src/main/java/stroom/dashboard/client/main/DashboardPresenter.java,stroom-core-client,client,dashboard,Presenter,java,Screen/Dialog,Dashboard,todo,
stroom-core-client/src/main/java/stroom/dashboard/client/main/DashboardSuperPresenter.java,stroom-core-client,client,dashboard,Presenter,java,Screen/Dialog,Dashboard,todo,
stroom-core-client/src/main/java/stroom/dashboard/client/main/DashboardViewImpl.java,stroom-core-client,client,dashboard,ViewImpl,java,Screen/Dialog,Dashboard,todo,
stroom-core-client/src/main/java/stroom/dashboard/client/main/HasParams.java,stroom-core-client,client,dashboard,,java,Screen/Dialog,Dashboard,todo,
stroom-core-client/src/main/java/stroom/dashboard/client/main/IndexLoader.java,stroom-core-client,client,dashboard,,java,Screen/Dialog,Dashboard,todo,
stroom-core-client/src/main/java/stroom/dashboard/client/main/LayoutConstraintPresenter.java,stroom-core-client,client,dashboard,Presenter,java,Screen/Dialog,Dashboard,todo,
stroom-core-client/src/main/java/stroom/dashboard/client/main/LayoutConstraintViewImpl.java,stroom-core-client,client,dashboard,ViewImpl,java,Screen/Dialog,Dashboard,todo,
stroom-core-client/src/main/java/stroom/dashboard/client/main/MutableConfigUtil.java,stroom-core-client,client,dashboard,Util,java,Utility,Dashboard,todo,
stroom-core-client/src/main/java/stroom/dashboard/client/main/Queryable.java,stroom-core-client,client,dashboard,,java,Screen/Dialog,Dashboard,todo,
stroom-core-client/src/main/java/stroom/dashboard/client/main/Refreshable.java,stroom-core-client,client,dashboard,,java,Screen/Dialog,Dashboard,todo,
stroom-core-client/src/main/java/stroom/dashboard/client/main/RenameTabPresenter.java,stroom-core-client,client,dashboard,Presenter,java,Screen/Dialog,Dashboard,todo,
stroom-core-client/src/main/java/stroom/dashboard/client/main/RenameTabViewImpl.java,stroom-core-client,client,dashboard,ViewImpl,java,Screen/Dialog,Dashboard,todo,
stroom-core-client/src/main/java/stroom/dashboard/client/main/ResultComponent.java,stroom-core-client,client,dashboard,,java,Screen/Dialog,Dashboard,todo,
stroom-core-client/src/main/java/stroom/dashboard/client/main/SearchEndEvent.java,stroom-core-client,client,dashboard,Event,java,Screen/Dialog,Dashboard,todo,
stroom-core-client/src/main/java/stroom/dashboard/client/main/SearchModel.java,stroom-core-client,client,dashboard,Model,java,Screen/Dialog,Dashboard,todo,
stroom-core-client/src/main/java/stroom/dashboard/client/main/SearchStartEvent.java,stroom-core-client,client,dashboard,Event,java,Screen/Dialog,Dashboard,todo,
stroom-core-client/src/main/java/stroom/dashboard/client/main/SettingsPresenter.java,stroom-core-client,client,dashboard,Presenter,java,Screen/Dialog,Dashboard,todo,
stroom-core-client/src/main/java/stroom/dashboard/client/main/TabManager.java,stroom-core-client,client,dashboard,Manager,java,Screen/Dialog,Dashboard,todo,
stroom-core-client/src/main/java/stroom/dashboard/client/main/UniqueUtil.java,stroom-core-client,client,dashboard,Util,java,Utility,Dashboard,todo,
stroom-core-client/src/main/java/stroom/dashboard/client/query/BasicQuerySettingsPresenter.java,stroom-core-client,client,dashboard,Presenter,java,Screen/Dialog,Dashboard,todo,
stroom-core-client/src/main/java/stroom/dashboard/client/query/BasicQuerySettingsViewImpl.java,stroom-core-client,client,dashboard,ViewImpl,java,Screen/Dialog,Dashboard,todo,
stroom-core-client/src/main/java/stroom/dashboard/client/query/CurrentSelectionPresenter.java,stroom-core-client,client,dashboard,Presenter,java,Screen/Dialog,Dashboard,todo,
stroom-core-client/src/main/java/stroom/dashboard/client/query/CurrentSelectionViewImpl.java,stroom-core-client,client,dashboard,ViewImpl,java,Screen/Dialog,Dashboard,todo,
stroom-core-client/src/main/java/stroom/dashboard/client/query/NamePresenter.java,stroom-core-client,client,dashboard,Presenter,java,Screen/Dialog,Dashboard,todo,
stroom-core-client/src/main/java/stroom/dashboard/client/query/NameViewImpl.java,stroom-core-client,client,dashboard,ViewImpl,java,Screen/Dialog,Dashboard,todo,
stroom-core-client/src/main/java/stroom/dashboard/client/query/ProcessorLimitsPresenter.java,stroom-core-client,client,dashboard,Presenter,java,Screen/Dialog,Dashboard,todo,
stroom-core-client/src/main/java/stroom/dashboard/client/query/ProcessorLimitsViewImpl.java,stroom-core-client,client,dashboard,ViewImpl,java,Screen/Dialog,Dashboard,todo,
stroom-core-client/src/main/java/stroom/dashboard/client/query/QueryCell.java,stroom-core-client,client,dashboard,Cell,java,Widget,Data / Cells,todo,
stroom-core-client/src/main/java/stroom/dashboard/client/query/QueryFavouritesPresenter.java,stroom-core-client,client,dashboard,Presenter,java,Screen/Dialog,Dashboard,todo,
stroom-core-client/src/main/java/stroom/dashboard/client/query/QueryFavouritesViewImpl.java,stroom-core-client,client,dashboard,ViewImpl,java,Screen/Dialog,Dashboard,todo,
stroom-core-client/src/main/java/stroom/dashboard/client/query/QueryHistoryPresenter.java,stroom-core-client,client,dashboard,Presenter,java,Screen/Dialog,Dashboard,todo,
stroom-core-client/src/main/java/stroom/dashboard/client/query/QueryHistoryViewImpl.java,stroom-core-client,client,dashboard,ViewImpl,java,Screen/Dialog,Dashboard,todo,
stroom-core-client/src/main/java/stroom/dashboard/client/query/QueryInfo.java,stroom-core-client,client,dashboard,,java,Screen/Dialog,Dashboard,todo,
stroom-core-client/src/main/java/stroom/dashboard/client/query/QueryInfoPresenter.java,stroom-core-client,client,dashboard,Presenter,java,Screen/Dialog,Dashboard,todo,
stroom-core-client/src/main/java/stroom/dashboard/client/query/QueryInfoViewImpl.java,stroom-core-client,client,dashboard,ViewImpl,java,Screen/Dialog,Dashboard,todo,
stroom-core-client/src/main/java/stroom/dashboard/client/query/QueryPlugin.java,stroom-core-client,client,dashboard,Plugin,java,Screen/Dialog,Dashboard,todo,
stroom-core-client/src/main/java/stroom/dashboard/client/query/QueryPresenter.java,stroom-core-client,client,dashboard,Presenter,java,Screen/Dialog,Dashboard,todo,
stroom-core-client/src/main/java/stroom/dashboard/client/query/QuerySettingsPresenter.java,stroom-core-client,client,dashboard,Presenter,java,Screen/Dialog,Dashboard,todo,
stroom-core-client/src/main/java/stroom/dashboard/client/query/QueryViewImpl.java,stroom-core-client,client,dashboard,ViewImpl,java,Screen/Dialog,Dashboard,todo,
stroom-core-client/src/main/java/stroom/dashboard/client/query/SelectionHandlerExpressionBuilder.java,stroom-core-client,client,dashboard,Builder,java,Screen/Dialog,Dashboard,todo,
stroom-core-client/src/main/java/stroom/dashboard/client/query/SelectionHandlerListPresenter.java,stroom-core-client,client,dashboard,Presenter,java,Screen/Dialog,Dashboard,todo,
stroom-core-client/src/main/java/stroom/dashboard/client/query/SelectionHandlerPresenter.java,stroom-core-client,client,dashboard,Presenter,java,Screen/Dialog,Dashboard,todo,
stroom-core-client/src/main/java/stroom/dashboard/client/query/SelectionHandlerViewImpl.java,stroom-core-client,client,dashboard,ViewImpl,java,Screen/Dialog,Dashboard,todo,
stroom-core-client/src/main/java/stroom/dashboard/client/query/SelectionHandlersPresenter.java,stroom-core-client,client,dashboard,Presenter,java,Screen/Dialog,Dashboard,todo,
stroom-core-client/src/main/java/stroom/dashboard/client/query/SelectionHandlersViewImpl.java,stroom-core-client,client,dashboard,ViewImpl,java,Screen/Dialog,Dashboard,todo,
stroom-core-client/src/main/java/stroom/dashboard/client/query/gin/QueryGinjector.java,stroom-core-client,client,dashboard,Ginjector,java,Framework,Dependency injection (GIN wiring),n/a,
stroom-core-client/src/main/java/stroom/dashboard/client/query/gin/QueryModule.java,stroom-core-client,client,dashboard,Module,java,Framework,Dependency injection (GIN wiring),n/a,
stroom-core-client/src/main/java/stroom/dashboard/client/table/AbstractRowStyles.java,stroom-core-client,client,dashboard,,java,Screen/Dialog,Dashboard,todo,
stroom-core-client/src/main/java/stroom/dashboard/client/table/BasicTableSettingsPresenter.java,stroom-core-client,client,dashboard,Presenter,java,Screen/Dialog,Dashboard,todo,
stroom-core-client/src/main/java/stroom/dashboard/client/table/BasicTableSettingsUihandlers.java,stroom-core-client,client,dashboard,,java,Screen/Dialog,Dashboard,todo,
stroom-core-client/src/main/java/stroom/dashboard/client/table/BasicTableSettingsViewImpl.java,stroom-core-client,client,dashboard,ViewImpl,java,Screen/Dialog,Dashboard,todo,
stroom-core-client/src/main/java/stroom/dashboard/client/table/ColumnFilterPresenter.java,stroom-core-client,client,dashboard,Presenter,java,Screen/Dialog,Dashboard,todo,
stroom-core-client/src/main/java/stroom/dashboard/client/table/ColumnFilterViewImpl.java,stroom-core-client,client,dashboard,ViewImpl,java,Screen/Dialog,Dashboard,todo,
stroom-core-client/src/main/java/stroom/dashboard/client/table/ColumnFunctionEditorPresenter.java,stroom-core-client,client,dashboard,Presenter,java,Screen/Dialog,Dashboard,todo,
stroom-core-client/src/main/java/stroom/dashboard/client/table/ColumnFunctionEditorViewImpl.java,stroom-core-client,client,dashboard,ViewImpl,java,Screen/Dialog,Dashboard,todo,
stroom-core-client/src/main/java/stroom/dashboard/client/table/ColumnValueCell.java,stroom-core-client,client,dashboard,Cell,java,Widget,Data / Cells,todo,
stroom-core-client/src/main/java/stroom/dashboard/client/table/ColumnValuesDataSupplier.java,stroom-core-client,client,dashboard,,java,Screen/Dialog,Dashboard,todo,
stroom-core-client/src/main/java/stroom/dashboard/client/table/ColumnValuesFilterPresenter.java,stroom-core-client,client,dashboard,Presenter,java,Screen/Dialog,Dashboard,todo,
stroom-core-client/src/main/java/stroom/dashboard/client/table/ColumnValuesFilterUiHandlers.java,stroom-core-client,client,dashboard,UiHandlers,java,Screen/Dialog,Dashboard,todo,
stroom-core-client/src/main/java/stroom/dashboard/client/table/ColumnValuesFilterViewImpl.java,stroom-core-client,client,dashboard,ViewImpl,java,Screen/Dialog,Dashboard,todo,
stroom-core-client/src/main/java/stroom/dashboard/client/table/ColumnsManager.java,stroom-core-client,client,dashboard,Manager,java,Screen/Dialog,Dashboard,todo,
stroom-core-client/src/main/java/stroom/dashboard/client/table/ComponentSelection.java,stroom-core-client,client,dashboard,,java,Screen/Dialog,Dashboard,todo,
stroom-core-client/src/main/java/stroom/dashboard/client/table/DownloadPresenter.java,stroom-core-client,client,dashboard,Presenter,java,Screen/Dialog,Dashboard,todo,
stroom-core-client/src/main/java/stroom/dashboard/client/table/DownloadViewImpl.java,stroom-core-client,client,dashboard,ViewImpl,java,Screen/Dialog,Dashboard,todo,
stroom-core-client/src/main/java/stroom/dashboard/client/table/ExpressionUiHandlers.java,stroom-core-client,client,dashboard,UiHandlers,java,Screen/Dialog,Dashboard,todo,
stroom-core-client/src/main/java/stroom/dashboard/client/table/FilterCell.java,stroom-core-client,client,dashboard,Cell,java,Widget,Data / Cells,todo,
stroom-core-client/src/main/java/stroom/dashboard/client/table/FilterCellManager.java,stroom-core-client,client,dashboard,Manager,java,Screen/Dialog,Dashboard,todo,
stroom-core-client/src/main/java/stroom/dashboard/client/table/FormatPresenter.java,stroom-core-client,client,dashboard,Presenter,java,Screen/Dialog,Dashboard,todo,
stroom-core-client/src/main/java/stroom/dashboard/client/table/FormatUihandlers.java,stroom-core-client,client,dashboard,,java,Screen/Dialog,Dashboard,todo,
stroom-core-client/src/main/java/stroom/dashboard/client/table/FormatViewImpl.java,stroom-core-client,client,dashboard,ViewImpl,java,Screen/Dialog,Dashboard,todo,
stroom-core-client/src/main/java/stroom/dashboard/client/table/HasComponentSelection.java,stroom-core-client,client,dashboard,,java,Screen/Dialog,Dashboard,todo,
stroom-core-client/src/main/java/stroom/dashboard/client/table/IncludeExcludeFilterDictionaryPresenter.java,stroom-core-client,client,dashboard,Presenter,java,Screen/Dialog,Dashboard,todo,
stroom-core-client/src/main/java/stroom/dashboard/client/table/IncludeExcludeFilterPresenter.java,stroom-core-client,client,dashboard,Presenter,java,Screen/Dialog,Dashboard,todo,
stroom-core-client/src/main/java/stroom/dashboard/client/table/IncludeExcludeFilterViewImpl.java,stroom-core-client,client,dashboard,ViewImpl,java,Screen/Dialog,Dashboard,todo,
stroom-core-client/src/main/java/stroom/dashboard/client/table/JsonUtil.java,stroom-core-client,client,dashboard,Util,java,Utility,Dashboard,todo,
stroom-core-client/src/main/java/stroom/dashboard/client/table/RenameColumnPresenter.java,stroom-core-client,client,dashboard,Presenter,java,Screen/Dialog,Dashboard,todo,
stroom-core-client/src/main/java/stroom/dashboard/client/table/RenameColumnViewImpl.java,stroom-core-client,client,dashboard,ViewImpl,java,Screen/Dialog,Dashboard,todo,
stroom-core-client/src/main/java/stroom/dashboard/client/table/TableCollapseButton.java,stroom-core-client,client,dashboard,,java,Screen/Dialog,Dashboard,todo,
stroom-core-client/src/main/java/stroom/dashboard/client/table/TableColumnValuesDataSupplier.java,stroom-core-client,client,dashboard,,java,Screen/Dialog,Dashboard,todo,
stroom-core-client/src/main/java/stroom/dashboard/client/table/TableExpandButton.java,stroom-core-client,client,dashboard,,java,Screen/Dialog,Dashboard,todo,
stroom-core-client/src/main/java/stroom/dashboard/client/table/TableFilterPresenter.java,stroom-core-client,client,dashboard,Presenter,java,Screen/Dialog,Dashboard,todo,
stroom-core-client/src/main/java/stroom/dashboard/client/table/TablePlugin.java,stroom-core-client,client,dashboard,Plugin,java,Screen/Dialog,Dashboard,todo,
stroom-core-client/src/main/java/stroom/dashboard/client/table/TablePresenter.java,stroom-core-client,client,dashboard,Presenter,java,Screen/Dialog,Dashboard,todo,
stroom-core-client/src/main/java/stroom/dashboard/client/table/TableRowStyles.java,stroom-core-client,client,dashboard,,java,Screen/Dialog,Dashboard,todo,
stroom-core-client/src/main/java/stroom/dashboard/client/table/TableSettingsPresenter.java,stroom-core-client,client,dashboard,Presenter,java,Screen/Dialog,Dashboard,todo,
stroom-core-client/src/main/java/stroom/dashboard/client/table/TableUpdateEvent.java,stroom-core-client,client,dashboard,Event,java,Screen/Dialog,Dashboard,todo,
stroom-core-client/src/main/java/stroom/dashboard/client/table/TableViewImpl.java,stroom-core-client,client,dashboard,ViewImpl,java,Screen/Dialog,Dashboard,todo,
stroom-core-client/src/main/java/stroom/dashboard/client/table/cf/ConditionalFormattingDynamicStyles.java,stroom-core-client,client,dashboard,,java,Screen/Dialog,Dashboard,todo,
stroom-core-client/src/main/java/stroom/dashboard/client/table/cf/ConditionalFormattingSwatchUtil.java,stroom-core-client,client,dashboard,Util,java,Utility,Dashboard,todo,
stroom-core-client/src/main/java/stroom/dashboard/client/table/cf/CustomRowStylePresenter.java,stroom-core-client,client,dashboard,Presenter,java,Screen/Dialog,Dashboard,todo,
stroom-core-client/src/main/java/stroom/dashboard/client/table/cf/CustomRowStyleViewImpl.java,stroom-core-client,client,dashboard,ViewImpl,java,Screen/Dialog,Dashboard,todo,
stroom-core-client/src/main/java/stroom/dashboard/client/table/cf/EditExpressionPresenter.java,stroom-core-client,client,dashboard,Presenter,java,Screen/Dialog,Dashboard,todo,
stroom-core-client/src/main/java/stroom/dashboard/client/table/cf/EditExpressionViewImpl.java,stroom-core-client,client,dashboard,ViewImpl,java,Screen/Dialog,Dashboard,todo,
stroom-core-client/src/main/java/stroom/dashboard/client/table/cf/RuleListPresenter.java,stroom-core-client,client,dashboard,Presenter,java,Screen/Dialog,Dashboard,todo,
stroom-core-client/src/main/java/stroom/dashboard/client/table/cf/RulePresenter.java,stroom-core-client,client,dashboard,Presenter,java,Screen/Dialog,Dashboard,todo,
stroom-core-client/src/main/java/stroom/dashboard/client/table/cf/RuleUiHandlers.java,stroom-core-client,client,dashboard,UiHandlers,java,Screen/Dialog,Dashboard,todo,
stroom-core-client/src/main/java/stroom/dashboard/client/table/cf/RuleViewImpl.java,stroom-core-client,client,dashboard,ViewImpl,java,Screen/Dialog,Dashboard,todo,
stroom-core-client/src/main/java/stroom/dashboard/client/table/cf/RulesPresenter.java,stroom-core-client,client,dashboard,Presenter,java,Screen/Dialog,Dashboard,todo,
stroom-core-client/src/main/java/stroom/dashboard/client/table/cf/RulesViewImpl.java,stroom-core-client,client,dashboard,ViewImpl,java,Screen/Dialog,Dashboard,todo,
stroom-core-client/src/main/java/stroom/dashboard/client/table/gin/TableGinjector.java,stroom-core-client,client,dashboard,Ginjector,java,Framework,Dependency injection (GIN wiring),n/a,
stroom-core-client/src/main/java/stroom/dashboard/client/table/gin/TableModule.java,stroom-core-client,client,dashboard,Module,java,Framework,Dependency injection (GIN wiring),n/a,
stroom-core-client/src/main/java/stroom/dashboard/client/text/BasicTextSettingsPresenter.java,stroom-core-client,client,dashboard,Presenter,java,Screen/Dialog,Dashboard,todo,
stroom-core-client/src/main/java/stroom/dashboard/client/text/BasicTextSettingsUiHandlers.java,stroom-core-client,client,dashboard,UiHandlers,java,Screen/Dialog,Dashboard,todo,
stroom-core-client/src/main/java/stroom/dashboard/client/text/BasicTextSettingsViewImpl.java,stroom-core-client,client,dashboard,ViewImpl,java,Screen/Dialog,Dashboard,todo,
stroom-core-client/src/main/java/stroom/dashboard/client/text/TextPlugin.java,stroom-core-client,client,dashboard,Plugin,java,Screen/Dialog,Dashboard,todo,
stroom-core-client/src/main/java/stroom/dashboard/client/text/TextPresenter.java,stroom-core-client,client,dashboard,Presenter,java,Screen/Dialog,Dashboard,todo,
stroom-core-client/src/main/java/stroom/dashboard/client/text/TextSettingsPresenter.java,stroom-core-client,client,dashboard,Presenter,java,Screen/Dialog,Dashboard,todo,
stroom-core-client/src/main/java/stroom/dashboard/client/text/TextSettingsUihandlers.java,stroom-core-client,client,dashboard,,java,Screen/Dialog,Dashboard,todo,
stroom-core-client/src/main/java/stroom/dashboard/client/text/TextUiHandlers.java,stroom-core-client,client,dashboard,UiHandlers,java,Screen/Dialog,Dashboard,todo,
stroom-core-client/src/main/java/stroom/dashboard/client/text/TextViewImpl.java,stroom-core-client,client,dashboard,ViewImpl,java,Screen/Dialog,Dashboard,todo,
stroom-core-client/src/main/java/stroom/dashboard/client/text/gin/TextGinjector.java,stroom-core-client,client,dashboard,Ginjector,java,Framework,Dependency injection (GIN wiring),n/a,
stroom-core-client/src/main/java/stroom/dashboard/client/text/gin/TextModule.java,stroom-core-client,client,dashboard,Module,java,Framework,Dependency injection (GIN wiring),n/a,
stroom-core-client/src/main/java/stroom/dashboard/client/unknown/HTMLView.java,stroom-core-client,client,dashboard,View,java,Screen/Dialog,Dashboard,todo,
stroom-core-client/src/main/java/stroom/dashboard/client/unknown/HTMLViewImpl.java,stroom-core-client,client,dashboard,ViewImpl,java,Screen/Dialog,Dashboard,todo,
stroom-core-client/src/main/java/stroom/dashboard/client/unknown/UnknownComponentPresenter.java,stroom-core-client,client,dashboard,Presenter,java,Screen/Dialog,Dashboard,todo,
stroom-core-client/src/main/java/stroom/dashboard/client/vis/BasicVisSettingsPresenter.java,stroom-core-client,client,dashboard,Presenter,java,Screen/Dialog,Dashboard,todo,
stroom-core-client/src/main/java/stroom/dashboard/client/vis/BasicVisSettingsUiHandlers.java,stroom-core-client,client,dashboard,UiHandlers,java,Screen/Dialog,Dashboard,todo,
stroom-core-client/src/main/java/stroom/dashboard/client/vis/BasicVisSettingsViewImpl.java,stroom-core-client,client,dashboard,ViewImpl,java,Screen/Dialog,Dashboard,todo,
stroom-core-client/src/main/java/stroom/dashboard/client/vis/ClearFunctionCacheEvent.java,stroom-core-client,client,dashboard,Event,java,Screen/Dialog,Dashboard,todo,
stroom-core-client/src/main/java/stroom/dashboard/client/vis/ClearScriptCacheEvent.java,stroom-core-client,client,dashboard,Event,java,Screen/Dialog,Dashboard,todo,
stroom-core-client/src/main/java/stroom/dashboard/client/vis/DynamicSettingsPane.java,stroom-core-client,client,dashboard,,java,Screen/Dialog,Dashboard,todo,
stroom-core-client/src/main/java/stroom/dashboard/client/vis/HandlerRegistry.java,stroom-core-client,client,dashboard,,java,Screen/Dialog,Dashboard,todo,
stroom-core-client/src/main/java/stroom/dashboard/client/vis/MessageEvent.java,stroom-core-client,client,dashboard,Event,java,Screen/Dialog,Dashboard,todo,
stroom-core-client/src/main/java/stroom/dashboard/client/vis/MessageSupport.java,stroom-core-client,client,dashboard,,java,Screen/Dialog,Dashboard,todo,
stroom-core-client/src/main/java/stroom/dashboard/client/vis/MyScriptInjector.java,stroom-core-client,client,dashboard,,java,Screen/Dialog,Dashboard,todo,
stroom-core-client/src/main/java/stroom/dashboard/client/vis/PostMessage.java,stroom-core-client,client,dashboard,,java,Screen/Dialog,Dashboard,todo,
stroom-core-client/src/main/java/stroom/dashboard/client/vis/SelectionUiHandlers.java,stroom-core-client,client,dashboard,UiHandlers,java,Screen/Dialog,Dashboard,todo,
stroom-core-client/src/main/java/stroom/dashboard/client/vis/VisFrame.java,stroom-core-client,client,dashboard,,java,Screen/Dialog,Dashboard,todo,
stroom-core-client/src/main/java/stroom/dashboard/client/vis/VisPane.java,stroom-core-client,client,dashboard,,java,Screen/Dialog,Dashboard,todo,
stroom-core-client/src/main/java/stroom/dashboard/client/vis/VisPlugin.java,stroom-core-client,client,dashboard,Plugin,java,Screen/Dialog,Dashboard,todo,
stroom-core-client/src/main/java/stroom/dashboard/client/vis/VisPresenter.java,stroom-core-client,client,dashboard,Presenter,java,Screen/Dialog,Dashboard,todo,
stroom-core-client/src/main/java/stroom/dashboard/client/vis/VisSelectionModel.java,stroom-core-client,client,dashboard,Model,java,Screen/Dialog,Dashboard,todo,
stroom-core-client/src/main/java/stroom/dashboard/client/vis/VisSettingsPresenter.java,stroom-core-client,client,dashboard,Presenter,java,Screen/Dialog,Dashboard,todo,
stroom-core-client/src/main/java/stroom/dashboard/client/vis/VisViewImpl.java,stroom-core-client,client,dashboard,ViewImpl,java,Screen/Dialog,Dashboard,todo,
stroom-core-client/src/main/java/stroom/dashboard/client/vis/gin/VisGinjector.java,stroom-core-client,client,dashboard,Ginjector,java,Framework,Dependency injection (GIN wiring),n/a,
stroom-core-client/src/main/java/stroom/dashboard/client/vis/gin/VisModule.java,stroom-core-client,client,dashboard,Module,java,Framework,Dependency injection (GIN wiring),n/a,
stroom-core-client/src/main/java/stroom/data/client/AbstractTabPresenterPlugin.java,stroom-core-client,client,data,Plugin,java,Screen/Dialog,Data / streams,todo,
stroom-core-client/src/main/java/stroom/data/client/DataPreviewKey.java,stroom-core-client,client,data,,java,Screen/Dialog,Data / streams,todo,
stroom-core-client/src/main/java/stroom/data/client/DataPreviewTabPlugin.java,stroom-core-client,client,data,Plugin,java,Screen/Dialog,Data / streams,todo,
stroom-core-client/src/main/java/stroom/data/client/SourceKey.java,stroom-core-client,client,data,,java,Screen/Dialog,Data / streams,todo,
stroom-core-client/src/main/java/stroom/data/client/SourceTabPlugin.java,stroom-core-client,client,data,Plugin,java,Screen/Dialog,Data / streams,todo,
stroom-core-client/src/main/java/stroom/data/client/gin/StreamStoreGinjector.java,stroom-core-client,client,data,Ginjector,java,Framework,Dependency injection (GIN wiring),n/a,
stroom-core-client/src/main/java/stroom/data/client/gin/StreamStoreModule.java,stroom-core-client,client,data,Module,java,Framework,Dependency injection (GIN wiring),n/a,
stroom-core-client/src/main/java/stroom/data/client/presenter/AbstractMetaListPresenter.java,stroom-core-client,client,data,Presenter,java,Screen/Dialog,Data / streams,todo,
stroom-core-client/src/main/java/stroom/data/client/presenter/BeginSteppingHandler.java,stroom-core-client,client,data,Handler,java,Screen/Dialog,Data / streams,todo,
stroom-core-client/src/main/java/stroom/data/client/presenter/CharacterNavigatorPresenter.java,stroom-core-client,client,data,Presenter,java,Screen/Dialog,Data / streams,todo,
stroom-core-client/src/main/java/stroom/data/client/presenter/CharacterRangeSelectionPresenter.java,stroom-core-client,client,data,Presenter,java,Screen/Dialog,Data / streams,todo,
stroom-core-client/src/main/java/stroom/data/client/presenter/ClassificationUiHandlers.java,stroom-core-client,client,data,UiHandlers,java,Screen/Dialog,Data / streams,todo,
stroom-core-client/src/main/java/stroom/data/client/presenter/ClassificationWrapperView.java,stroom-core-client,client,data,View,java,Screen/Dialog,Data / streams,todo,
stroom-core-client/src/main/java/stroom/data/client/presenter/ColumnSizeConstants.java,stroom-core-client,client,data,Constants,java,Utility,Data / streams,todo,
stroom-core-client/src/main/java/stroom/data/client/presenter/CopyTextCell.java,stroom-core-client,client,data,Cell,java,Widget,Data / Cells,todo,
stroom-core-client/src/main/java/stroom/data/client/presenter/CopyTextUtil.java,stroom-core-client,client,data,Util,java,Utility,Data / streams,todo,
stroom-core-client/src/main/java/stroom/data/client/presenter/CriteriaUtil.java,stroom-core-client,client,data,Util,java,Utility,Data / streams,todo,
stroom-core-client/src/main/java/stroom/data/client/presenter/DataDisplaySupport.java,stroom-core-client,client,data,,java,Screen/Dialog,Data / streams,todo,
stroom-core-client/src/main/java/stroom/data/client/presenter/DataPresenter.java,stroom-core-client,client,data,Presenter,java,Screen/Dialog,Data / streams,todo,
stroom-core-client/src/main/java/stroom/data/client/presenter/DataPreviewTabPresenter.java,stroom-core-client,client,data,Presenter,java,Screen/Dialog,Data / streams,todo,
stroom-core-client/src/main/java/stroom/data/client/presenter/DataTypeUiManager.java,stroom-core-client,client,data,Manager,java,Screen/Dialog,Data / streams,todo,
stroom-core-client/src/main/java/stroom/data/client/presenter/DataUploadPresenter.java,stroom-core-client,client,data,Presenter,java,Screen/Dialog,Data / streams,todo,
stroom-core-client/src/main/java/stroom/data/client/presenter/DataViewType.java,stroom-core-client,client,data,Type,java,Screen/Dialog,Data / streams,todo,
stroom-core-client/src/main/java/stroom/data/client/presenter/DisplayMode.java,stroom-core-client,client,data,,java,Screen/Dialog,Data / streams,todo,
stroom-core-client/src/main/java/stroom/data/client/presenter/DocRefCell.java,stroom-core-client,client,data,Cell,java,Widget,Data / Cells,todo,
stroom-core-client/src/main/java/stroom/data/client/presenter/EditExpressionPresenter.java,stroom-core-client,client,data,Presenter,java,Screen/Dialog,Data / streams,todo,
stroom-core-client/src/main/java/stroom/data/client/presenter/ExpressionPresenter.java,stroom-core-client,client,data,Presenter,java,Screen/Dialog,Data / streams,todo,
stroom-core-client/src/main/java/stroom/data/client/presenter/ExpressionValidator.java,stroom-core-client,client,data,,java,Screen/Dialog,Data / streams,todo,
stroom-core-client/src/main/java/stroom/data/client/presenter/FeedRefCell.java,stroom-core-client,client,data,Cell,java,Widget,Data / Cells,todo,
stroom-core-client/src/main/java/stroom/data/client/presenter/HasContextMenusCell.java,stroom-core-client,client,data,Cell,java,Widget,Data / Cells,todo,
stroom-core-client/src/main/java/stroom/data/client/presenter/InterceptingSelectionChangeHandler.java,stroom-core-client,client,data,Handler,java,Screen/Dialog,Data / streams,todo,
stroom-core-client/src/main/java/stroom/data/client/presenter/ItemNavigatorPresenter.java,stroom-core-client,client,data,Presenter,java,Screen/Dialog,Data / streams,todo,
stroom-core-client/src/main/java/stroom/data/client/presenter/ItemSelectionPresenter.java,stroom-core-client,client,data,Presenter,java,Screen/Dialog,Data / streams,todo,
stroom-core-client/src/main/java/stroom/data/client/presenter/MarkerListPresenter.java,stroom-core-client,client,data,Presenter,java,Screen/Dialog,Data / streams,todo,
stroom-core-client/src/main/java/stroom/data/client/presenter/MetaListPresenter.java,stroom-core-client,client,data,Presenter,java,Screen/Dialog,Data / streams,todo,
stroom-core-client/src/main/java/stroom/data/client/presenter/MetaPresenter.java,stroom-core-client,client,data,Presenter,java,Screen/Dialog,Data / streams,todo,
stroom-core-client/src/main/java/stroom/data/client/presenter/MetaRelationListPresenter.java,stroom-core-client,client,data,Presenter,java,Screen/Dialog,Data / streams,todo,
stroom-core-client/src/main/java/stroom/data/client/presenter/OpenLinkUtil.java,stroom-core-client,client,data,Util,java,Utility,Data / streams,todo,
stroom-core-client/src/main/java/stroom/data/client/presenter/ProcessChoice.java,stroom-core-client,client,data,,java,Screen/Dialog,Data / streams,todo,
stroom-core-client/src/main/java/stroom/data/client/presenter/ProcessChoicePresenter.java,stroom-core-client,client,data,Presenter,java,Screen/Dialog,Data / streams,todo,
stroom-core-client/src/main/java/stroom/data/client/presenter/ProcessChoiceUiHandler.java,stroom-core-client,client,data,Handler,java,Screen/Dialog,Data / streams,todo,
stroom-core-client/src/main/java/stroom/data/client/presenter/ProcessorTaskListPresenter.java,stroom-core-client,client,data,Presenter,java,Screen/Dialog,Data / streams,todo,
stroom-core-client/src/main/java/stroom/data/client/presenter/ProcessorTaskPresenter.java,stroom-core-client,client,data,Presenter,java,Screen/Dialog,Data / streams,todo,
stroom-core-client/src/main/java/stroom/data/client/presenter/ProcessorTaskSummaryPresenter.java,stroom-core-client,client,data,Presenter,java,Screen/Dialog,Data / streams,todo,
stroom-core-client/src/main/java/stroom/data/client/presenter/RestDataProvider.java,stroom-core-client,client,data,Provider,java,Framework,Dependency injection (GIN wiring),n/a,
stroom-core-client/src/main/java/stroom/data/client/presenter/SelectionSummaryPresenter.java,stroom-core-client,client,data,Presenter,java,Screen/Dialog,Data / streams,todo,
stroom-core-client/src/main/java/stroom/data/client/presenter/ShowDataEvent.java,stroom-core-client,client,data,Event,java,Screen/Dialog,Data / streams,todo,
stroom-core-client/src/main/java/stroom/data/client/presenter/SourcePresenter.java,stroom-core-client,client,data,Presenter,java,Screen/Dialog,Data / streams,todo,
stroom-core-client/src/main/java/stroom/data/client/presenter/SourceTabPresenter.java,stroom-core-client,client,data,Presenter,java,Screen/Dialog,Data / streams,todo,
stroom-core-client/src/main/java/stroom/data/client/presenter/SteppingMetaListPresenter.java,stroom-core-client,client,data,Presenter,java,Screen/Dialog,Data / streams,todo,
stroom-core-client/src/main/java/stroom/data/client/presenter/TextPresenter.java,stroom-core-client,client,data,Presenter,java,Screen/Dialog,Data / streams,todo,
stroom-core-client/src/main/java/stroom/data/client/presenter/TextUiHandlers.java,stroom-core-client,client,data,UiHandlers,java,Screen/Dialog,Data / streams,todo,
stroom-core-client/src/main/java/stroom/data/client/presenter/UserRefCell.java,stroom-core-client,client,data,Cell,java,Widget,Data / Cells,todo,
stroom-core-client/src/main/java/stroom/data/client/view/CharacterNavigatorViewImpl.java,stroom-core-client,client,data,ViewImpl,java,Screen/Dialog,Data / streams,todo,
stroom-core-client/src/main/java/stroom/data/client/view/CharacterRangeSelectionViewImpl.java,stroom-core-client,client,data,ViewImpl,java,Screen/Dialog,Data / streams,todo,
stroom-core-client/src/main/java/stroom/data/client/view/ClassificationLabel.java,stroom-core-client,client,data,,java,Screen/Dialog,Data / streams,todo,
stroom-core-client/src/main/java/stroom/data/client/view/ClassificationWrapperViewImpl.java,stroom-core-client,client,data,ViewImpl,java,Screen/Dialog,Data / streams,todo,
stroom-core-client/src/main/java/stroom/data/client/view/DataPreviewTabViewImpl.java,stroom-core-client,client,data,ViewImpl,java,Screen/Dialog,Data / streams,todo,
stroom-core-client/src/main/java/stroom/data/client/view/DataUploadViewImpl.java,stroom-core-client,client,data,ViewImpl,java,Screen/Dialog,Data / streams,todo,
stroom-core-client/src/main/java/stroom/data/client/view/DataViewImpl.java,stroom-core-client,client,data,ViewImpl,java,Screen/Dialog,Data / streams,todo,
stroom-core-client/src/main/java/stroom/data/client/view/EditExpressionViewImpl.java,stroom-core-client,client,data,ViewImpl,java,Screen/Dialog,Data / streams,todo,
stroom-core-client/src/main/java/stroom/data/client/view/ExpressionViewImpl.java,stroom-core-client,client,data,ViewImpl,java,Screen/Dialog,Data / streams,todo,
stroom-core-client/src/main/java/stroom/data/client/view/FileData.java,stroom-core-client,client,data,,java,Screen/Dialog,Data / streams,todo,
stroom-core-client/src/main/java/stroom/data/client/view/ItemNavigatorViewImpl.java,stroom-core-client,client,data,ViewImpl,java,Screen/Dialog,Data / streams,todo,
stroom-core-client/src/main/java/stroom/data/client/view/ItemSelectionViewImpl.java,stroom-core-client,client,data,ViewImpl,java,Screen/Dialog,Data / streams,todo,
stroom-core-client/src/main/java/stroom/data/client/view/MetaViewImpl.java,stroom-core-client,client,data,ViewImpl,java,Screen/Dialog,Data / streams,todo,
stroom-core-client/src/main/java/stroom/data/client/view/ProcessChoiceViewImpl.java,stroom-core-client,client,data,ViewImpl,java,Screen/Dialog,Data / streams,todo,
stroom-core-client/src/main/java/stroom/data/client/view/SourceTabViewImpl.java,stroom-core-client,client,data,ViewImpl,java,Screen/Dialog,Data / streams,todo,
stroom-core-client/src/main/java/stroom/data/client/view/SourceViewImpl.java,stroom-core-client,client,data,ViewImpl,java,Screen/Dialog,Data / streams,todo,
stroom-core-client/src/main/java/stroom/data/client/view/StreamTaskViewImpl.java,stroom-core-client,client,data,ViewImpl,java,Screen/Dialog,Data / streams,todo,
stroom-core-client/src/main/java/stroom/data/client/view/TextViewImpl.java,stroom-core-client,client,data,ViewImpl,java,Screen/Dialog,Data / streams,todo,
stroom-core-client/src/main/java/stroom/data/store/impl/fs/client/ManageFsVolumesPlugin.java,stroom-core-client,client,data,Plugin,java,Screen/Dialog,Data / streams,todo,
stroom-core-client/src/main/java/stroom/data/store/impl/fs/client/gin/FsVolumeGinjector.java,stroom-core-client,client,data,Ginjector,java,Framework,Dependency injection (GIN wiring),n/a,
stroom-core-client/src/main/java/stroom/data/store/impl/fs/client/gin/FsVolumeModule.java,stroom-core-client,client,data,Module,java,Framework,Dependency injection (GIN wiring),n/a,
stroom-core-client/src/main/java/stroom/data/store/impl/fs/client/presenter/FsVolumeEditPresenter.java,stroom-core-client,client,data,Presenter,java,Screen/Dialog,Data / streams,todo,
stroom-core-client/src/main/java/stroom/data/store/impl/fs/client/presenter/FsVolumeGroupEditPresenter.java,stroom-core-client,client,data,Presenter,java,Screen/Dialog,Data / streams,todo,
stroom-core-client/src/main/java/stroom/data/store/impl/fs/client/presenter/FsVolumeGroupListPresenter.java,stroom-core-client,client,data,Presenter,java,Screen/Dialog,Data / streams,todo,
stroom-core-client/src/main/java/stroom/data/store/impl/fs/client/presenter/FsVolumeGroupPresenter.java,stroom-core-client,client,data,Presenter,java,Screen/Dialog,Data / streams,todo,
stroom-core-client/src/main/java/stroom/data/store/impl/fs/client/presenter/FsVolumeStatusListPresenter.java,stroom-core-client,client,data,Presenter,java,Screen/Dialog,Data / streams,todo,
stroom-core-client/src/main/java/stroom/data/store/impl/fs/client/presenter/NewFsVolumeGroupPresenter.java,stroom-core-client,client,data,Presenter,java,Screen/Dialog,Data / streams,todo,
stroom-core-client/src/main/java/stroom/data/store/impl/fs/client/view/FsVolumeEditViewImpl.java,stroom-core-client,client,data,ViewImpl,java,Screen/Dialog,Data / streams,todo,
stroom-core-client/src/main/java/stroom/data/store/impl/fs/client/view/FsVolumeGroupEditViewImpl.java,stroom-core-client,client,data,ViewImpl,java,Screen/Dialog,Data / streams,todo,
stroom-core-client/src/main/java/stroom/datagen/client/DataGenPlugin.java,stroom-core-client,client,datagen,Plugin,java,Screen/Dialog,Data generation,todo,
stroom-core-client/src/main/java/stroom/datagen/client/gin/DataGenGinjector.java,stroom-core-client,client,datagen,Ginjector,java,Framework,Dependency injection (GIN wiring),n/a,
stroom-core-client/src/main/java/stroom/datagen/client/gin/DataGenModule.java,stroom-core-client,client,datagen,Module,java,Framework,Dependency injection (GIN wiring),n/a,
stroom-core-client/src/main/java/stroom/datagen/client/presenter/DataGenPresenter.java,stroom-core-client,client,datagen,Presenter,java,Screen/Dialog,Data generation,todo,
stroom-core-client/src/main/java/stroom/datagen/client/presenter/DataGenProcessingPresenter.java,stroom-core-client,client,datagen,Presenter,java,Screen/Dialog,Data generation,todo,
stroom-core-client/src/main/java/stroom/datagen/client/presenter/DataGenSettingsPresenter.java,stroom-core-client,client,datagen,Presenter,java,Screen/Dialog,Data generation,todo,
stroom-core-client/src/main/java/stroom/datagen/client/view/DataGenProcessingViewImpl.java,stroom-core-client,client,datagen,ViewImpl,java,Screen/Dialog,Data generation,todo,
stroom-core-client/src/main/java/stroom/datagen/client/view/DataGenSettingsViewImpl.java,stroom-core-client,client,datagen,ViewImpl,java,Screen/Dialog,Data generation,todo,
stroom-core-client/src/main/java/stroom/dictionary/client/DictionaryPlugin.java,stroom-core-client,client,dictionary,Plugin,java,Screen/Dialog,Dictionary,todo,
stroom-core-client/src/main/java/stroom/dictionary/client/gin/DictionaryGinjector.java,stroom-core-client,client,dictionary,Ginjector,java,Framework,Dependency injection (GIN wiring),n/a,
stroom-core-client/src/main/java/stroom/dictionary/client/gin/DictionaryModule.java,stroom-core-client,client,dictionary,Module,java,Framework,Dependency injection (GIN wiring),n/a,
stroom-core-client/src/main/java/stroom/dictionary/client/presenter/DictionaryListPresenter.java,stroom-core-client,client,dictionary,Presenter,java,Screen/Dialog,Dictionary,todo,
stroom-core-client/src/main/java/stroom/dictionary/client/presenter/DictionaryPresenter.java,stroom-core-client,client,dictionary,Presenter,java,Screen/Dialog,Dictionary,todo,
stroom-core-client/src/main/java/stroom/dictionary/client/presenter/DictionarySettingsPresenter.java,stroom-core-client,client,dictionary,Presenter,java,Screen/Dialog,Dictionary,todo,
stroom-core-client/src/main/java/stroom/dictionary/client/presenter/DocRefListPresenter.java,stroom-core-client,client,dictionary,Presenter,java,Screen/Dialog,Dictionary,todo,
stroom-core-client/src/main/java/stroom/dictionary/client/presenter/WordListPresenter.java,stroom-core-client,client,dictionary,Presenter,java,Screen/Dialog,Dictionary,todo,
stroom-core-client/src/main/java/stroom/dictionary/client/view/DictionarySettingsViewImpl.java,stroom-core-client,client,dictionary,ViewImpl,java,Screen/Dialog,Dictionary,todo,
stroom-core-client/src/main/java/stroom/dispatch/client/DefaultErrorHandler.java,stroom-core-client,client,dispatch,Handler,java,Utility,Dispatch,todo,
stroom-core-client/src/main/java/stroom/dispatch/client/ExportFileCompleteUtil.java,stroom-core-client,client,dispatch,Util,java,Utility,Dispatch,todo,
stroom-core-client/src/main/java/stroom/dispatch/client/QuietTaskMonitorFactory.java,stroom-core-client,client,dispatch,Factory,java,Utility,Dispatch,todo,
stroom-core-client/src/main/java/stroom/dispatch/client/ResponseException.java,stroom-core-client,client,dispatch,,java,Utility,Dispatch,todo,
stroom-core-client/src/main/java/stroom/dispatch/client/RestDispatcher.java,stroom-core-client,client,dispatch,,java,Utility,Dispatch,todo,
stroom-core-client/src/main/java/stroom/dispatch/client/RestError.java,stroom-core-client,client,dispatch,,java,Utility,Dispatch,todo,
stroom-core-client/src/main/java/stroom/dispatch/client/RestErrorHandler.java,stroom-core-client,client,dispatch,Handler,java,Utility,Dispatch,todo,
stroom-core-client/src/main/java/stroom/dispatch/client/RestFactory.java,stroom-core-client,client,dispatch,Factory,java,Utility,Dispatch,todo,
stroom-core-client/src/main/java/stroom/dispatch/client/RestFactoryImpl.java,stroom-core-client,client,dispatch,,java,Utility,Dispatch,todo,
stroom-core-client/src/main/java/stroom/dispatch/client/RestFactoryTask.java,stroom-core-client,client,dispatch,,java,Utility,Dispatch,todo,
stroom-core-client/src/main/java/stroom/dispatch/client/RestModule.java,stroom-core-client,client,dispatch,Module,java,Framework,Dependency injection (GIN wiring),n/a,
stroom-core-client/src/main/java/stroom/document/client/DocumentPlugin.java,stroom-core-client,client,document,Plugin,java,Shared Screen/Dialog,Document,todo,
stroom-core-client/src/main/java/stroom/document/client/DocumentPluginEventManager.java,stroom-core-client,client,document,Manager,java,Shared Screen/Dialog,Document,todo,
stroom-core-client/src/main/java/stroom/document/client/DocumentPluginRegistry.java,stroom-core-client,client,document,,java,Shared Screen/Dialog,Document,todo,
stroom-core-client/src/main/java/stroom/document/client/DocumentTabData.java,stroom-core-client,client,document,,java,Shared Screen/Dialog,Document,todo,
stroom-core-client/src/main/java/stroom/document/client/DocumentTabManager.java,stroom-core-client,client,document,Manager,java,Shared Screen/Dialog,Document,todo,
stroom-core-client/src/main/java/stroom/document/client/HasMultipleInstances.java,stroom-core-client,client,document,,java,Shared Screen/Dialog,Document,todo,
stroom-core-client/src/main/java/stroom/document/client/event/ChangeEvent.java,stroom-core-client,client,document,Event,java,Shared Screen/Dialog,Document,todo,
stroom-core-client/src/main/java/stroom/document/client/event/ChangeUiHandlers.java,stroom-core-client,client,document,UiHandlers,java,Shared Screen/Dialog,Document,todo,
stroom-core-client/src/main/java/stroom/document/client/event/CloseSelectedDocumentEvent.java,stroom-core-client,client,document,Event,java,Shared Screen/Dialog,Document,todo,
stroom-core-client/src/main/java/stroom/document/client/event/CopyDocumentEvent.java,stroom-core-client,client,document,Event,java,Shared Screen/Dialog,Document,todo,
stroom-core-client/src/main/java/stroom/document/client/event/CreateDocumentEvent.java,stroom-core-client,client,document,Event,java,Shared Screen/Dialog,Document,todo,
stroom-core-client/src/main/java/stroom/document/client/event/DeleteDocumentEvent.java,stroom-core-client,client,document,Event,java,Shared Screen/Dialog,Document,todo,
stroom-core-client/src/main/java/stroom/document/client/event/DirtyEvent.java,stroom-core-client,client,document,Event,java,Shared Screen/Dialog,Document,todo,
stroom-core-client/src/main/java/stroom/document/client/event/DirtyUiHandlers.java,stroom-core-client,client,document,UiHandlers,java,Shared Screen/Dialog,Document,todo,
stroom-core-client/src/main/java/stroom/document/client/event/HasChangeHandlers.java,stroom-core-client,client,document,,java,Shared Screen/Dialog,Document,todo,
stroom-core-client/src/main/java/stroom/document/client/event/HasDirtyHandlers.java,stroom-core-client,client,document,,java,Shared Screen/Dialog,Document,todo,
stroom-core-client/src/main/java/stroom/document/client/event/MoveDocumentEvent.java,stroom-core-client,client,document,Event,java,Shared Screen/Dialog,Document,todo,
stroom-core-client/src/main/java/stroom/document/client/event/OpenDocumentEvent.java,stroom-core-client,client,document,Event,java,Shared Screen/Dialog,Document,todo,
stroom-core-client/src/main/java/stroom/document/client/event/RefreshDocumentEvent.java,stroom-core-client,client,document,Event,java,Shared Screen/Dialog,Document,todo,
stroom-core-client/src/main/java/stroom/document/client/event/RenameDocumentEvent.java,stroom-core-client,client,document,Event,java,Shared Screen/Dialog,Document,todo,
stroom-core-client/src/main/java/stroom/document/client/event/ResultCallback.java,stroom-core-client,client,document,,java,Shared Screen/Dialog,Document,todo,
stroom-core-client/src/main/java/stroom/document/client/event/SaveAsDocumentEvent.java,stroom-core-client,client,document,Event,java,Shared Screen/Dialog,Document,todo,
stroom-core-client/src/main/java/stroom/document/client/event/SaveDocumentEvent.java,stroom-core-client,client,document,Event,java,Shared Screen/Dialog,Document,todo,
stroom-core-client/src/main/java/stroom/document/client/event/SetDocumentAsFavouriteEvent.java,stroom-core-client,client,document,Event,java,Shared Screen/Dialog,Document,todo,
stroom-core-client/src/main/java/stroom/document/client/event/ShowCopyDocumentDialogEvent.java,stroom-core-client,client,document,Event,java,Shared Screen/Dialog,Document,todo,
stroom-core-client/src/main/java/stroom/document/client/event/ShowCreateDocumentDialogEvent.java,stroom-core-client,client,document,Event,java,Shared Screen/Dialog,Document,todo,
stroom-core-client/src/main/java/stroom/document/client/event/ShowDocumentPermissionsEvent.java,stroom-core-client,client,document,Event,java,Shared Screen/Dialog,Document,todo,
stroom-core-client/src/main/java/stroom/document/client/event/ShowInfoDocumentDialogEvent.java,stroom-core-client,client,document,Event,java,Shared Screen/Dialog,Document,todo,
stroom-core-client/src/main/java/stroom/document/client/event/ShowMoveDocumentDialogEvent.java,stroom-core-client,client,document,Event,java,Shared Screen/Dialog,Document,todo,
stroom-core-client/src/main/java/stroom/document/client/event/ShowRenameDocumentDialogEvent.java,stroom-core-client,client,document,Event,java,Shared Screen/Dialog,Document,todo,
stroom-core-client/src/main/java/stroom/documentation/client/DocumentationPlugin.java,stroom-core-client,client,documentation,Plugin,java,Screen/Dialog,Documentation,todo,
stroom-core-client/src/main/java/stroom/documentation/client/gin/DocumentationGinjector.java,stroom-core-client,client,documentation,Ginjector,java,Framework,Dependency injection (GIN wiring),n/a,
stroom-core-client/src/main/java/stroom/documentation/client/gin/DocumentationModule.java,stroom-core-client,client,documentation,Module,java,Framework,Dependency injection (GIN wiring),n/a,
stroom-core-client/src/main/java/stroom/documentation/client/presenter/DocumentationPresenter.java,stroom-core-client,client,documentation,Presenter,java,Screen/Dialog,Documentation,todo,
stroom-core-client/src/main/java/stroom/entity/client/gin/EntityGinjector.java,stroom-core-client,client,entity,Ginjector,java,Framework,Dependency injection (GIN wiring),n/a,
stroom-core-client/src/main/java/stroom/entity/client/gin/EntityModule.java,stroom-core-client,client,entity,Module,java,Framework,Dependency injection (GIN wiring),n/a,
stroom-core-client/src/main/java/stroom/entity/client/presenter/AbstractTabProvider.java,stroom-core-client,client,entity,Provider,java,Framework,Dependency injection (GIN wiring),n/a,
stroom-core-client/src/main/java/stroom/entity/client/presenter/ContentCallback.java,stroom-core-client,client,entity,,java,Shared Screen/Dialog,Entity,todo,
stroom-core-client/src/main/java/stroom/entity/client/presenter/CopyDocumentPresenter.java,stroom-core-client,client,entity,Presenter,java,Shared Screen/Dialog,Entity,todo,
stroom-core-client/src/main/java/stroom/entity/client/presenter/CreateDocumentPresenter.java,stroom-core-client,client,entity,Presenter,java,Shared Screen/Dialog,Entity,todo,
stroom-core-client/src/main/java/stroom/entity/client/presenter/DocPresenter.java,stroom-core-client,client,entity,Presenter,java,Shared Screen/Dialog,Entity,todo,
stroom-core-client/src/main/java/stroom/entity/client/presenter/DocTabPresenter.java,stroom-core-client,client,entity,Presenter,java,Shared Screen/Dialog,Entity,todo,
stroom-core-client/src/main/java/stroom/entity/client/presenter/DocTabProvider.java,stroom-core-client,client,entity,Provider,java,Framework,Dependency injection (GIN wiring),n/a,
stroom-core-client/src/main/java/stroom/entity/client/presenter/HasClose.java,stroom-core-client,client,entity,,java,Shared Screen/Dialog,Entity,todo,
stroom-core-client/src/main/java/stroom/entity/client/presenter/HasDocumentRead.java,stroom-core-client,client,entity,,java,Shared Screen/Dialog,Entity,todo,
stroom-core-client/src/main/java/stroom/entity/client/presenter/HasDocumentWrite.java,stroom-core-client,client,entity,,java,Shared Screen/Dialog,Entity,todo,
stroom-core-client/src/main/java/stroom/entity/client/presenter/HasReadAndWrite.java,stroom-core-client,client,entity,,java,Shared Screen/Dialog,Entity,todo,
stroom-core-client/src/main/java/stroom/entity/client/presenter/HasToolbar.java,stroom-core-client,client,entity,,java,Shared Screen/Dialog,Entity,todo,
stroom-core-client/src/main/java/stroom/entity/client/presenter/InfoDocumentPresenter.java,stroom-core-client,client,entity,Presenter,java,Shared Screen/Dialog,Entity,todo,
stroom-core-client/src/main/java/stroom/entity/client/presenter/LinkTabPanelPresenter.java,stroom-core-client,client,entity,Presenter,java,Shared Screen/Dialog,Entity,todo,
stroom-core-client/src/main/java/stroom/entity/client/presenter/LinkTabPanelView.java,stroom-core-client,client,entity,View,java,Shared Screen/Dialog,Entity,todo,
stroom-core-client/src/main/java/stroom/entity/client/presenter/MarkdownConverter.java,stroom-core-client,client,entity,,java,Shared Screen/Dialog,Entity,todo,
stroom-core-client/src/main/java/stroom/entity/client/presenter/MarkdownEditPresenter.java,stroom-core-client,client,entity,Presenter,java,Shared Screen/Dialog,Entity,todo,
stroom-core-client/src/main/java/stroom/entity/client/presenter/MarkdownPreviewPresenter.java,stroom-core-client,client,entity,Presenter,java,Shared Screen/Dialog,Entity,todo,
stroom-core-client/src/main/java/stroom/entity/client/presenter/MarkdownTabProvider.java,stroom-core-client,client,entity,Provider,java,Framework,Dependency injection (GIN wiring),n/a,
stroom-core-client/src/main/java/stroom/entity/client/presenter/MoveDocumentPresenter.java,stroom-core-client,client,entity,Presenter,java,Shared Screen/Dialog,Entity,todo,
stroom-core-client/src/main/java/stroom/entity/client/presenter/NameDocumentPresenter.java,stroom-core-client,client,entity,Presenter,java,Shared Screen/Dialog,Entity,todo,
stroom-core-client/src/main/java/stroom/entity/client/presenter/NameDocumentView.java,stroom-core-client,client,entity,View,java,Shared Screen/Dialog,Entity,todo,
stroom-core-client/src/main/java/stroom/entity/client/presenter/ReadOnlyChangeHandler.java,stroom-core-client,client,entity,Handler,java,Shared Screen/Dialog,Entity,todo,
stroom-core-client/src/main/java/stroom/entity/client/presenter/TabContentProvider.java,stroom-core-client,client,entity,Provider,java,Framework,Dependency injection (GIN wiring),n/a,
stroom-core-client/src/main/java/stroom/entity/client/presenter/TreeRowHandler.java,stroom-core-client,client,entity,Handler,java,Shared Screen/Dialog,Entity,todo,
stroom-core-client/src/main/java/stroom/entity/client/view/CopyDocumentViewImpl.java,stroom-core-client,client,entity,ViewImpl,java,Shared Screen/Dialog,Entity,todo,
stroom-core-client/src/main/java/stroom/entity/client/view/CreateDocumentViewImpl.java,stroom-core-client,client,entity,ViewImpl,java,Shared Screen/Dialog,Entity,todo,
stroom-core-client/src/main/java/stroom/entity/client/view/InfoDocumentViewImpl.java,stroom-core-client,client,entity,ViewImpl,java,Shared Screen/Dialog,Entity,todo,
stroom-core-client/src/main/java/stroom/entity/client/view/LinkTabPanelViewImpl.java,stroom-core-client,client,entity,ViewImpl,java,Shared Screen/Dialog,Entity,todo,
stroom-core-client/src/main/java/stroom/entity/client/view/MarkdownEditViewImpl.java,stroom-core-client,client,entity,ViewImpl,java,Shared Screen/Dialog,Entity,todo,
stroom-core-client/src/main/java/stroom/entity/client/view/MarkdownPreviewViewImpl.java,stroom-core-client,client,entity,ViewImpl,java,Shared Screen/Dialog,Entity,todo,
stroom-core-client/src/main/java/stroom/entity/client/view/MoveDocumentViewImpl.java,stroom-core-client,client,entity,ViewImpl,java,Shared Screen/Dialog,Entity,todo,
stroom-core-client/src/main/java/stroom/entity/client/view/NameDocumentViewImpl.java,stroom-core-client,client,entity,ViewImpl,java,Shared Screen/Dialog,Entity,todo,
stroom-core-client/src/main/java/stroom/explorer/client/NavigationPlugin.java,stroom-core-client,client,explorer,Plugin,java,Shared Screen/Dialog,Explorer,todo,
stroom-core-client/src/main/java/stroom/explorer/client/event/CloseExplorerTabEvent.java,stroom-core-client,client,explorer,Event,java,Shared Screen/Dialog,Explorer,todo,
stroom-core-client/src/main/java/stroom/explorer/client/event/CreateNewDocumentEvent.java,stroom-core-client,client,explorer,Event,java,Shared Screen/Dialog,Explorer,todo,
stroom-core-client/src/main/java/stroom/explorer/client/event/DeleteTabSessionEvent.java,stroom-core-client,client,explorer,Event,java,Shared Screen/Dialog,Explorer,todo,
stroom-core-client/src/main/java/stroom/explorer/client/event/ExplorerEndTaskEvent.java,stroom-core-client,client,explorer,Event,java,Shared Screen/Dialog,Explorer,todo,
stroom-core-client/src/main/java/stroom/explorer/client/event/ExplorerStartTaskEvent.java,stroom-core-client,client,explorer,Event,java,Shared Screen/Dialog,Explorer,todo,
stroom-core-client/src/main/java/stroom/explorer/client/event/ExplorerTaskMonitorFactory.java,stroom-core-client,client,explorer,Factory,java,Shared Screen/Dialog,Explorer,todo,
stroom-core-client/src/main/java/stroom/explorer/client/event/ExplorerTreeDeleteEvent.java,stroom-core-client,client,explorer,Event,java,Shared Screen/Dialog,Explorer,todo,
stroom-core-client/src/main/java/stroom/explorer/client/event/ExplorerTreeSelectEvent.java,stroom-core-client,client,explorer,Event,java,Shared Screen/Dialog,Explorer,todo,
stroom-core-client/src/main/java/stroom/explorer/client/event/FocusEvent.java,stroom-core-client,client,explorer,Event,java,Shared Screen/Dialog,Explorer,todo,
stroom-core-client/src/main/java/stroom/explorer/client/event/FocusExplorerFilterEvent.java,stroom-core-client,client,explorer,Event,java,Shared Screen/Dialog,Explorer,todo,
stroom-core-client/src/main/java/stroom/explorer/client/event/FocusExplorerTreeEvent.java,stroom-core-client,client,explorer,Event,java,Shared Screen/Dialog,Explorer,todo,
stroom-core-client/src/main/java/stroom/explorer/client/event/GetCurrentTabsEvent.java,stroom-core-client,client,explorer,Event,java,Shared Screen/Dialog,Explorer,todo,
stroom-core-client/src/main/java/stroom/explorer/client/event/HighlightExplorerNodeEvent.java,stroom-core-client,client,explorer,Event,java,Shared Screen/Dialog,Explorer,todo,
stroom-core-client/src/main/java/stroom/explorer/client/event/LocateDocEvent.java,stroom-core-client,client,explorer,Event,java,Shared Screen/Dialog,Explorer,todo,
stroom-core-client/src/main/java/stroom/explorer/client/event/OpenExplorerTabEvent.java,stroom-core-client,client,explorer,Event,java,Shared Screen/Dialog,Explorer,todo,
stroom-core-client/src/main/java/stroom/explorer/client/event/OpenTabSessionEvent.java,stroom-core-client,client,explorer,Event,java,Shared Screen/Dialog,Explorer,todo,
stroom-core-client/src/main/java/stroom/explorer/client/event/RefreshExplorerTreeEvent.java,stroom-core-client,client,explorer,Event,java,Shared Screen/Dialog,Explorer,todo,
stroom-core-client/src/main/java/stroom/explorer/client/event/SaveTabSessionEvent.java,stroom-core-client,client,explorer,Event,java,Shared Screen/Dialog,Explorer,todo,
stroom-core-client/src/main/java/stroom/explorer/client/event/ShowEditNodeTagsDialogEvent.java,stroom-core-client,client,explorer,Event,java,Shared Screen/Dialog,Explorer,todo,
stroom-core-client/src/main/java/stroom/explorer/client/event/ShowExplorerMenuEvent.java,stroom-core-client,client,explorer,Event,java,Shared Screen/Dialog,Explorer,todo,
stroom-core-client/src/main/java/stroom/explorer/client/event/ShowFindEvent.java,stroom-core-client,client,explorer,Event,java,Shared Screen/Dialog,Explorer,todo,
stroom-core-client/src/main/java/stroom/explorer/client/event/ShowFindInContentEvent.java,stroom-core-client,client,explorer,Event,java,Shared Screen/Dialog,Explorer,todo,
stroom-core-client/src/main/java/stroom/explorer/client/event/ShowNewMenuEvent.java,stroom-core-client,client,explorer,Event,java,Shared Screen/Dialog,Explorer,todo,
stroom-core-client/src/main/java/stroom/explorer/client/event/ShowRecentItemsEvent.java,stroom-core-client,client,explorer,Event,java,Shared Screen/Dialog,Explorer,todo,
stroom-core-client/src/main/java/stroom/explorer/client/event/ShowRemoveNodeTagsDialogEvent.java,stroom-core-client,client,explorer,Event,java,Shared Screen/Dialog,Explorer,todo,
stroom-core-client/src/main/java/stroom/explorer/client/event/TabSessionChangeEvent.java,stroom-core-client,client,explorer,Event,java,Shared Screen/Dialog,Explorer,todo,
stroom-core-client/src/main/java/stroom/explorer/client/presenter/AbstractExplorerTree.java,stroom-core-client,client,explorer,,java,Shared Screen/Dialog,Explorer,todo,
stroom-core-client/src/main/java/stroom/explorer/client/presenter/AbstractFindPresenter.java,stroom-core-client,client,explorer,Presenter,java,Shared Screen/Dialog,Explorer,todo,
stroom-core-client/src/main/java/stroom/explorer/client/presenter/DocSelectionBoxPresenter.java,stroom-core-client,client,explorer,Presenter,java,Shared Screen/Dialog,Explorer,todo,
stroom-core-client/src/main/java/stroom/explorer/client/presenter/DocSelectionPopup.java,stroom-core-client,client,explorer,Popup,java,Shared Screen/Dialog,Explorer,todo,
stroom-core-client/src/main/java/stroom/explorer/client/presenter/DocumentListPresenter.java,stroom-core-client,client,explorer,Presenter,java,Shared Screen/Dialog,Explorer,todo,
stroom-core-client/src/main/java/stroom/explorer/client/presenter/DocumentPermissionsListPresenter.java,stroom-core-client,client,explorer,Presenter,java,Shared Screen/Dialog,Explorer,todo,
stroom-core-client/src/main/java/stroom/explorer/client/presenter/DocumentTypeCache.java,stroom-core-client,client,explorer,,java,Shared Screen/Dialog,Explorer,todo,
stroom-core-client/src/main/java/stroom/explorer/client/presenter/DocumentTypeCell.java,stroom-core-client,client,explorer,Cell,java,Widget,Data / Cells,todo,
stroom-core-client/src/main/java/stroom/explorer/client/presenter/DocumentTypeSelectionModel.java,stroom-core-client,client,explorer,Model,java,Shared Screen/Dialog,Explorer,todo,
stroom-core-client/src/main/java/stroom/explorer/client/presenter/EntityCheckTreePresenter.java,stroom-core-client,client,explorer,Presenter,java,Shared Screen/Dialog,Explorer,todo,
stroom-core-client/src/main/java/stroom/explorer/client/presenter/EntityTreePresenter.java,stroom-core-client,client,explorer,Presenter,java,Shared Screen/Dialog,Explorer,todo,
stroom-core-client/src/main/java/stroom/explorer/client/presenter/EntityTreeUiHandlers.java,stroom-core-client,client,explorer,UiHandlers,java,Shared Screen/Dialog,Explorer,todo,
stroom-core-client/src/main/java/stroom/explorer/client/presenter/ExplorerNodeEditTagsPresenter.java,stroom-core-client,client,explorer,Presenter,java,Shared Screen/Dialog,Explorer,todo,
stroom-core-client/src/main/java/stroom/explorer/client/presenter/ExplorerNodeRemoveTagsPresenter.java,stroom-core-client,client,explorer,Presenter,java,Shared Screen/Dialog,Explorer,todo,
stroom-core-client/src/main/java/stroom/explorer/client/presenter/ExplorerPopupPresenter.java,stroom-core-client,client,explorer,Presenter,java,Shared Screen/Dialog,Explorer,todo,
stroom-core-client/src/main/java/stroom/explorer/client/presenter/ExplorerTickBoxTree.java,stroom-core-client,client,explorer,,java,Shared Screen/Dialog,Explorer,todo,
stroom-core-client/src/main/java/stroom/explorer/client/presenter/ExplorerTree.java,stroom-core-client,client,explorer,,java,Shared Screen/Dialog,Explorer,todo,
stroom-core-client/src/main/java/stroom/explorer/client/presenter/ExplorerTreeModel.java,stroom-core-client,client,explorer,Model,java,Shared Screen/Dialog,Explorer,todo,
stroom-core-client/src/main/java/stroom/explorer/client/presenter/ExplorerTreeUiHandlers.java,stroom-core-client,client,explorer,UiHandlers,java,Shared Screen/Dialog,Explorer,todo,
stroom-core-client/src/main/java/stroom/explorer/client/presenter/FindCellTable.java,stroom-core-client,client,explorer,,java,Shared Screen/Dialog,Explorer,todo,
stroom-core-client/src/main/java/stroom/explorer/client/presenter/FindDocResultListHandler.java,stroom-core-client,client,explorer,Handler,java,Shared Screen/Dialog,Explorer,todo,
stroom-core-client/src/main/java/stroom/explorer/client/presenter/FindDocResultListPresenter.java,stroom-core-client,client,explorer,Presenter,java,Shared Screen/Dialog,Explorer,todo,
stroom-core-client/src/main/java/stroom/explorer/client/presenter/FindInContentPresenter.java,stroom-core-client,client,explorer,Presenter,java,Shared Screen/Dialog,Explorer,todo,
stroom-core-client/src/main/java/stroom/explorer/client/presenter/FindInContentResultCell.java,stroom-core-client,client,explorer,Cell,java,Widget,Data / Cells,todo,
stroom-core-client/src/main/java/stroom/explorer/client/presenter/FindInContentUiHandlers.java,stroom-core-client,client,explorer,UiHandlers,java,Shared Screen/Dialog,Explorer,todo,
stroom-core-client/src/main/java/stroom/explorer/client/presenter/FindPresenter.java,stroom-core-client,client,explorer,Presenter,java,Shared Screen/Dialog,Explorer,todo,
stroom-core-client/src/main/java/stroom/explorer/client/presenter/FindResultCell.java,stroom-core-client,client,explorer,Cell,java,Widget,Data / Cells,todo,
stroom-core-client/src/main/java/stroom/explorer/client/presenter/FindResultWithPermissionsCell.java,stroom-core-client,client,explorer,Cell,java,Widget,Data / Cells,todo,
stroom-core-client/src/main/java/stroom/explorer/client/presenter/FindUiHandlers.java,stroom-core-client,client,explorer,UiHandlers,java,Shared Screen/Dialog,Explorer,todo,
stroom-core-client/src/main/java/stroom/explorer/client/presenter/NavigationPresenter.java,stroom-core-client,client,explorer,Presenter,java,Shared Screen/Dialog,Explorer,todo,
stroom-core-client/src/main/java/stroom/explorer/client/presenter/NavigationUiHandlers.java,stroom-core-client,client,explorer,UiHandlers,java,Shared Screen/Dialog,Explorer,todo,
stroom-core-client/src/main/java/stroom/explorer/client/presenter/OpenItems.java,stroom-core-client,client,explorer,,java,Shared Screen/Dialog,Explorer,todo,
stroom-core-client/src/main/java/stroom/explorer/client/presenter/RecentItems.java,stroom-core-client,client,explorer,,java,Shared Screen/Dialog,Explorer,todo,
stroom-core-client/src/main/java/stroom/explorer/client/presenter/RecentItemsPresenter.java,stroom-core-client,client,explorer,Presenter,java,Shared Screen/Dialog,Explorer,todo,
stroom-core-client/src/main/java/stroom/explorer/client/presenter/SelectionEventManager.java,stroom-core-client,client,explorer,Manager,java,Shared Screen/Dialog,Explorer,todo,
stroom-core-client/src/main/java/stroom/explorer/client/presenter/TabSessionChooserPresenter.java,stroom-core-client,client,explorer,Presenter,java,Shared Screen/Dialog,Explorer,todo,
stroom-core-client/src/main/java/stroom/explorer/client/presenter/TabSessionManager.java,stroom-core-client,client,explorer,Manager,java,Shared Screen/Dialog,Explorer,todo,
stroom-core-client/src/main/java/stroom/explorer/client/presenter/TickBoxSelectionModel.java,stroom-core-client,client,explorer,Model,java,Shared Screen/Dialog,Explorer,todo,
stroom-core-client/src/main/java/stroom/explorer/client/presenter/TypeFilterPresenter.java,stroom-core-client,client,explorer,Presenter,java,Shared Screen/Dialog,Explorer,todo,
stroom-core-client/src/main/java/stroom/explorer/client/presenter/TypeFilterViewImpl.java,stroom-core-client,client,explorer,ViewImpl,java,Shared Screen/Dialog,Explorer,todo,
stroom-core-client/src/main/java/stroom/explorer/client/view/EntityCheckTreeViewImpl.java,stroom-core-client,client,explorer,ViewImpl,java,Shared Screen/Dialog,Explorer,todo,
stroom-core-client/src/main/java/stroom/explorer/client/view/EntityTreeViewImpl.java,stroom-core-client,client,explorer,ViewImpl,java,Shared Screen/Dialog,Explorer,todo,
stroom-core-client/src/main/java/stroom/explorer/client/view/ExplorerCell.java,stroom-core-client,client,explorer,Cell,java,Widget,Data / Cells,todo,
stroom-core-client/src/main/java/stroom/explorer/client/view/ExplorerNodeEditTagsViewImpl.java,stroom-core-client,client,explorer,ViewImpl,java,Shared Screen/Dialog,Explorer,todo,
stroom-core-client/src/main/java/stroom/explorer/client/view/ExplorerNodeRemoveTagsViewImpl.java,stroom-core-client,client,explorer,ViewImpl,java,Shared Screen/Dialog,Explorer,todo,
stroom-core-client/src/main/java/stroom/explorer/client/view/FindInContentViewImpl.java,stroom-core-client,client,explorer,ViewImpl,java,Shared Screen/Dialog,Explorer,todo,
stroom-core-client/src/main/java/stroom/explorer/client/view/FindViewImpl.java,stroom-core-client,client,explorer,ViewImpl,java,Shared Screen/Dialog,Explorer,todo,
stroom-core-client/src/main/java/stroom/explorer/client/view/NavigationViewImpl.java,stroom-core-client,client,explorer,ViewImpl,java,Shared Screen/Dialog,Explorer,todo,
stroom-core-client/src/main/java/stroom/explorer/client/view/TabSessionChooserViewImpl.java,stroom-core-client,client,explorer,ViewImpl,java,Shared Screen/Dialog,Explorer,todo,
stroom-core-client/src/main/java/stroom/feed/client/CopyFeedUrlEvent.java,stroom-core-client,client,feed,Event,java,Screen/Dialog,Feed,todo,
stroom-core-client/src/main/java/stroom/feed/client/DataUploadService.java,stroom-core-client,client,feed,,java,Screen/Dialog,Feed,todo,
stroom-core-client/src/main/java/stroom/feed/client/DataUploadServiceAsync.java,stroom-core-client,client,feed,,java,Screen/Dialog,Feed,todo,
stroom-core-client/src/main/java/stroom/feed/client/FeedClient.java,stroom-core-client,client,feed,Client,java,Screen/Dialog,Feed,todo,
stroom-core-client/src/main/java/stroom/feed/client/FeedPlugin.java,stroom-core-client,client,feed,Plugin,java,Screen/Dialog,Feed,todo,
stroom-core-client/src/main/java/stroom/feed/client/OpenFeedEvent.java,stroom-core-client,client,feed,Event,java,Screen/Dialog,Feed,todo,
stroom-core-client/src/main/java/stroom/feed/client/gin/FeedGinjector.java,stroom-core-client,client,feed,Ginjector,java,Framework,Dependency injection (GIN wiring),n/a,
stroom-core-client/src/main/java/stroom/feed/client/gin/FeedModule.java,stroom-core-client,client,feed,Module,java,Framework,Dependency injection (GIN wiring),n/a,
stroom-core-client/src/main/java/stroom/feed/client/presenter/FeedPresenter.java,stroom-core-client,client,feed,Presenter,java,Screen/Dialog,Feed,todo,
stroom-core-client/src/main/java/stroom/feed/client/presenter/FeedSettingsPresenter.java,stroom-core-client,client,feed,Presenter,java,Screen/Dialog,Feed,todo,
stroom-core-client/src/main/java/stroom/feed/client/presenter/SupportedRetentionAge.java,stroom-core-client,client,feed,,java,Screen/Dialog,Feed,todo,
stroom-core-client/src/main/java/stroom/feed/client/view/FeedSettingsViewImpl.java,stroom-core-client,client,feed,ViewImpl,java,Screen/Dialog,Feed,todo,
stroom-core-client/src/main/java/stroom/folder/client/FolderFavouritesPlugin.java,stroom-core-client,client,folder,Plugin,java,Screen/Dialog,Folder,todo,
stroom-core-client/src/main/java/stroom/folder/client/FolderPlugin.java,stroom-core-client,client,folder,Plugin,java,Screen/Dialog,Folder,todo,
stroom-core-client/src/main/java/stroom/folder/client/FolderPresenter.java,stroom-core-client,client,folder,Presenter,java,Screen/Dialog,Folder,todo,
stroom-core-client/src/main/java/stroom/folder/client/FolderRootPlugin.java,stroom-core-client,client,folder,Plugin,java,Screen/Dialog,Folder,todo,
stroom-core-client/src/main/java/stroom/folder/client/FolderRootPresenter.java,stroom-core-client,client,folder,Presenter,java,Screen/Dialog,Folder,todo,
stroom-core-client/src/main/java/stroom/folder/client/gin/FolderGinjector.java,stroom-core-client,client,folder,Ginjector,java,Framework,Dependency injection (GIN wiring),n/a,
stroom-core-client/src/main/java/stroom/folder/client/gin/FolderModule.java,stroom-core-client,client,folder,Module,java,Framework,Dependency injection (GIN wiring),n/a,
stroom-core-client/src/main/java/stroom/gitrepo/client/GitRepoPlugin.java,stroom-core-client,client,gitrepo,Plugin,java,Screen/Dialog,Git repository,todo,
stroom-core-client/src/main/java/stroom/gitrepo/client/gin/GitRepoGinjector.java,stroom-core-client,client,gitrepo,Ginjector,java,Framework,Dependency injection (GIN wiring),n/a,
stroom-core-client/src/main/java/stroom/gitrepo/client/gin/GitRepoModule.java,stroom-core-client,client,gitrepo,Module,java,Framework,Dependency injection (GIN wiring),n/a,
stroom-core-client/src/main/java/stroom/gitrepo/client/presenter/GitRepoCommitDialogPresenter.java,stroom-core-client,client,gitrepo,Presenter,java,Screen/Dialog,Git repository,todo,
stroom-core-client/src/main/java/stroom/gitrepo/client/presenter/GitRepoPresenter.java,stroom-core-client,client,gitrepo,Presenter,java,Screen/Dialog,Git repository,todo,
stroom-core-client/src/main/java/stroom/gitrepo/client/presenter/GitRepoSettingsPresenter.java,stroom-core-client,client,gitrepo,Presenter,java,Screen/Dialog,Git repository,todo,
stroom-core-client/src/main/java/stroom/gitrepo/client/presenter/GitRepoSettingsUiHandlers.java,stroom-core-client,client,gitrepo,UiHandlers,java,Screen/Dialog,Git repository,todo,
stroom-core-client/src/main/java/stroom/gitrepo/client/view/GitRepoCommitDialogViewImpl.java,stroom-core-client,client,gitrepo,ViewImpl,java,Screen/Dialog,Git repository,todo,
stroom-core-client/src/main/java/stroom/gitrepo/client/view/GitRepoSettingsViewImpl.java,stroom-core-client,client,gitrepo,ViewImpl,java,Screen/Dialog,Git repository,todo,
stroom-core-client/src/main/java/stroom/help/client/HelpPlugin.java,stroom-core-client,client,help,Plugin,java,Screen/Dialog,Help,todo,
stroom-core-client/src/main/java/stroom/help/client/event/HelpActionEvent.java,stroom-core-client,client,help,Event,java,Screen/Dialog,Help,todo,
stroom-core-client/src/main/java/stroom/help/client/event/HelpActionHandler.java,stroom-core-client,client,help,Handler,java,Screen/Dialog,Help,todo,
stroom-core-client/src/main/java/stroom/http/client/gin/HttpGinjector.java,stroom-core-client,client,http,Ginjector,java,Framework,Dependency injection (GIN wiring),n/a,
stroom-core-client/src/main/java/stroom/http/client/gin/HttpModule.java,stroom-core-client,client,http,Module,java,Framework,Dependency injection (GIN wiring),n/a,
stroom-core-client/src/main/java/stroom/http/client/presenter/HttpClientConfigPresenter.java,stroom-core-client,client,http,Presenter,java,Screen/Dialog,HTTP,todo,
stroom-core-client/src/main/java/stroom/http/client/presenter/HttpClientConfigUiHandlers.java,stroom-core-client,client,http,UiHandlers,java,Screen/Dialog,HTTP,todo,
stroom-core-client/src/main/java/stroom/http/client/presenter/HttpTlsConfigPresenter.java,stroom-core-client,client,http,Presenter,java,Screen/Dialog,HTTP,todo,
stroom-core-client/src/main/java/stroom/http/client/view/HttpClientConfigViewImpl.java,stroom-core-client,client,http,ViewImpl,java,Screen/Dialog,HTTP,todo,
stroom-core-client/src/main/java/stroom/http/client/view/HttpTlsConfigViewImpl.java,stroom-core-client,client,http,ViewImpl,java,Screen/Dialog,HTTP,todo,
stroom-core-client/src/main/java/stroom/hyperlink/client/HyperlinkEventHandlerImpl.java,stroom-core-client,client,hyperlink,,java,Framework,Application shell,todo,
stroom-core-client/src/main/java/stroom/hyperlink/client/HyperlinkType.java,stroom-core-client,client,hyperlink,Type,java,Framework,Application shell,todo,
stroom-core-client/src/main/java/stroom/hyperlink/client/ShowDashboardEvent.java,stroom-core-client,client,hyperlink,Event,java,Framework,Client events (event bus),n/a,
stroom-core-client/src/main/java/stroom/iframe/client/presenter/IFrameContentPresenter.java,stroom-core-client,client,iframe,Presenter,java,Framework,Application shell,todo,
stroom-core-client/src/main/java/stroom/iframe/client/presenter/IFrameLoadUiHandlers.java,stroom-core-client,client,iframe,UiHandlers,java,Framework,Application shell,todo,
stroom-core-client/src/main/java/stroom/iframe/client/presenter/IFramePresenter.java,stroom-core-client,client,iframe,Presenter,java,Framework,Application shell,todo,
stroom-core-client/src/main/java/stroom/iframe/client/view/IFrameContentViewImpl.java,stroom-core-client,client,iframe,ViewImpl,java,Framework,Application shell,todo,
stroom-core-client/src/main/java/stroom/iframe/client/view/IFrameViewImpl.java,stroom-core-client,client,iframe,ViewImpl,java,Framework,Application shell,todo,
stroom-core-client/src/main/java/stroom/importexport/client/DependenciesPlugin.java,stroom-core-client,client,importexport,Plugin,java,Screen/Dialog,Import / Export,todo,
stroom-core-client/src/main/java/stroom/importexport/client/ExportConfigPlugin.java,stroom-core-client,client,importexport,Plugin,java,Screen/Dialog,Import / Export,todo,
stroom-core-client/src/main/java/stroom/importexport/client/ImportConfigPlugin.java,stroom-core-client,client,importexport,Plugin,java,Screen/Dialog,Import / Export,todo,
stroom-core-client/src/main/java/stroom/importexport/client/event/ExportConfigEvent.java,stroom-core-client,client,importexport,Event,java,Screen/Dialog,Import / Export,todo,
stroom-core-client/src/main/java/stroom/importexport/client/event/ImportConfigConfirmEvent.java,stroom-core-client,client,importexport,Event,java,Screen/Dialog,Import / Export,todo,
stroom-core-client/src/main/java/stroom/importexport/client/event/ImportConfigEvent.java,stroom-core-client,client,importexport,Event,java,Screen/Dialog,Import / Export,todo,
stroom-core-client/src/main/java/stroom/importexport/client/event/ShowDependenciesInfoDialogEvent.java,stroom-core-client,client,importexport,Event,java,Screen/Dialog,Import / Export,todo,
stroom-core-client/src/main/java/stroom/importexport/client/event/ShowDocRefDependenciesEvent.java,stroom-core-client,client,importexport,Event,java,Screen/Dialog,Import / Export,todo,
stroom-core-client/src/main/java/stroom/importexport/client/gin/ImportExportConfigGinjector.java,stroom-core-client,client,importexport,Ginjector,java,Framework,Dependency injection (GIN wiring),n/a,
stroom-core-client/src/main/java/stroom/importexport/client/gin/ImportExportConfigModule.java,stroom-core-client,client,importexport,Module,java,Framework,Dependency injection (GIN wiring),n/a,
stroom-core-client/src/main/java/stroom/importexport/client/presenter/DependenciesInfoPresenter.java,stroom-core-client,client,importexport,Presenter,java,Screen/Dialog,Import / Export,todo,
stroom-core-client/src/main/java/stroom/importexport/client/presenter/DependenciesInfoViewImpl.java,stroom-core-client,client,importexport,ViewImpl,java,Screen/Dialog,Import / Export,todo,
stroom-core-client/src/main/java/stroom/importexport/client/presenter/DependenciesPresenter.java,stroom-core-client,client,importexport,Presenter,java,Screen/Dialog,Import / Export,todo,
stroom-core-client/src/main/java/stroom/importexport/client/presenter/DependenciesTabPresenter.java,stroom-core-client,client,importexport,Presenter,java,Screen/Dialog,Import / Export,todo,
stroom-core-client/src/main/java/stroom/importexport/client/presenter/DependenciesUiHandlers.java,stroom-core-client,client,importexport,UiHandlers,java,Screen/Dialog,Import / Export,todo,
stroom-core-client/src/main/java/stroom/importexport/client/presenter/ExportConfigPresenter.java,stroom-core-client,client,importexport,Presenter,java,Screen/Dialog,Import / Export,todo,
stroom-core-client/src/main/java/stroom/importexport/client/presenter/ExportConfigUiHandlers.java,stroom-core-client,client,importexport,UiHandlers,java,Screen/Dialog,Import / Export,todo,
stroom-core-client/src/main/java/stroom/importexport/client/presenter/ImportConfigConfirmPresenter.java,stroom-core-client,client,importexport,Presenter,java,Screen/Dialog,Import / Export,todo,
stroom-core-client/src/main/java/stroom/importexport/client/presenter/ImportConfigPresenter.java,stroom-core-client,client,importexport,Presenter,java,Screen/Dialog,Import / Export,todo,
stroom-core-client/src/main/java/stroom/importexport/client/presenter/ImportUtil.java,stroom-core-client,client,importexport,Util,java,Utility,Import / Export,todo,
stroom-core-client/src/main/java/stroom/importexport/client/view/DependenciesTabViewImpl.java,stroom-core-client,client,importexport,ViewImpl,java,Screen/Dialog,Import / Export,todo,
stroom-core-client/src/main/java/stroom/importexport/client/view/ExportConfigViewImpl.java,stroom-core-client,client,importexport,ViewImpl,java,Screen/Dialog,Import / Export,todo,
stroom-core-client/src/main/java/stroom/importexport/client/view/ImportConfigConfirmViewImpl.java,stroom-core-client,client,importexport,ViewImpl,java,Screen/Dialog,Import / Export,todo,
stroom-core-client/src/main/java/stroom/importexport/client/view/ImportConfigViewImpl.java,stroom-core-client,client,importexport,ViewImpl,java,Screen/Dialog,Import / Export,todo,
stroom-core-client/src/main/java/stroom/index/client/IndexPlugin.java,stroom-core-client,client,index,Plugin,java,Screen/Dialog,Index,todo,
stroom-core-client/src/main/java/stroom/index/client/ManageIndexVolumesPlugin.java,stroom-core-client,client,index,Plugin,java,Screen/Dialog,Index,todo,
stroom-core-client/src/main/java/stroom/index/client/gin/IndexGinjector.java,stroom-core-client,client,index,Ginjector,java,Framework,Dependency injection (GIN wiring),n/a,
stroom-core-client/src/main/java/stroom/index/client/gin/IndexModule.java,stroom-core-client,client,index,Module,java,Framework,Dependency injection (GIN wiring),n/a,
stroom-core-client/src/main/java/stroom/index/client/presenter/DenseVectorFieldPresenter.java,stroom-core-client,client,index,Presenter,java,Screen/Dialog,Index,todo,
stroom-core-client/src/main/java/stroom/index/client/presenter/IndexFieldEditPresenter.java,stroom-core-client,client,index,Presenter,java,Screen/Dialog,Index,todo,
stroom-core-client/src/main/java/stroom/index/client/presenter/IndexFieldListPresenter.java,stroom-core-client,client,index,Presenter,java,Screen/Dialog,Index,todo,
stroom-core-client/src/main/java/stroom/index/client/presenter/IndexPresenter.java,stroom-core-client,client,index,Presenter,java,Screen/Dialog,Index,todo,
stroom-core-client/src/main/java/stroom/index/client/presenter/IndexSettingsPresenter.java,stroom-core-client,client,index,Presenter,java,Screen/Dialog,Index,todo,
stroom-core-client/src/main/java/stroom/index/client/presenter/IndexSettingsUiHandlers.java,stroom-core-client,client,index,UiHandlers,java,Screen/Dialog,Index,todo,
stroom-core-client/src/main/java/stroom/index/client/presenter/IndexShardPresenter.java,stroom-core-client,client,index,Presenter,java,Screen/Dialog,Index,todo,
stroom-core-client/src/main/java/stroom/index/client/presenter/IndexVolumeEditPresenter.java,stroom-core-client,client,index,Presenter,java,Screen/Dialog,Index,todo,
stroom-core-client/src/main/java/stroom/index/client/presenter/IndexVolumeGroupEditPresenter.java,stroom-core-client,client,index,Presenter,java,Screen/Dialog,Index,todo,
stroom-core-client/src/main/java/stroom/index/client/presenter/IndexVolumeGroupListPresenter.java,stroom-core-client,client,index,Presenter,java,Screen/Dialog,Index,todo,
stroom-core-client/src/main/java/stroom/index/client/presenter/IndexVolumeGroupPresenter.java,stroom-core-client,client,index,Presenter,java,Screen/Dialog,Index,todo,
stroom-core-client/src/main/java/stroom/index/client/presenter/IndexVolumeStatusListPresenter.java,stroom-core-client,client,index,Presenter,java,Screen/Dialog,Index,todo,
stroom-core-client/src/main/java/stroom/index/client/presenter/NewIndexVolumeGroupPresenter.java,stroom-core-client,client,index,Presenter,java,Screen/Dialog,Index,todo,
stroom-core-client/src/main/java/stroom/index/client/view/DenseVectorFieldViewImpl.java,stroom-core-client,client,index,ViewImpl,java,Screen/Dialog,Index,todo,
stroom-core-client/src/main/java/stroom/index/client/view/IndexFieldEditViewImpl.java,stroom-core-client,client,index,ViewImpl,java,Screen/Dialog,Index,todo,
stroom-core-client/src/main/java/stroom/index/client/view/IndexSettingsViewImpl.java,stroom-core-client,client,index,ViewImpl,java,Screen/Dialog,Index,todo,
stroom-core-client/src/main/java/stroom/index/client/view/IndexVolumeEditViewImpl.java,stroom-core-client,client,index,ViewImpl,java,Screen/Dialog,Index,todo,
stroom-core-client/src/main/java/stroom/index/client/view/IndexVolumeGroupEditViewImpl.java,stroom-core-client,client,index,ViewImpl,java,Screen/Dialog,Index,todo,
stroom-core-client/src/main/java/stroom/job/client/JobTypeCell.java,stroom-core-client,client,job,Cell,java,Widget,Data / Cells,todo,
stroom-core-client/src/main/java/stroom/job/client/event/JobChangeEvent.java,stroom-core-client,client,job,Event,java,Screen/Dialog,Jobs / scheduler,todo,
stroom-core-client/src/main/java/stroom/job/client/event/JobNodeChangeEvent.java,stroom-core-client,client,job,Event,java,Screen/Dialog,Jobs / scheduler,todo,
stroom-core-client/src/main/java/stroom/job/client/event/OpenJobNodeEvent.java,stroom-core-client,client,job,Event,java,Screen/Dialog,Jobs / scheduler,todo,
stroom-core-client/src/main/java/stroom/job/client/presenter/JobListPresenter.java,stroom-core-client,client,job,Presenter,java,Screen/Dialog,Jobs / scheduler,todo,
stroom-core-client/src/main/java/stroom/job/client/presenter/JobNodeListPresenter.java,stroom-core-client,client,job,Presenter,java,Screen/Dialog,Jobs / scheduler,todo,
stroom-core-client/src/main/java/stroom/job/client/presenter/JobPresenter.java,stroom-core-client,client,job,Presenter,java,Screen/Dialog,Jobs / scheduler,todo,
stroom-core-client/src/main/java/stroom/job/client/view/JobViewImpl.java,stroom-core-client,client,job,ViewImpl,java,Screen/Dialog,Jobs / scheduler,todo,
stroom-core-client/src/main/java/stroom/kafka/client/KafkaConfigPlugin.java,stroom-core-client,client,kafka,Plugin,java,Screen/Dialog,Kafka,todo,
stroom-core-client/src/main/java/stroom/kafka/client/gin/KafkaConfigGinjector.java,stroom-core-client,client,kafka,Ginjector,java,Framework,Dependency injection (GIN wiring),n/a,
stroom-core-client/src/main/java/stroom/kafka/client/gin/KafkaConfigModule.java,stroom-core-client,client,kafka,Module,java,Framework,Dependency injection (GIN wiring),n/a,
stroom-core-client/src/main/java/stroom/kafka/client/presenter/KafkaConfigPresenter.java,stroom-core-client,client,kafka,Presenter,java,Screen/Dialog,Kafka,todo,
stroom-core-client/src/main/java/stroom/main/client/event/DockEvent.java,stroom-core-client,client,main,Event,java,Screen/Dialog,Main,todo,
stroom-core-client/src/main/java/stroom/main/client/event/DockResizeEvent.java,stroom-core-client,client,main,Event,java,Screen/Dialog,Main,todo,
stroom-core-client/src/main/java/stroom/main/client/event/ShowMainEvent.java,stroom-core-client,client,main,Event,java,Screen/Dialog,Main,todo,
stroom-core-client/src/main/java/stroom/main/client/event/UrlQueryParameterChangeEvent.java,stroom-core-client,client,main,Event,java,Screen/Dialog,Main,todo,
stroom-core-client/src/main/java/stroom/main/client/presenter/GlobalKeyHandlerImpl.java,stroom-core-client,client,main,,java,Screen/Dialog,Main,todo,
stroom-core-client/src/main/java/stroom/main/client/presenter/MainPresenter.java,stroom-core-client,client,main,Presenter,java,Screen/Dialog,Main,todo,
stroom-core-client/src/main/java/stroom/main/client/presenter/MainUiHandlers.java,stroom-core-client,client,main,UiHandlers,java,Screen/Dialog,Main,todo,
stroom-core-client/src/main/java/stroom/main/client/view/DynamicStyles.java,stroom-core-client,client,main,,java,Screen/Dialog,Main,todo,
stroom-core-client/src/main/java/stroom/main/client/view/MainToolbar.java,stroom-core-client,client,main,,java,Screen/Dialog,Main,todo,
stroom-core-client/src/main/java/stroom/main/client/view/MainViewImpl.java,stroom-core-client,client,main,ViewImpl,java,Screen/Dialog,Main,todo,
stroom-core-client/src/main/java/stroom/main/client/view/Spinner.java,stroom-core-client,client,main,,java,Screen/Dialog,Main,todo,
stroom-core-client/src/main/java/stroom/menubar/client/event/BeforeRevealMenubarEvent.java,stroom-core-client,client,menubar,Event,java,Framework,Client events (event bus),n/a,
stroom-core-client/src/main/java/stroom/menubar/client/view/MenubarItem.java,stroom-core-client,client,menubar,,java,Framework,Application shell,todo,
stroom-core-client/src/main/java/stroom/monitoring/client/DatabaseTablesMonitoringPlugin.java,stroom-core-client,client,monitoring,Plugin,java,Screen/Dialog,Monitoring,todo,
stroom-core-client/src/main/java/stroom/monitoring/client/ExecutionScheduleManagerPlugin.java,stroom-core-client,client,monitoring,Plugin,java,Screen/Dialog,Monitoring,todo,
stroom-core-client/src/main/java/stroom/monitoring/client/JobListPlugin.java,stroom-core-client,client,monitoring,Plugin,java,Screen/Dialog,Monitoring,todo,
stroom-core-client/src/main/java/stroom/monitoring/client/NodeGroupsPlugin.java,stroom-core-client,client,monitoring,Plugin,java,Screen/Dialog,Monitoring,todo,
stroom-core-client/src/main/java/stroom/monitoring/client/NodeMonitoringPlugin.java,stroom-core-client,client,monitoring,Plugin,java,Screen/Dialog,Monitoring,todo,
stroom-core-client/src/main/java/stroom/monitoring/client/ProcessorProfilePlugin.java,stroom-core-client,client,monitoring,Plugin,java,Screen/Dialog,Monitoring,todo,
stroom-core-client/src/main/java/stroom/monitoring/client/gin/MonitoringGinjector.java,stroom-core-client,client,monitoring,Ginjector,java,Framework,Dependency injection (GIN wiring),n/a,
stroom-core-client/src/main/java/stroom/monitoring/client/gin/MonitoringModule.java,stroom-core-client,client,monitoring,Module,java,Framework,Dependency injection (GIN wiring),n/a,
stroom-core-client/src/main/java/stroom/monitoring/client/presenter/DatabaseTablesMonitoringPresenter.java,stroom-core-client,client,monitoring,Presenter,java,Screen/Dialog,Monitoring,todo,
stroom-core-client/src/main/java/stroom/node/client/JobNodeListHelper.java,stroom-core-client,client,node,,java,Screen/Dialog,Node / cluster,todo,
stroom-core-client/src/main/java/stroom/node/client/ManageGlobalPropertiesPlugin.java,stroom-core-client,client,node,Plugin,java,Screen/Dialog,Node / cluster,todo,
stroom-core-client/src/main/java/stroom/node/client/NodeClient.java,stroom-core-client,client,node,Client,java,Screen/Dialog,Node / cluster,todo,
stroom-core-client/src/main/java/stroom/node/client/NodeGroupClient.java,stroom-core-client,client,node,Client,java,Screen/Dialog,Node / cluster,todo,
stroom-core-client/src/main/java/stroom/node/client/NodeToolsContentPlugin.java,stroom-core-client,client,node,Plugin,java,Screen/Dialog,Node / cluster,todo,
stroom-core-client/src/main/java/stroom/node/client/event/NodeChangeEvent.java,stroom-core-client,client,node,Event,java,Screen/Dialog,Node / cluster,todo,
stroom-core-client/src/main/java/stroom/node/client/event/OpenNodeEvent.java,stroom-core-client,client,node,Event,java,Screen/Dialog,Node / cluster,todo,
stroom-core-client/src/main/java/stroom/node/client/presenter/NewNodeGroupPresenter.java,stroom-core-client,client,node,Presenter,java,Screen/Dialog,Node / cluster,todo,
stroom-core-client/src/main/java/stroom/node/client/presenter/NodeGroupEditPresenter.java,stroom-core-client,client,node,Presenter,java,Screen/Dialog,Node / cluster,todo,
stroom-core-client/src/main/java/stroom/node/client/presenter/NodeGroupListModel.java,stroom-core-client,client,node,Model,java,Screen/Dialog,Node / cluster,todo,
stroom-core-client/src/main/java/stroom/node/client/presenter/NodeGroupListPresenter.java,stroom-core-client,client,node,Presenter,java,Screen/Dialog,Node / cluster,todo,
stroom-core-client/src/main/java/stroom/node/client/presenter/NodeGroupPresenter.java,stroom-core-client,client,node,Presenter,java,Screen/Dialog,Node / cluster,todo,
stroom-core-client/src/main/java/stroom/node/client/presenter/NodeGroupStateListPresenter.java,stroom-core-client,client,node,Presenter,java,Screen/Dialog,Node / cluster,todo,
stroom-core-client/src/main/java/stroom/node/client/presenter/NodeJobListPresenter.java,stroom-core-client,client,node,Presenter,java,Screen/Dialog,Node / cluster,todo,
stroom-core-client/src/main/java/stroom/node/client/presenter/NodePresenter.java,stroom-core-client,client,node,Presenter,java,Screen/Dialog,Node / cluster,todo,
stroom-core-client/src/main/java/stroom/node/client/presenter/NodeStatusListPresenter.java,stroom-core-client,client,node,Presenter,java,Screen/Dialog,Node / cluster,todo,
stroom-core-client/src/main/java/stroom/node/client/view/NodeGroupEditUiHandlers.java,stroom-core-client,client,node,UiHandlers,java,Screen/Dialog,Node / cluster,todo,
stroom-core-client/src/main/java/stroom/node/client/view/NodeGroupEditViewImpl.java,stroom-core-client,client,node,ViewImpl,java,Screen/Dialog,Node / cluster,todo,
stroom-core-client/src/main/java/stroom/node/client/view/NodeViewImpl.java,stroom-core-client,client,node,ViewImpl,java,Screen/Dialog,Node / cluster,todo,
stroom-core-client/src/main/java/stroom/openai/client/OpenAIModelPlugin.java,stroom-core-client,client,openai,Plugin,java,Screen/Dialog,AI (OpenAI),todo,
stroom-core-client/src/main/java/stroom/openai/client/gin/OpenAIModelGinjector.java,stroom-core-client,client,openai,Ginjector,java,Framework,Dependency injection (GIN wiring),n/a,
stroom-core-client/src/main/java/stroom/openai/client/gin/OpenAIModelModule.java,stroom-core-client,client,openai,Module,java,Framework,Dependency injection (GIN wiring),n/a,
stroom-core-client/src/main/java/stroom/openai/client/presenter/OpenAIModelPresenter.java,stroom-core-client,client,openai,Presenter,java,Screen/Dialog,AI (OpenAI),todo,
stroom-core-client/src/main/java/stroom/openai/client/presenter/OpenAIModelSettingsPresenter.java,stroom-core-client,client,openai,Presenter,java,Screen/Dialog,AI (OpenAI),todo,
stroom-core-client/src/main/java/stroom/openai/client/presenter/OpenAIModelSettingsUiHandlers.java,stroom-core-client,client,openai,UiHandlers,java,Screen/Dialog,AI (OpenAI),todo,
stroom-core-client/src/main/java/stroom/openai/client/view/OpenAIModelSettingsViewImpl.java,stroom-core-client,client,openai,ViewImpl,java,Screen/Dialog,AI (OpenAI),todo,
stroom-core-client/src/main/java/stroom/pathways/client/PathwaysPlugin.java,stroom-core-client,client,pathways,Plugin,java,Screen/Dialog,Pathways,todo,
stroom-core-client/src/main/java/stroom/pathways/client/TracesDocPlugin.java,stroom-core-client,client,pathways,Plugin,java,Screen/Dialog,Pathways,todo,
stroom-core-client/src/main/java/stroom/pathways/client/TracesPlugin.java,stroom-core-client,client,pathways,Plugin,java,Screen/Dialog,Pathways,todo,
stroom-core-client/src/main/java/stroom/pathways/client/gin/PathwaysGinjector.java,stroom-core-client,client,pathways,Ginjector,java,Framework,Dependency injection (GIN wiring),n/a,
stroom-core-client/src/main/java/stroom/pathways/client/gin/PathwaysModule.java,stroom-core-client,client,pathways,Module,java,Framework,Dependency injection (GIN wiring),n/a,
stroom-core-client/src/main/java/stroom/pathways/client/presenter/Bezier.java,stroom-core-client,client,pathways,,java,Screen/Dialog,Pathways,todo,
stroom-core-client/src/main/java/stroom/pathways/client/presenter/CommonSpanBuilder.java,stroom-core-client,client,pathways,Builder,java,Screen/Dialog,Pathways,todo,
stroom-core-client/src/main/java/stroom/pathways/client/presenter/ConstraintEditPresenter.java,stroom-core-client,client,pathways,Presenter,java,Screen/Dialog,Pathways,todo,
stroom-core-client/src/main/java/stroom/pathways/client/presenter/ConstraintListPresenter.java,stroom-core-client,client,pathways,Presenter,java,Screen/Dialog,Pathways,todo,
stroom-core-client/src/main/java/stroom/pathways/client/presenter/PathwayEditPresenter.java,stroom-core-client,client,pathways,Presenter,java,Screen/Dialog,Pathways,todo,
stroom-core-client/src/main/java/stroom/pathways/client/presenter/PathwayListPresenter.java,stroom-core-client,client,pathways,Presenter,java,Screen/Dialog,Pathways,todo,
stroom-core-client/src/main/java/stroom/pathways/client/presenter/PathwayTreePresenter.java,stroom-core-client,client,pathways,Presenter,java,Screen/Dialog,Pathways,todo,
stroom-core-client/src/main/java/stroom/pathways/client/presenter/PathwaysPresenter.java,stroom-core-client,client,pathways,Presenter,java,Screen/Dialog,Pathways,todo,
stroom-core-client/src/main/java/stroom/pathways/client/presenter/PathwaysSettingsPresenter.java,stroom-core-client,client,pathways,Presenter,java,Screen/Dialog,Pathways,todo,
stroom-core-client/src/main/java/stroom/pathways/client/presenter/PathwaysSettingsUiHandlers.java,stroom-core-client,client,pathways,UiHandlers,java,Screen/Dialog,Pathways,todo,
stroom-core-client/src/main/java/stroom/pathways/client/presenter/PathwaysSplitPresenter.java,stroom-core-client,client,pathways,Presenter,java,Screen/Dialog,Pathways,todo,
stroom-core-client/src/main/java/stroom/pathways/client/presenter/ShowTracesEvent.java,stroom-core-client,client,pathways,Event,java,Screen/Dialog,Pathways,todo,
stroom-core-client/src/main/java/stroom/pathways/client/presenter/TraceHistogramWidget.java,stroom-core-client,client,pathways,Widget,java,Screen/Dialog,Pathways,todo,
stroom-core-client/src/main/java/stroom/pathways/client/presenter/TraceOverviewWidget.java,stroom-core-client,client,pathways,Widget,java,Screen/Dialog,Pathways,todo,
stroom-core-client/src/main/java/stroom/pathways/client/presenter/TracesListPresenter.java,stroom-core-client,client,pathways,Presenter,java,Screen/Dialog,Pathways,todo,
stroom-core-client/src/main/java/stroom/pathways/client/presenter/TracesListTabPresenter.java,stroom-core-client,client,pathways,Presenter,java,Screen/Dialog,Pathways,todo,
stroom-core-client/src/main/java/stroom/pathways/client/presenter/TracesPresenter.java,stroom-core-client,client,pathways,Presenter,java,Screen/Dialog,Pathways,todo,
stroom-core-client/src/main/java/stroom/pathways/client/presenter/TracesSettingsPresenter.java,stroom-core-client,client,pathways,Presenter,java,Screen/Dialog,Pathways,todo,
stroom-core-client/src/main/java/stroom/pathways/client/view/ConstraintEditViewImpl.java,stroom-core-client,client,pathways,ViewImpl,java,Screen/Dialog,Pathways,todo,
stroom-core-client/src/main/java/stroom/pathways/client/view/PathwayEditViewImpl.java,stroom-core-client,client,pathways,ViewImpl,java,Screen/Dialog,Pathways,todo,
stroom-core-client/src/main/java/stroom/pathways/client/view/PathwayTreeViewImpl.java,stroom-core-client,client,pathways,ViewImpl,java,Screen/Dialog,Pathways,todo,
stroom-core-client/src/main/java/stroom/pathways/client/view/PathwaysSettingsViewImpl.java,stroom-core-client,client,pathways,ViewImpl,java,Screen/Dialog,Pathways,todo,
stroom-core-client/src/main/java/stroom/pathways/client/view/PathwaysSplitViewImpl.java,stroom-core-client,client,pathways,ViewImpl,java,Screen/Dialog,Pathways,todo,
stroom-core-client/src/main/java/stroom/pathways/client/view/TracesSettingsViewImpl.java,stroom-core-client,client,pathways,ViewImpl,java,Screen/Dialog,Pathways,todo,
stroom-core-client/src/main/java/stroom/pathways/client/view/TracesViewImpl.java,stroom-core-client,client,pathways,ViewImpl,java,Screen/Dialog,Pathways,todo,
stroom-core-client/src/main/java/stroom/pipeline/client/PipelinePlugin.java,stroom-core-client,client,pipeline,Plugin,java,Screen/Dialog,Pipeline,todo,
stroom-core-client/src/main/java/stroom/pipeline/client/TextConverterPlugin.java,stroom-core-client,client,pipeline,Plugin,java,Screen/Dialog,Pipeline,todo,
stroom-core-client/src/main/java/stroom/pipeline/client/XsltPlugin.java,stroom-core-client,client,pipeline,Plugin,java,Screen/Dialog,Pipeline,todo,
stroom-core-client/src/main/java/stroom/pipeline/client/event/ChangeDataEvent.java,stroom-core-client,client,pipeline,Event,java,Screen/Dialog,Pipeline,todo,
stroom-core-client/src/main/java/stroom/pipeline/client/event/CreateProcessorEvent.java,stroom-core-client,client,pipeline,Event,java,Screen/Dialog,Pipeline,todo,
stroom-core-client/src/main/java/stroom/pipeline/client/event/DataLoadedEvent.java,stroom-core-client,client,pipeline,Event,java,Screen/Dialog,Pipeline,todo,
stroom-core-client/src/main/java/stroom/pipeline/client/event/HasChangeDataHandlers.java,stroom-core-client,client,pipeline,,java,Screen/Dialog,Pipeline,todo,
stroom-core-client/src/main/java/stroom/pipeline/client/event/HasDataLoadedHandlers.java,stroom-core-client,client,pipeline,,java,Screen/Dialog,Pipeline,todo,
stroom-core-client/src/main/java/stroom/pipeline/client/gin/PipelineGinjector.java,stroom-core-client,client,pipeline,Ginjector,java,Framework,Dependency injection (GIN wiring),n/a,
stroom-core-client/src/main/java/stroom/pipeline/client/gin/PipelineModule.java,stroom-core-client,client,pipeline,Module,java,Framework,Dependency injection (GIN wiring),n/a,
stroom-core-client/src/main/java/stroom/pipeline/client/presenter/DocRefSelectionPresenter.java,stroom-core-client,client,pipeline,Presenter,java,Screen/Dialog,Pipeline,todo,
stroom-core-client/src/main/java/stroom/pipeline/client/presenter/PipelinePresenter.java,stroom-core-client,client,pipeline,Presenter,java,Screen/Dialog,Pipeline,todo,
stroom-core-client/src/main/java/stroom/pipeline/client/presenter/TextConverterPresenter.java,stroom-core-client,client,pipeline,Presenter,java,Screen/Dialog,Pipeline,todo,
stroom-core-client/src/main/java/stroom/pipeline/client/presenter/TextConverterSettingsPresenter.java,stroom-core-client,client,pipeline,Presenter,java,Screen/Dialog,Pipeline,todo,
stroom-core-client/src/main/java/stroom/pipeline/client/presenter/XsltPresenter.java,stroom-core-client,client,pipeline,Presenter,java,Screen/Dialog,Pipeline,todo,
stroom-core-client/src/main/java/stroom/pipeline/client/view/DocRefSelectionViewImpl.java,stroom-core-client,client,pipeline,ViewImpl,java,Screen/Dialog,Pipeline,todo,
stroom-core-client/src/main/java/stroom/pipeline/client/view/TextConverterSettingsViewImpl.java,stroom-core-client,client,pipeline,ViewImpl,java,Screen/Dialog,Pipeline,todo,
stroom-core-client/src/main/java/stroom/pipeline/stepping/client/event/BeginPipelineSteppingEvent.java,stroom-core-client,client,pipeline,Event,java,Screen/Dialog,Pipeline,todo,
stroom-core-client/src/main/java/stroom/pipeline/stepping/client/presenter/ElementPresenter.java,stroom-core-client,client,pipeline,Presenter,java,Screen/Dialog,Pipeline,todo,
stroom-core-client/src/main/java/stroom/pipeline/stepping/client/presenter/StepControlEvent.java,stroom-core-client,client,pipeline,Event,java,Screen/Dialog,Pipeline,todo,
stroom-core-client/src/main/java/stroom/pipeline/stepping/client/presenter/StepControlPresenter.java,stroom-core-client,client,pipeline,Presenter,java,Screen/Dialog,Pipeline,todo,
stroom-core-client/src/main/java/stroom/pipeline/stepping/client/presenter/StepControlUIHandlers.java,stroom-core-client,client,pipeline,,java,Screen/Dialog,Pipeline,todo,
stroom-core-client/src/main/java/stroom/pipeline/stepping/client/presenter/StepLocationLinkPresenter.java,stroom-core-client,client,pipeline,Presenter,java,Screen/Dialog,Pipeline,todo,
stroom-core-client/src/main/java/stroom/pipeline/stepping/client/presenter/StepLocationPresenter.java,stroom-core-client,client,pipeline,Presenter,java,Screen/Dialog,Pipeline,todo,
stroom-core-client/src/main/java/stroom/pipeline/stepping/client/presenter/SteppingFilterPresenter.java,stroom-core-client,client,pipeline,Presenter,java,Screen/Dialog,Pipeline,todo,
stroom-core-client/src/main/java/stroom/pipeline/stepping/client/presenter/SteppingPipelineTreeBuilder.java,stroom-core-client,client,pipeline,Builder,java,Screen/Dialog,Pipeline,todo,
stroom-core-client/src/main/java/stroom/pipeline/stepping/client/presenter/SteppingPresenter.java,stroom-core-client,client,pipeline,Presenter,java,Screen/Dialog,Pipeline,todo,
stroom-core-client/src/main/java/stroom/pipeline/stepping/client/presenter/XPathFilterPresenter.java,stroom-core-client,client,pipeline,Presenter,java,Screen/Dialog,Pipeline,todo,
stroom-core-client/src/main/java/stroom/pipeline/stepping/client/presenter/XPathListPresenter.java,stroom-core-client,client,pipeline,Presenter,java,Screen/Dialog,Pipeline,todo,
stroom-core-client/src/main/java/stroom/pipeline/stepping/client/view/ElementViewImpl.java,stroom-core-client,client,pipeline,ViewImpl,java,Screen/Dialog,Pipeline,todo,
stroom-core-client/src/main/java/stroom/pipeline/stepping/client/view/StepControlViewImpl.java,stroom-core-client,client,pipeline,ViewImpl,java,Screen/Dialog,Pipeline,todo,
stroom-core-client/src/main/java/stroom/pipeline/stepping/client/view/StepLocationLinkViewImpl.java,stroom-core-client,client,pipeline,ViewImpl,java,Screen/Dialog,Pipeline,todo,
stroom-core-client/src/main/java/stroom/pipeline/stepping/client/view/StepLocationViewImpl.java,stroom-core-client,client,pipeline,ViewImpl,java,Screen/Dialog,Pipeline,todo,
stroom-core-client/src/main/java/stroom/pipeline/stepping/client/view/SteppingFilterViewImpl.java,stroom-core-client,client,pipeline,ViewImpl,java,Screen/Dialog,Pipeline,todo,
stroom-core-client/src/main/java/stroom/pipeline/stepping/client/view/SteppingViewImpl.java,stroom-core-client,client,pipeline,ViewImpl,java,Screen/Dialog,Pipeline,todo,
stroom-core-client/src/main/java/stroom/pipeline/stepping/client/view/XPathFilterViewImpl.java,stroom-core-client,client,pipeline,ViewImpl,java,Screen/Dialog,Pipeline,todo,
stroom-core-client/src/main/java/stroom/pipeline/structure/client/presenter/DefaultPipelineTreeBuilder.java,stroom-core-client,client,pipeline,Builder,java,Screen/Dialog,Pipeline,todo,
stroom-core-client/src/main/java/stroom/pipeline/structure/client/presenter/NewElementPresenter.java,stroom-core-client,client,pipeline,Presenter,java,Screen/Dialog,Pipeline,todo,
stroom-core-client/src/main/java/stroom/pipeline/structure/client/presenter/NewPipelineReferencePresenter.java,stroom-core-client,client,pipeline,Presenter,java,Screen/Dialog,Pipeline,todo,
stroom-core-client/src/main/java/stroom/pipeline/structure/client/presenter/NewPropertyPresenter.java,stroom-core-client,client,pipeline,Presenter,java,Screen/Dialog,Pipeline,todo,
stroom-core-client/src/main/java/stroom/pipeline/structure/client/presenter/PipelineElementTypes.java,stroom-core-client,client,pipeline,Types,java,Screen/Dialog,Pipeline,todo,
stroom-core-client/src/main/java/stroom/pipeline/structure/client/presenter/PipelineElementTypesFactory.java,stroom-core-client,client,pipeline,Factory,java,Screen/Dialog,Pipeline,todo,
stroom-core-client/src/main/java/stroom/pipeline/structure/client/presenter/PipelineModel.java,stroom-core-client,client,pipeline,Model,java,Screen/Dialog,Pipeline,todo,
stroom-core-client/src/main/java/stroom/pipeline/structure/client/presenter/PipelineModelFactory.java,stroom-core-client,client,pipeline,Factory,java,Screen/Dialog,Pipeline,todo,
stroom-core-client/src/main/java/stroom/pipeline/structure/client/presenter/PipelineReferenceListPresenter.java,stroom-core-client,client,pipeline,Presenter,java,Screen/Dialog,Pipeline,todo,
stroom-core-client/src/main/java/stroom/pipeline/structure/client/presenter/PipelineStructurePresenter.java,stroom-core-client,client,pipeline,Presenter,java,Screen/Dialog,Pipeline,todo,
stroom-core-client/src/main/java/stroom/pipeline/structure/client/presenter/PipelineStructureUiHandlers.java,stroom-core-client,client,pipeline,UiHandlers,java,Screen/Dialog,Pipeline,todo,
stroom-core-client/src/main/java/stroom/pipeline/structure/client/presenter/PipelineTreeBuilder.java,stroom-core-client,client,pipeline,Builder,java,Screen/Dialog,Pipeline,todo,
stroom-core-client/src/main/java/stroom/pipeline/structure/client/presenter/PipelineTreePresenter.java,stroom-core-client,client,pipeline,Presenter,java,Screen/Dialog,Pipeline,todo,
stroom-core-client/src/main/java/stroom/pipeline/structure/client/presenter/PipelineTreeUiHandlers.java,stroom-core-client,client,pipeline,UiHandlers,java,Screen/Dialog,Pipeline,todo,
stroom-core-client/src/main/java/stroom/pipeline/structure/client/presenter/PropertyListPresenter.java,stroom-core-client,client,pipeline,Presenter,java,Screen/Dialog,Pipeline,todo,
stroom-core-client/src/main/java/stroom/pipeline/structure/client/presenter/SimplePipelineTreeBuilder.java,stroom-core-client,client,pipeline,Builder,java,Screen/Dialog,Pipeline,todo,
stroom-core-client/src/main/java/stroom/pipeline/structure/client/presenter/StructureValidationUtil.java,stroom-core-client,client,pipeline,Util,java,Utility,Pipeline,todo,
stroom-core-client/src/main/java/stroom/pipeline/structure/client/view/Box.java,stroom-core-client,client,pipeline,,java,Screen/Dialog,Pipeline,todo,
stroom-core-client/src/main/java/stroom/pipeline/structure/client/view/DraggableTreePanel.java,stroom-core-client,client,pipeline,Panel,java,Screen/Dialog,Pipeline,todo,
stroom-core-client/src/main/java/stroom/pipeline/structure/client/view/NewElementViewImpl.java,stroom-core-client,client,pipeline,ViewImpl,java,Screen/Dialog,Pipeline,todo,
stroom-core-client/src/main/java/stroom/pipeline/structure/client/view/NewPipelineReferenceViewImpl.java,stroom-core-client,client,pipeline,ViewImpl,java,Screen/Dialog,Pipeline,todo,
stroom-core-client/src/main/java/stroom/pipeline/structure/client/view/NewPropertyUiHandlers.java,stroom-core-client,client,pipeline,UiHandlers,java,Screen/Dialog,Pipeline,todo,
stroom-core-client/src/main/java/stroom/pipeline/structure/client/view/NewPropertyViewImpl.java,stroom-core-client,client,pipeline,ViewImpl,java,Screen/Dialog,Pipeline,todo,
stroom-core-client/src/main/java/stroom/pipeline/structure/client/view/PendingOperation.java,stroom-core-client,client,pipeline,,java,Screen/Dialog,Pipeline,todo,
stroom-core-client/src/main/java/stroom/pipeline/structure/client/view/PipelineElementBox.java,stroom-core-client,client,pipeline,,java,Screen/Dialog,Pipeline,todo,
stroom-core-client/src/main/java/stroom/pipeline/structure/client/view/PipelineElementBoxFactory.java,stroom-core-client,client,pipeline,Factory,java,Screen/Dialog,Pipeline,todo,
stroom-core-client/src/main/java/stroom/pipeline/structure/client/view/PipelineElementRenderer.java,stroom-core-client,client,pipeline,,java,Screen/Dialog,Pipeline,todo,
stroom-core-client/src/main/java/stroom/pipeline/structure/client/view/PipelineStructureViewImpl.java,stroom-core-client,client,pipeline,ViewImpl,java,Screen/Dialog,Pipeline,todo,
stroom-core-client/src/main/java/stroom/pipeline/structure/client/view/PipelineTreePanel.java,stroom-core-client,client,pipeline,Panel,java,Screen/Dialog,Pipeline,todo,
stroom-core-client/src/main/java/stroom/pipeline/structure/client/view/PipelineTreeViewImpl.java,stroom-core-client,client,pipeline,ViewImpl,java,Screen/Dialog,Pipeline,todo,
stroom-core-client/src/main/java/stroom/pipeline/structure/client/view/TreePanel.java,stroom-core-client,client,pipeline,Panel,java,Screen/Dialog,Pipeline,todo,
stroom-core-client/src/main/java/stroom/planb/client/PlanBPlugin.java,stroom-core-client,client,planb,Plugin,java,Screen/Dialog,State (Plan B),todo,
stroom-core-client/src/main/java/stroom/planb/client/gin/PlanBGinjector.java,stroom-core-client,client,planb,Ginjector,java,Framework,Dependency injection (GIN wiring),n/a,
stroom-core-client/src/main/java/stroom/planb/client/gin/PlanBModule.java,stroom-core-client,client,planb,Module,java,Framework,Dependency injection (GIN wiring),n/a,
stroom-core-client/src/main/java/stroom/planb/client/presenter/AbstractPlanBSettingsPresenter.java,stroom-core-client,client,planb,Presenter,java,Screen/Dialog,State (Plan B),todo,
stroom-core-client/src/main/java/stroom/planb/client/presenter/HistogramSettingsPresenter.java,stroom-core-client,client,planb,Presenter,java,Screen/Dialog,State (Plan B),todo,
stroom-core-client/src/main/java/stroom/planb/client/presenter/MetricSettingsPresenter.java,stroom-core-client,client,planb,Presenter,java,Screen/Dialog,State (Plan B),todo,
stroom-core-client/src/main/java/stroom/planb/client/presenter/PlanBPresenter.java,stroom-core-client,client,planb,Presenter,java,Screen/Dialog,State (Plan B),todo,
stroom-core-client/src/main/java/stroom/planb/client/presenter/PlanBSettingsPresenter.java,stroom-core-client,client,planb,Presenter,java,Screen/Dialog,State (Plan B),todo,
stroom-core-client/src/main/java/stroom/planb/client/presenter/RangeStateSettingsPresenter.java,stroom-core-client,client,planb,Presenter,java,Screen/Dialog,State (Plan B),todo,
stroom-core-client/src/main/java/stroom/planb/client/presenter/SessionSettingsPresenter.java,stroom-core-client,client,planb,Presenter,java,Screen/Dialog,State (Plan B),todo,
stroom-core-client/src/main/java/stroom/planb/client/presenter/StateSettingsPresenter.java,stroom-core-client,client,planb,Presenter,java,Screen/Dialog,State (Plan B),todo,
stroom-core-client/src/main/java/stroom/planb/client/presenter/StateTypeChangeUiHandlers.java,stroom-core-client,client,planb,UiHandlers,java,Screen/Dialog,State (Plan B),todo,
stroom-core-client/src/main/java/stroom/planb/client/presenter/TemporalRangeStateSettingsPresenter.java,stroom-core-client,client,planb,Presenter,java,Screen/Dialog,State (Plan B),todo,
stroom-core-client/src/main/java/stroom/planb/client/presenter/TemporalStateSettingsPresenter.java,stroom-core-client,client,planb,Presenter,java,Screen/Dialog,State (Plan B),todo,
stroom-core-client/src/main/java/stroom/planb/client/presenter/TraceSettingsPresenter.java,stroom-core-client,client,planb,Presenter,java,Screen/Dialog,State (Plan B),todo,
stroom-core-client/src/main/java/stroom/planb/client/view/AbstractSettingsWidget.java,stroom-core-client,client,planb,Widget,java,Screen/Dialog,State (Plan B),todo,
stroom-core-client/src/main/java/stroom/planb/client/view/CondenseSettingsView.java,stroom-core-client,client,planb,View,java,Screen/Dialog,State (Plan B),todo,
stroom-core-client/src/main/java/stroom/planb/client/view/CondenseSettingsWidget.java,stroom-core-client,client,planb,Widget,java,Screen/Dialog,State (Plan B),todo,
stroom-core-client/src/main/java/stroom/planb/client/view/GeneralSettingsView.java,stroom-core-client,client,planb,View,java,Screen/Dialog,State (Plan B),todo,
stroom-core-client/src/main/java/stroom/planb/client/view/GeneralSettingsWidget.java,stroom-core-client,client,planb,Widget,java,Screen/Dialog,State (Plan B),todo,
stroom-core-client/src/main/java/stroom/planb/client/view/HistogramKeySchemaSettingsView.java,stroom-core-client,client,planb,View,java,Screen/Dialog,State (Plan B),todo,
stroom-core-client/src/main/java/stroom/planb/client/view/HistogramKeySchemaSettingsWidget.java,stroom-core-client,client,planb,Widget,java,Screen/Dialog,State (Plan B),todo,
stroom-core-client/src/main/java/stroom/planb/client/view/HistogramSettingsViewImpl.java,stroom-core-client,client,planb,ViewImpl,java,Screen/Dialog,State (Plan B),todo,
stroom-core-client/src/main/java/stroom/planb/client/view/HistogramValueSchemaSettingsView.java,stroom-core-client,client,planb,View,java,Screen/Dialog,State (Plan B),todo,
stroom-core-client/src/main/java/stroom/planb/client/view/HistogramValueSchemaSettingsWidget.java,stroom-core-client,client,planb,Widget,java,Screen/Dialog,State (Plan B),todo,
stroom-core-client/src/main/java/stroom/planb/client/view/HttpStoreSettingsView.java,stroom-core-client,client,planb,View,java,Screen/Dialog,State (Plan B),todo,
stroom-core-client/src/main/java/stroom/planb/client/view/MetricKeySchemaSettingsView.java,stroom-core-client,client,planb,View,java,Screen/Dialog,State (Plan B),todo,
stroom-core-client/src/main/java/stroom/planb/client/view/MetricKeySchemaSettingsWidget.java,stroom-core-client,client,planb,Widget,java,Screen/Dialog,State (Plan B),todo,
stroom-core-client/src/main/java/stroom/planb/client/view/MetricSettingsViewImpl.java,stroom-core-client,client,planb,ViewImpl,java,Screen/Dialog,State (Plan B),todo,
stroom-core-client/src/main/java/stroom/planb/client/view/MetricValueSchemaSettingsView.java,stroom-core-client,client,planb,View,java,Screen/Dialog,State (Plan B),todo,
stroom-core-client/src/main/java/stroom/planb/client/view/MetricValueSchemaSettingsWidget.java,stroom-core-client,client,planb,Widget,java,Screen/Dialog,State (Plan B),todo,
stroom-core-client/src/main/java/stroom/planb/client/view/PlanBSettingsViewImpl.java,stroom-core-client,client,planb,ViewImpl,java,Screen/Dialog,State (Plan B),todo,
stroom-core-client/src/main/java/stroom/planb/client/view/PublishingSettingsView.java,stroom-core-client,client,planb,View,java,Screen/Dialog,State (Plan B),todo,
stroom-core-client/src/main/java/stroom/planb/client/view/PublishingSettingsWidget.java,stroom-core-client,client,planb,Widget,java,Screen/Dialog,State (Plan B),todo,
stroom-core-client/src/main/java/stroom/planb/client/view/RangeKeySchemaSettingsView.java,stroom-core-client,client,planb,View,java,Screen/Dialog,State (Plan B),todo,
stroom-core-client/src/main/java/stroom/planb/client/view/RangeKeySchemaSettingsWidget.java,stroom-core-client,client,planb,Widget,java,Screen/Dialog,State (Plan B),todo,
stroom-core-client/src/main/java/stroom/planb/client/view/RangeStateSettingsViewImpl.java,stroom-core-client,client,planb,ViewImpl,java,Screen/Dialog,State (Plan B),todo,
stroom-core-client/src/main/java/stroom/planb/client/view/RetentionSettingsView.java,stroom-core-client,client,planb,View,java,Screen/Dialog,State (Plan B),todo,
stroom-core-client/src/main/java/stroom/planb/client/view/RetentionSettingsWidget.java,stroom-core-client,client,planb,Widget,java,Screen/Dialog,State (Plan B),todo,
stroom-core-client/src/main/java/stroom/planb/client/view/SessionKeySchemaSettingsView.java,stroom-core-client,client,planb,View,java,Screen/Dialog,State (Plan B),todo,
stroom-core-client/src/main/java/stroom/planb/client/view/SessionKeySchemaSettingsWidget.java,stroom-core-client,client,planb,Widget,java,Screen/Dialog,State (Plan B),todo,
stroom-core-client/src/main/java/stroom/planb/client/view/SessionSettingsViewImpl.java,stroom-core-client,client,planb,ViewImpl,java,Screen/Dialog,State (Plan B),todo,
stroom-core-client/src/main/java/stroom/planb/client/view/SettingsGroup.java,stroom-core-client,client,planb,,java,Screen/Dialog,State (Plan B),todo,
stroom-core-client/src/main/java/stroom/planb/client/view/SharedFileStoreSettingsView.java,stroom-core-client,client,planb,View,java,Screen/Dialog,State (Plan B),todo,
stroom-core-client/src/main/java/stroom/planb/client/view/SharedFileStoreSettingsWidget.java,stroom-core-client,client,planb,Widget,java,Screen/Dialog,State (Plan B),todo,
stroom-core-client/src/main/java/stroom/planb/client/view/SnapshotSettingsWidget.java,stroom-core-client,client,planb,Widget,java,Screen/Dialog,State (Plan B),todo,
stroom-core-client/src/main/java/stroom/planb/client/view/StateKeySchemaSettingsView.java,stroom-core-client,client,planb,View,java,Screen/Dialog,State (Plan B),todo,
stroom-core-client/src/main/java/stroom/planb/client/view/StateKeySchemaSettingsWidget.java,stroom-core-client,client,planb,Widget,java,Screen/Dialog,State (Plan B),todo,
stroom-core-client/src/main/java/stroom/planb/client/view/StateSettingsViewImpl.java,stroom-core-client,client,planb,ViewImpl,java,Screen/Dialog,State (Plan B),todo,
stroom-core-client/src/main/java/stroom/planb/client/view/StateValueSchemaSettingsView.java,stroom-core-client,client,planb,View,java,Screen/Dialog,State (Plan B),todo,
stroom-core-client/src/main/java/stroom/planb/client/view/StateValueSchemaSettingsWidget.java,stroom-core-client,client,planb,Widget,java,Screen/Dialog,State (Plan B),todo,
stroom-core-client/src/main/java/stroom/planb/client/view/TemporalRangeKeySchemaSettingsView.java,stroom-core-client,client,planb,View,java,Screen/Dialog,State (Plan B),todo,
stroom-core-client/src/main/java/stroom/planb/client/view/TemporalRangeKeySchemaSettingsWidget.java,stroom-core-client,client,planb,Widget,java,Screen/Dialog,State (Plan B),todo,
stroom-core-client/src/main/java/stroom/planb/client/view/TemporalRangeStateSettingsViewImpl.java,stroom-core-client,client,planb,ViewImpl,java,Screen/Dialog,State (Plan B),todo,
stroom-core-client/src/main/java/stroom/planb/client/view/TemporalStateKeySchemaSettingsView.java,stroom-core-client,client,planb,View,java,Screen/Dialog,State (Plan B),todo,
stroom-core-client/src/main/java/stroom/planb/client/view/TemporalStateKeySchemaSettingsWidget.java,stroom-core-client,client,planb,Widget,java,Screen/Dialog,State (Plan B),todo,
stroom-core-client/src/main/java/stroom/planb/client/view/TemporalStateSettingsViewImpl.java,stroom-core-client,client,planb,ViewImpl,java,Screen/Dialog,State (Plan B),todo,
stroom-core-client/src/main/java/stroom/planb/client/view/TraceGeneralSettingsWidget.java,stroom-core-client,client,planb,Widget,java,Screen/Dialog,State (Plan B),todo,
stroom-core-client/src/main/java/stroom/planb/client/view/TraceSettingsViewImpl.java,stroom-core-client,client,planb,ViewImpl,java,Screen/Dialog,State (Plan B),todo,
stroom-core-client/src/main/java/stroom/preferences/client/DateTimeFormatter.java,stroom-core-client,client,preferences,,java,Shared Screen/Dialog,Preferences,todo,
stroom-core-client/src/main/java/stroom/preferences/client/EditorPreferencesPresenter.java,stroom-core-client,client,preferences,Presenter,java,Shared Screen/Dialog,Preferences,todo,
stroom-core-client/src/main/java/stroom/preferences/client/EditorPreferencesViewImpl.java,stroom-core-client,client,preferences,ViewImpl,java,Shared Screen/Dialog,Preferences,todo,
stroom-core-client/src/main/java/stroom/preferences/client/ThemePreferencesPresenter.java,stroom-core-client,client,preferences,Presenter,java,Shared Screen/Dialog,Preferences,todo,
stroom-core-client/src/main/java/stroom/preferences/client/ThemePreferencesViewImpl.java,stroom-core-client,client,preferences,ViewImpl,java,Shared Screen/Dialog,Preferences,todo,
stroom-core-client/src/main/java/stroom/preferences/client/TimePreferencesPresenter.java,stroom-core-client,client,preferences,Presenter,java,Shared Screen/Dialog,Preferences,todo,
stroom-core-client/src/main/java/stroom/preferences/client/TimePreferencesViewImpl.java,stroom-core-client,client,preferences,ViewImpl,java,Shared Screen/Dialog,Preferences,todo,
stroom-core-client/src/main/java/stroom/preferences/client/UserPreferencesHolder.java,stroom-core-client,client,preferences,,java,Shared Screen/Dialog,Preferences,todo,
stroom-core-client/src/main/java/stroom/preferences/client/UserPreferencesManager.java,stroom-core-client,client,preferences,Manager,java,Shared Screen/Dialog,Preferences,todo,
stroom-core-client/src/main/java/stroom/preferences/client/UserPreferencesPlugin.java,stroom-core-client,client,preferences,Plugin,java,Shared Screen/Dialog,Preferences,todo,
stroom-core-client/src/main/java/stroom/preferences/client/UserPreferencesPresenter.java,stroom-core-client,client,preferences,Presenter,java,Shared Screen/Dialog,Preferences,todo,
stroom-core-client/src/main/java/stroom/preferences/client/UserPreferencesUiHandlers.java,stroom-core-client,client,preferences,UiHandlers,java,Shared Screen/Dialog,Preferences,todo,
stroom-core-client/src/main/java/stroom/preferences/client/UserPreferencesViewImpl.java,stroom-core-client,client,preferences,ViewImpl,java,Shared Screen/Dialog,Preferences,todo,
stroom-core-client/src/main/java/stroom/preferences/client/gin/UserPreferencesGinjector.java,stroom-core-client,client,preferences,Ginjector,java,Framework,Dependency injection (GIN wiring),n/a,
stroom-core-client/src/main/java/stroom/preferences/client/gin/UserPreferencesModule.java,stroom-core-client,client,preferences,Module,java,Framework,Dependency injection (GIN wiring),n/a,
stroom-core-client/src/main/java/stroom/processor/client/presenter/BatchProcessorFilterEditPresenter.java,stroom-core-client,client,processor,Presenter,java,Screen/Dialog,Processor,todo,
stroom-core-client/src/main/java/stroom/processor/client/presenter/EditFeedDependencyPresenter.java,stroom-core-client,client,processor,Presenter,java,Screen/Dialog,Processor,todo,
stroom-core-client/src/main/java/stroom/processor/client/presenter/FeedDependencyListPresenter.java,stroom-core-client,client,processor,Presenter,java,Screen/Dialog,Processor,todo,
stroom-core-client/src/main/java/stroom/processor/client/presenter/FeedDependencyPresenter.java,stroom-core-client,client,processor,Presenter,java,Screen/Dialog,Processor,todo,
stroom-core-client/src/main/java/stroom/processor/client/presenter/ProcessorEditPresenter.java,stroom-core-client,client,processor,Presenter,java,Screen/Dialog,Processor,todo,
stroom-core-client/src/main/java/stroom/processor/client/presenter/ProcessorEditUiHandlers.java,stroom-core-client,client,processor,UiHandlers,java,Screen/Dialog,Processor,todo,
stroom-core-client/src/main/java/stroom/processor/client/presenter/ProcessorInfoBuilder.java,stroom-core-client,client,processor,Builder,java,Screen/Dialog,Processor,todo,
stroom-core-client/src/main/java/stroom/processor/client/presenter/ProcessorListPresenter.java,stroom-core-client,client,processor,Presenter,java,Screen/Dialog,Processor,todo,
stroom-core-client/src/main/java/stroom/processor/client/presenter/ProcessorPresenter.java,stroom-core-client,client,processor,Presenter,java,Screen/Dialog,Processor,todo,
stroom-core-client/src/main/java/stroom/processor/client/presenter/ProcessorProfileClient.java,stroom-core-client,client,processor,Client,java,Screen/Dialog,Processor,todo,
stroom-core-client/src/main/java/stroom/processor/client/presenter/ProcessorProfileEditPresenter.java,stroom-core-client,client,processor,Presenter,java,Screen/Dialog,Processor,todo,
stroom-core-client/src/main/java/stroom/processor/client/presenter/ProcessorProfileListModel.java,stroom-core-client,client,processor,Model,java,Screen/Dialog,Processor,todo,
stroom-core-client/src/main/java/stroom/processor/client/presenter/ProcessorProfileListPresenter.java,stroom-core-client,client,processor,Presenter,java,Screen/Dialog,Processor,todo,
stroom-core-client/src/main/java/stroom/processor/client/presenter/ProcessorProfilePresenter.java,stroom-core-client,client,processor,Presenter,java,Screen/Dialog,Processor,todo,
stroom-core-client/src/main/java/stroom/processor/client/presenter/ProcessorStatusUtil.java,stroom-core-client,client,processor,Util,java,Utility,Processor,todo,
stroom-core-client/src/main/java/stroom/processor/client/presenter/ProfilePeriodEditPresenter.java,stroom-core-client,client,processor,Presenter,java,Screen/Dialog,Processor,todo,
stroom-core-client/src/main/java/stroom/processor/client/presenter/ProfilePeriodListPresenter.java,stroom-core-client,client,processor,Presenter,java,Screen/Dialog,Processor,todo,
stroom-core-client/src/main/java/stroom/processor/client/presenter/RestSaveQueue.java,stroom-core-client,client,processor,,java,Screen/Dialog,Processor,todo,
stroom-core-client/src/main/java/stroom/processor/client/view/BatchProcessorFilterEditViewImpl.java,stroom-core-client,client,processor,ViewImpl,java,Screen/Dialog,Processor,todo,
stroom-core-client/src/main/java/stroom/processor/client/view/DaysWidget.java,stroom-core-client,client,processor,Widget,java,Screen/Dialog,Processor,todo,
stroom-core-client/src/main/java/stroom/processor/client/view/EditFeedDependencyViewImpl.java,stroom-core-client,client,processor,ViewImpl,java,Screen/Dialog,Processor,todo,
stroom-core-client/src/main/java/stroom/processor/client/view/FeedDependencyViewImpl.java,stroom-core-client,client,processor,ViewImpl,java,Screen/Dialog,Processor,todo,
stroom-core-client/src/main/java/stroom/processor/client/view/ProcessorEditViewImpl.java,stroom-core-client,client,processor,ViewImpl,java,Screen/Dialog,Processor,todo,
stroom-core-client/src/main/java/stroom/processor/client/view/ProcessorProfileEditViewImpl.java,stroom-core-client,client,processor,ViewImpl,java,Screen/Dialog,Processor,todo,
stroom-core-client/src/main/java/stroom/processor/client/view/ProcessorViewImpl.java,stroom-core-client,client,processor,ViewImpl,java,Screen/Dialog,Processor,todo,
stroom-core-client/src/main/java/stroom/processor/client/view/ProfilePeriodEditViewImpl.java,stroom-core-client,client,processor,ViewImpl,java,Screen/Dialog,Processor,todo,
stroom-core-client/src/main/java/stroom/processor/task/client/ProcessorTaskPlugin.java,stroom-core-client,client,processor,Plugin,java,Screen/Dialog,Processor,todo,
stroom-core-client/src/main/java/stroom/processor/task/client/event/OpenProcessorTaskEvent.java,stroom-core-client,client,processor,Event,java,Screen/Dialog,Processor,todo,
stroom-core-client/src/main/java/stroom/processor/task/client/presenter/ProcessorTaskPresenter.java,stroom-core-client,client,processor,Presenter,java,Screen/Dialog,Processor,todo,
stroom-core-client/src/main/java/stroom/processor/task/client/view/ProcessorTaskViewImpl.java,stroom-core-client,client,processor,ViewImpl,java,Screen/Dialog,Processor,todo,
stroom-core-client/src/main/java/stroom/query/client/AsyncSuggestOracle.java,stroom-core-client,client,query,,java,Screen/Dialog,Query / search,todo,
stroom-core-client/src/main/java/stroom/query/client/DataSourceClient.java,stroom-core-client,client,query,Client,java,Screen/Dialog,Query / search,todo,
stroom-core-client/src/main/java/stroom/query/client/ExpressionItemBox.java,stroom-core-client,client,query,,java,Screen/Dialog,Query / search,todo,
stroom-core-client/src/main/java/stroom/query/client/ExpressionItemRenderer.java,stroom-core-client,client,query,,java,Screen/Dialog,Query / search,todo,
stroom-core-client/src/main/java/stroom/query/client/ExpressionModel.java,stroom-core-client,client,query,Model,java,Screen/Dialog,Query / search,todo,
stroom-core-client/src/main/java/stroom/query/client/ExpressionTreePanel.java,stroom-core-client,client,query,Panel,java,Screen/Dialog,Query / search,todo,
stroom-core-client/src/main/java/stroom/query/client/ExpressionTreePresenter.java,stroom-core-client,client,query,Presenter,java,Screen/Dialog,Query / search,todo,
stroom-core-client/src/main/java/stroom/query/client/ExpressionTreeViewImpl.java,stroom-core-client,client,query,ViewImpl,java,Screen/Dialog,Query / search,todo,
stroom-core-client/src/main/java/stroom/query/client/ExpressionUiHandlers.java,stroom-core-client,client,query,UiHandlers,java,Screen/Dialog,Query / search,todo,
stroom-core-client/src/main/java/stroom/query/client/Item.java,stroom-core-client,client,query,,java,Screen/Dialog,Query / search,todo,
stroom-core-client/src/main/java/stroom/query/client/Operator.java,stroom-core-client,client,query,,java,Screen/Dialog,Query / search,todo,
stroom-core-client/src/main/java/stroom/query/client/OperatorEditor.java,stroom-core-client,client,query,,java,Screen/Dialog,Query / search,todo,
stroom-core-client/src/main/java/stroom/query/client/QueryClient.java,stroom-core-client,client,query,Client,java,Screen/Dialog,Query / search,todo,
stroom-core-client/src/main/java/stroom/query/client/QueryPlugin.java,stroom-core-client,client,query,Plugin,java,Screen/Dialog,Query / search,todo,
stroom-core-client/src/main/java/stroom/query/client/ResultStorePlugin.java,stroom-core-client,client,query,Plugin,java,Screen/Dialog,Query / search,todo,
stroom-core-client/src/main/java/stroom/query/client/Term.java,stroom-core-client,client,query,,java,Screen/Dialog,Query / search,todo,
stroom-core-client/src/main/java/stroom/query/client/TermEditor.java,stroom-core-client,client,query,,java,Screen/Dialog,Query / search,todo,
stroom-core-client/src/main/java/stroom/query/client/UserDocRefUtil.java,stroom-core-client,client,query,Util,java,Utility,Query / search,todo,
stroom-core-client/src/main/java/stroom/query/client/gin/QueryModule.java,stroom-core-client,client,query,Module,java,Framework,Dependency injection (GIN wiring),n/a,
stroom-core-client/src/main/java/stroom/query/client/presenter/AnnotationManager.java,stroom-core-client,client,query,Manager,java,Screen/Dialog,Query / search,todo,
stroom-core-client/src/main/java/stroom/query/client/presenter/ColumnHeader.java,stroom-core-client,client,query,,java,Screen/Dialog,Query / search,todo,
stroom-core-client/src/main/java/stroom/query/client/presenter/ColumnHeaderCell.java,stroom-core-client,client,query,Cell,java,Widget,Data / Cells,todo,
stroom-core-client/src/main/java/stroom/query/client/presenter/ColumnHeaderHtmlUtil.java,stroom-core-client,client,query,Util,java,Utility,Query / search,todo,
stroom-core-client/src/main/java/stroom/query/client/presenter/ColumnTitleCell.java,stroom-core-client,client,query,Cell,java,Widget,Data / Cells,todo,
stroom-core-client/src/main/java/stroom/query/client/presenter/DateTimeSettingsFactory.java,stroom-core-client,client,query,Factory,java,Screen/Dialog,Query / search,todo,
stroom-core-client/src/main/java/stroom/query/client/presenter/DynamicColumnSelectionListModel.java,stroom-core-client,client,query,Model,java,Screen/Dialog,Query / search,todo,
stroom-core-client/src/main/java/stroom/query/client/presenter/DynamicFieldSelectionListModel.java,stroom-core-client,client,query,Model,java,Screen/Dialog,Query / search,todo,
stroom-core-client/src/main/java/stroom/query/client/presenter/DynamicQueryHelpSelectionListModel.java,stroom-core-client,client,query,Model,java,Screen/Dialog,Query / search,todo,
stroom-core-client/src/main/java/stroom/query/client/presenter/ExactResultPageBuilder.java,stroom-core-client,client,query,Builder,java,Screen/Dialog,Query / search,todo,
stroom-core-client/src/main/java/stroom/query/client/presenter/FieldInfoSelectionItem.java,stroom-core-client,client,query,,java,Screen/Dialog,Query / search,todo,
stroom-core-client/src/main/java/stroom/query/client/presenter/FieldSelectionListModel.java,stroom-core-client,client,query,Model,java,Screen/Dialog,Query / search,todo,
stroom-core-client/src/main/java/stroom/query/client/presenter/InsertEditorTextEvent.java,stroom-core-client,client,query,Event,java,Screen/Dialog,Query / search,todo,
stroom-core-client/src/main/java/stroom/query/client/presenter/InsertQueryElementEvent.java,stroom-core-client,client,query,Event,java,Screen/Dialog,Query / search,todo,
stroom-core-client/src/main/java/stroom/query/client/presenter/NavUiHandlers.java,stroom-core-client,client,query,UiHandlers,java,Screen/Dialog,Query / search,todo,
stroom-core-client/src/main/java/stroom/query/client/presenter/QueryDocEditPresenter.java,stroom-core-client,client,query,Presenter,java,Screen/Dialog,Query / search,todo,
stroom-core-client/src/main/java/stroom/query/client/presenter/QueryDocPresenter.java,stroom-core-client,client,query,Presenter,java,Screen/Dialog,Query / search,todo,
stroom-core-client/src/main/java/stroom/query/client/presenter/QueryEditPresenter.java,stroom-core-client,client,query,Presenter,java,Screen/Dialog,Query / search,todo,
stroom-core-client/src/main/java/stroom/query/client/presenter/QueryHelpAceCompletionProvider.java,stroom-core-client,client,query,Provider,java,Framework,Dependency injection (GIN wiring),n/a,
stroom-core-client/src/main/java/stroom/query/client/presenter/QueryHelpDetailProvider.java,stroom-core-client,client,query,Provider,java,Framework,Dependency injection (GIN wiring),n/a,
stroom-core-client/src/main/java/stroom/query/client/presenter/QueryHelpPresenter.java,stroom-core-client,client,query,Presenter,java,Screen/Dialog,Query / search,todo,
stroom-core-client/src/main/java/stroom/query/client/presenter/QueryHelpSelectionItem.java,stroom-core-client,client,query,,java,Screen/Dialog,Query / search,todo,
stroom-core-client/src/main/java/stroom/query/client/presenter/QueryHelpUiHandlers.java,stroom-core-client,client,query,UiHandlers,java,Screen/Dialog,Query / search,todo,
stroom-core-client/src/main/java/stroom/query/client/presenter/QueryModel.java,stroom-core-client,client,query,Model,java,Screen/Dialog,Query / search,todo,
stroom-core-client/src/main/java/stroom/query/client/presenter/QueryResultTablePresenter.java,stroom-core-client,client,query,Presenter,java,Screen/Dialog,Query / search,todo,
stroom-core-client/src/main/java/stroom/query/client/presenter/QueryResultTableSplitPresenter.java,stroom-core-client,client,query,Presenter,java,Screen/Dialog,Query / search,todo,
stroom-core-client/src/main/java/stroom/query/client/presenter/QueryResultVisPresenter.java,stroom-core-client,client,query,Presenter,java,Screen/Dialog,Query / search,todo,
stroom-core-client/src/main/java/stroom/query/client/presenter/QueryTableColumnValuesDataSupplier.java,stroom-core-client,client,query,,java,Screen/Dialog,Query / search,todo,
stroom-core-client/src/main/java/stroom/query/client/presenter/QueryTableColumnsManager.java,stroom-core-client,client,query,Manager,java,Screen/Dialog,Query / search,todo,
stroom-core-client/src/main/java/stroom/query/client/presenter/QueryToolbarPresenter.java,stroom-core-client,client,query,Presenter,java,Screen/Dialog,Query / search,todo,
stroom-core-client/src/main/java/stroom/query/client/presenter/QueryToolbarUiHandlers.java,stroom-core-client,client,query,UiHandlers,java,Screen/Dialog,Query / search,todo,
stroom-core-client/src/main/java/stroom/query/client/presenter/QueryUiHandlers.java,stroom-core-client,client,query,UiHandlers,java,Screen/Dialog,Query / search,todo,
stroom-core-client/src/main/java/stroom/query/client/presenter/RefreshRequestEvent.java,stroom-core-client,client,query,Event,java,Screen/Dialog,Query / search,todo,
stroom-core-client/src/main/java/stroom/query/client/presenter/ResultComponent.java,stroom-core-client,client,query,,java,Screen/Dialog,Query / search,todo,
stroom-core-client/src/main/java/stroom/query/client/presenter/ResultStoreListPresenter.java,stroom-core-client,client,query,Presenter,java,Screen/Dialog,Query / search,todo,
stroom-core-client/src/main/java/stroom/query/client/presenter/ResultStoreModel.java,stroom-core-client,client,query,Model,java,Screen/Dialog,Query / search,todo,
stroom-core-client/src/main/java/stroom/query/client/presenter/ResultStorePresenter.java,stroom-core-client,client,query,Presenter,java,Screen/Dialog,Query / search,todo,
stroom-core-client/src/main/java/stroom/query/client/presenter/ResultStoreSettingsPresenter.java,stroom-core-client,client,query,Presenter,java,Screen/Dialog,Query / search,todo,
stroom-core-client/src/main/java/stroom/query/client/presenter/SearchErrorListener.java,stroom-core-client,client,query,,java,Screen/Dialog,Query / search,todo,
stroom-core-client/src/main/java/stroom/query/client/presenter/SearchStateListener.java,stroom-core-client,client,query,,java,Screen/Dialog,Query / search,todo,
stroom-core-client/src/main/java/stroom/query/client/presenter/SimpleFieldSelectionListModel.java,stroom-core-client,client,query,Model,java,Screen/Dialog,Query / search,todo,
stroom-core-client/src/main/java/stroom/query/client/presenter/StartQueryEvent.java,stroom-core-client,client,query,Event,java,Screen/Dialog,Query / search,todo,
stroom-core-client/src/main/java/stroom/query/client/presenter/TableComponentSelection.java,stroom-core-client,client,query,,java,Screen/Dialog,Query / search,todo,
stroom-core-client/src/main/java/stroom/query/client/presenter/TableRow.java,stroom-core-client,client,query,,java,Screen/Dialog,Query / search,todo,
stroom-core-client/src/main/java/stroom/query/client/presenter/TableRowCell.java,stroom-core-client,client,query,Cell,java,Widget,Data / Cells,todo,
stroom-core-client/src/main/java/stroom/query/client/presenter/TextPresenter.java,stroom-core-client,client,query,Presenter,java,Screen/Dialog,Query / search,todo,
stroom-core-client/src/main/java/stroom/query/client/presenter/TextUiHandlers.java,stroom-core-client,client,query,UiHandlers,java,Screen/Dialog,Query / search,todo,
stroom-core-client/src/main/java/stroom/query/client/presenter/TimeRangeChangeEvent.java,stroom-core-client,client,query,Event,java,Screen/Dialog,Query / search,todo,
stroom-core-client/src/main/java/stroom/query/client/presenter/TimeZones.java,stroom-core-client,client,query,,java,Screen/Dialog,Query / search,todo,
stroom-core-client/src/main/java/stroom/query/client/presenter/TokenErrorListener.java,stroom-core-client,client,query,,java,Screen/Dialog,Query / search,todo,
stroom-core-client/src/main/java/stroom/query/client/presenter/Views.java,stroom-core-client,client,query,,java,Screen/Dialog,Query / search,todo,
stroom-core-client/src/main/java/stroom/query/client/presenter/VisComponentSelection.java,stroom-core-client,client,query,,java,Screen/Dialog,Query / search,todo,
stroom-core-client/src/main/java/stroom/query/client/view/NavButtons.java,stroom-core-client,client,query,,java,Screen/Dialog,Query / search,todo,
stroom-core-client/src/main/java/stroom/query/client/view/QueryButtons.java,stroom-core-client,client,query,,java,Screen/Dialog,Query / search,todo,
stroom-core-client/src/main/java/stroom/query/client/view/QueryEditViewImpl.java,stroom-core-client,client,query,ViewImpl,java,Screen/Dialog,Query / search,todo,
stroom-core-client/src/main/java/stroom/query/client/view/QueryHelpViewImpl.java,stroom-core-client,client,query,ViewImpl,java,Screen/Dialog,Query / search,todo,
stroom-core-client/src/main/java/stroom/query/client/view/QueryResultTableSplitViewImpl.java,stroom-core-client,client,query,ViewImpl,java,Screen/Dialog,Query / search,todo,
stroom-core-client/src/main/java/stroom/query/client/view/QueryResultTableViewImpl.java,stroom-core-client,client,query,ViewImpl,java,Screen/Dialog,Query / search,todo,
stroom-core-client/src/main/java/stroom/query/client/view/QueryResultTabsView.java,stroom-core-client,client,query,View,java,Screen/Dialog,Query / search,todo,
stroom-core-client/src/main/java/stroom/query/client/view/QueryResultTabsViewImpl.java,stroom-core-client,client,query,ViewImpl,java,Screen/Dialog,Query / search,todo,
stroom-core-client/src/main/java/stroom/query/client/view/QueryResultVisViewImpl.java,stroom-core-client,client,query,ViewImpl,java,Screen/Dialog,Query / search,todo,
stroom-core-client/src/main/java/stroom/query/client/view/QueryToolbarViewImpl.java,stroom-core-client,client,query,ViewImpl,java,Screen/Dialog,Query / search,todo,
stroom-core-client/src/main/java/stroom/query/client/view/ResultStoreSettingsViewImpl.java,stroom-core-client,client,query,ViewImpl,java,Screen/Dialog,Query / search,todo,
stroom-core-client/src/main/java/stroom/query/client/view/ResultStoreViewImpl.java,stroom-core-client,client,query,ViewImpl,java,Screen/Dialog,Query / search,todo,
stroom-core-client/src/main/java/stroom/query/client/view/TextViewImpl.java,stroom-core-client,client,query,ViewImpl,java,Screen/Dialog,Query / search,todo,
stroom-core-client/src/main/java/stroom/query/client/view/TimeRangePopup.java,stroom-core-client,client,query,Popup,java,Screen/Dialog,Query / search,todo,
stroom-core-client/src/main/java/stroom/query/client/view/TimeRangeSelector.java,stroom-core-client,client,query,,java,Screen/Dialog,Query / search,todo,
stroom-core-client/src/main/java/stroom/query/client/view/TimeZoneWidget.java,stroom-core-client,client,query,Widget,java,Screen/Dialog,Query / search,todo,
stroom-core-client/src/main/java/stroom/receive/content/client/gin/ContentTemplateGinjector.java,stroom-core-client,client,receive,Ginjector,java,Framework,Dependency injection (GIN wiring),n/a,
stroom-core-client/src/main/java/stroom/receive/content/client/gin/ContentTemplateModule.java,stroom-core-client,client,receive,Module,java,Framework,Dependency injection (GIN wiring),n/a,
stroom-core-client/src/main/java/stroom/receive/content/client/presenter/ContentTemplateEditPresenter.java,stroom-core-client,client,receive,Presenter,java,Screen/Dialog,Data receipt,todo,
stroom-core-client/src/main/java/stroom/receive/content/client/presenter/ContentTemplateListPresenter.java,stroom-core-client,client,receive,Presenter,java,Screen/Dialog,Data receipt,todo,
stroom-core-client/src/main/java/stroom/receive/content/client/presenter/ContentTemplateTabPresenter.java,stroom-core-client,client,receive,Presenter,java,Screen/Dialog,Data receipt,todo,
stroom-core-client/src/main/java/stroom/receive/content/client/view/ContentTemplateEditViewImpl.java,stroom-core-client,client,receive,ViewImpl,java,Screen/Dialog,Data receipt,todo,
stroom-core-client/src/main/java/stroom/receive/content/client/view/ContentTemplateTabViewImpl.java,stroom-core-client,client,receive,ViewImpl,java,Screen/Dialog,Data receipt,todo,
stroom-core-client/src/main/java/stroom/receive/rules/client/ContentTemplatePlugin.java,stroom-core-client,client,receive,Plugin,java,Screen/Dialog,Data receipt,todo,
stroom-core-client/src/main/java/stroom/receive/rules/client/DataRetentionPlugin.java,stroom-core-client,client,receive,Plugin,java,Screen/Dialog,Data receipt,todo,
stroom-core-client/src/main/java/stroom/receive/rules/client/ReceiveDataRuleSetPlugin.java,stroom-core-client,client,receive,Plugin,java,Screen/Dialog,Data receipt,todo,
stroom-core-client/src/main/java/stroom/receive/rules/client/gin/PolicyGinjector.java,stroom-core-client,client,receive,Ginjector,java,Framework,Dependency injection (GIN wiring),n/a,
stroom-core-client/src/main/java/stroom/receive/rules/client/gin/PolicyModule.java,stroom-core-client,client,receive,Module,java,Framework,Dependency injection (GIN wiring),n/a,
stroom-core-client/src/main/java/stroom/receive/rules/client/presenter/DataRetentionImpactPresenter.java,stroom-core-client,client,receive,Presenter,java,Screen/Dialog,Data receipt,todo,
stroom-core-client/src/main/java/stroom/receive/rules/client/presenter/DataRetentionImpactRow.java,stroom-core-client,client,receive,,java,Screen/Dialog,Data receipt,todo,
stroom-core-client/src/main/java/stroom/receive/rules/client/presenter/DataRetentionImpactTreeAction.java,stroom-core-client,client,receive,,java,Screen/Dialog,Data receipt,todo,
stroom-core-client/src/main/java/stroom/receive/rules/client/presenter/DataRetentionPolicyListPresenter.java,stroom-core-client,client,receive,Presenter,java,Screen/Dialog,Data receipt,todo,
stroom-core-client/src/main/java/stroom/receive/rules/client/presenter/DataRetentionPolicyPresenter.java,stroom-core-client,client,receive,Presenter,java,Screen/Dialog,Data receipt,todo,
stroom-core-client/src/main/java/stroom/receive/rules/client/presenter/DataRetentionPresenter.java,stroom-core-client,client,receive,Presenter,java,Screen/Dialog,Data receipt,todo,
stroom-core-client/src/main/java/stroom/receive/rules/client/presenter/DataRetentionRulePresenter.java,stroom-core-client,client,receive,Presenter,java,Screen/Dialog,Data receipt,todo,
stroom-core-client/src/main/java/stroom/receive/rules/client/presenter/FieldEditPresenter.java,stroom-core-client,client,receive,Presenter,java,Screen/Dialog,Data receipt,todo,
stroom-core-client/src/main/java/stroom/receive/rules/client/presenter/FieldListPresenter.java,stroom-core-client,client,receive,Presenter,java,Screen/Dialog,Data receipt,todo,
stroom-core-client/src/main/java/stroom/receive/rules/client/presenter/RulePresenter.java,stroom-core-client,client,receive,Presenter,java,Screen/Dialog,Data receipt,todo,
stroom-core-client/src/main/java/stroom/receive/rules/client/presenter/RuleSetListPresenter.java,stroom-core-client,client,receive,Presenter,java,Screen/Dialog,Data receipt,todo,
stroom-core-client/src/main/java/stroom/receive/rules/client/presenter/RuleSetPresenter.java,stroom-core-client,client,receive,Presenter,java,Screen/Dialog,Data receipt,todo,
stroom-core-client/src/main/java/stroom/receive/rules/client/presenter/RuleSetSettingsPresenter.java,stroom-core-client,client,receive,Presenter,java,Screen/Dialog,Data receipt,todo,
stroom-core-client/src/main/java/stroom/receive/rules/client/view/DataRetentionPolicyViewImpl.java,stroom-core-client,client,receive,ViewImpl,java,Screen/Dialog,Data receipt,todo,
stroom-core-client/src/main/java/stroom/receive/rules/client/view/DataRetentionRuleViewImpl.java,stroom-core-client,client,receive,ViewImpl,java,Screen/Dialog,Data receipt,todo,
stroom-core-client/src/main/java/stroom/receive/rules/client/view/DataRetentionViewImpl.java,stroom-core-client,client,receive,ViewImpl,java,Screen/Dialog,Data receipt,todo,
stroom-core-client/src/main/java/stroom/receive/rules/client/view/FieldEditViewImpl.java,stroom-core-client,client,receive,ViewImpl,java,Screen/Dialog,Data receipt,todo,
stroom-core-client/src/main/java/stroom/receive/rules/client/view/RuleSetSettingsViewImpl.java,stroom-core-client,client,receive,ViewImpl,java,Screen/Dialog,Data receipt,todo,
stroom-core-client/src/main/java/stroom/receive/rules/client/view/RuleViewImpl.java,stroom-core-client,client,receive,ViewImpl,java,Screen/Dialog,Data receipt,todo,
stroom-core-client/src/main/java/stroom/schedule/client/ScheduleBox.java,stroom-core-client,client,schedule,,java,Screen/Dialog,Jobs / scheduler,todo,
stroom-core-client/src/main/java/stroom/schedule/client/SchedulePopup.java,stroom-core-client,client,schedule,Popup,java,Screen/Dialog,Jobs / scheduler,todo,
stroom-core-client/src/main/java/stroom/schedule/client/ScheduleUiHandlers.java,stroom-core-client,client,schedule,UiHandlers,java,Screen/Dialog,Jobs / scheduler,todo,
stroom-core-client/src/main/java/stroom/schedule/client/ScheduleViewImpl.java,stroom-core-client,client,schedule,ViewImpl,java,Screen/Dialog,Jobs / scheduler,todo,
stroom-core-client/src/main/java/stroom/schedule/client/ScheduledTimeClient.java,stroom-core-client,client,schedule,Client,java,Screen/Dialog,Jobs / scheduler,todo,
stroom-core-client/src/main/java/stroom/script/client/ScriptCache.java,stroom-core-client,client,script,,java,Screen/Dialog,Script,todo,
stroom-core-client/src/main/java/stroom/script/client/ScriptPlugin.java,stroom-core-client,client,script,Plugin,java,Screen/Dialog,Script,todo,
stroom-core-client/src/main/java/stroom/script/client/gin/ScriptGinjector.java,stroom-core-client,client,script,Ginjector,java,Framework,Dependency injection (GIN wiring),n/a,
stroom-core-client/src/main/java/stroom/script/client/gin/ScriptModule.java,stroom-core-client,client,script,Module,java,Framework,Dependency injection (GIN wiring),n/a,
stroom-core-client/src/main/java/stroom/script/client/presenter/ScriptDependencyListPresenter.java,stroom-core-client,client,script,Presenter,java,Screen/Dialog,Script,todo,
stroom-core-client/src/main/java/stroom/script/client/presenter/ScriptListPresenter.java,stroom-core-client,client,script,Presenter,java,Screen/Dialog,Script,todo,
stroom-core-client/src/main/java/stroom/script/client/presenter/ScriptPresenter.java,stroom-core-client,client,script,Presenter,java,Screen/Dialog,Script,todo,
stroom-core-client/src/main/java/stroom/script/client/presenter/ScriptSettingsPresenter.java,stroom-core-client,client,script,Presenter,java,Screen/Dialog,Script,todo,
stroom-core-client/src/main/java/stroom/script/client/view/ScriptSettingsViewImpl.java,stroom-core-client,client,script,ViewImpl,java,Screen/Dialog,Script,todo,
stroom-core-client/src/main/java/stroom/search/elastic/client/ElasticClusterPlugin.java,stroom-core-client,client,search,Plugin,java,Screen/Dialog,Search,todo,
stroom-core-client/src/main/java/stroom/search/elastic/client/ElasticIndexPlugin.java,stroom-core-client,client,search,Plugin,java,Screen/Dialog,Search,todo,
stroom-core-client/src/main/java/stroom/search/elastic/client/gin/ElasticClusterGinjector.java,stroom-core-client,client,search,Ginjector,java,Framework,Dependency injection (GIN wiring),n/a,
stroom-core-client/src/main/java/stroom/search/elastic/client/gin/ElasticClusterModule.java,stroom-core-client,client,search,Module,java,Framework,Dependency injection (GIN wiring),n/a,
stroom-core-client/src/main/java/stroom/search/elastic/client/gin/ElasticIndexGinjector.java,stroom-core-client,client,search,Ginjector,java,Framework,Dependency injection (GIN wiring),n/a,
stroom-core-client/src/main/java/stroom/search/elastic/client/gin/ElasticIndexModule.java,stroom-core-client,client,search,Module,java,Framework,Dependency injection (GIN wiring),n/a,
stroom-core-client/src/main/java/stroom/search/elastic/client/presenter/ElasticClusterPresenter.java,stroom-core-client,client,search,Presenter,java,Screen/Dialog,Search,todo,
stroom-core-client/src/main/java/stroom/search/elastic/client/presenter/ElasticClusterSettingsPresenter.java,stroom-core-client,client,search,Presenter,java,Screen/Dialog,Search,todo,
stroom-core-client/src/main/java/stroom/search/elastic/client/presenter/ElasticClusterSettingsUiHandlers.java,stroom-core-client,client,search,UiHandlers,java,Screen/Dialog,Search,todo,
stroom-core-client/src/main/java/stroom/search/elastic/client/presenter/ElasticIndexFieldDataProvider.java,stroom-core-client,client,search,Provider,java,Framework,Dependency injection (GIN wiring),n/a,
stroom-core-client/src/main/java/stroom/search/elastic/client/presenter/ElasticIndexFieldListPresenter.java,stroom-core-client,client,search,Presenter,java,Screen/Dialog,Search,todo,
stroom-core-client/src/main/java/stroom/search/elastic/client/presenter/ElasticIndexPresenter.java,stroom-core-client,client,search,Presenter,java,Screen/Dialog,Search,todo,
stroom-core-client/src/main/java/stroom/search/elastic/client/presenter/ElasticIndexSettingsPresenter.java,stroom-core-client,client,search,Presenter,java,Screen/Dialog,Search,todo,
stroom-core-client/src/main/java/stroom/search/elastic/client/presenter/ElasticIndexSettingsUiHandlers.java,stroom-core-client,client,search,UiHandlers,java,Screen/Dialog,Search,todo,
stroom-core-client/src/main/java/stroom/search/elastic/client/view/ElasticClusterSettingsViewImpl.java,stroom-core-client,client,search,ViewImpl,java,Screen/Dialog,Search,todo,
stroom-core-client/src/main/java/stroom/search/elastic/client/view/ElasticIndexFieldListViewImpl.java,stroom-core-client,client,search,ViewImpl,java,Screen/Dialog,Search,todo,
stroom-core-client/src/main/java/stroom/search/elastic/client/view/ElasticIndexSettingsViewImpl.java,stroom-core-client,client,search,ViewImpl,java,Screen/Dialog,Search,todo,
stroom-core-client/src/main/java/stroom/search/solr/client/SolrIndexPlugin.java,stroom-core-client,client,search,Plugin,java,Screen/Dialog,Search,todo,
stroom-core-client/src/main/java/stroom/search/solr/client/gin/SolrIndexGinjector.java,stroom-core-client,client,search,Ginjector,java,Framework,Dependency injection (GIN wiring),n/a,
stroom-core-client/src/main/java/stroom/search/solr/client/gin/SolrIndexModule.java,stroom-core-client,client,search,Module,java,Framework,Dependency injection (GIN wiring),n/a,
stroom-core-client/src/main/java/stroom/search/solr/client/presenter/SolrIndexFieldDataProvider.java,stroom-core-client,client,search,Provider,java,Framework,Dependency injection (GIN wiring),n/a,
stroom-core-client/src/main/java/stroom/search/solr/client/presenter/SolrIndexFieldEditPresenter.java,stroom-core-client,client,search,Presenter,java,Screen/Dialog,Search,todo,
stroom-core-client/src/main/java/stroom/search/solr/client/presenter/SolrIndexFieldListPresenter.java,stroom-core-client,client,search,Presenter,java,Screen/Dialog,Search,todo,
stroom-core-client/src/main/java/stroom/search/solr/client/presenter/SolrIndexPresenter.java,stroom-core-client,client,search,Presenter,java,Screen/Dialog,Search,todo,
stroom-core-client/src/main/java/stroom/search/solr/client/presenter/SolrIndexSettingsPresenter.java,stroom-core-client,client,search,Presenter,java,Screen/Dialog,Search,todo,
stroom-core-client/src/main/java/stroom/search/solr/client/presenter/SolrIndexSettingsUiHandlers.java,stroom-core-client,client,search,UiHandlers,java,Screen/Dialog,Search,todo,
stroom-core-client/src/main/java/stroom/search/solr/client/view/SolrIndexFieldEditViewImpl.java,stroom-core-client,client,search,ViewImpl,java,Screen/Dialog,Search,todo,
stroom-core-client/src/main/java/stroom/search/solr/client/view/SolrIndexFieldListViewImpl.java,stroom-core-client,client,search,ViewImpl,java,Screen/Dialog,Search,todo,
stroom-core-client/src/main/java/stroom/search/solr/client/view/SolrIndexSettingsViewImpl.java,stroom-core-client,client,search,ViewImpl,java,Screen/Dialog,Search,todo,
stroom-core-client/src/main/java/stroom/security/client/ApiKeysPlugin.java,stroom-core-client,client,security,Plugin,java,Screen/Dialog,Security,todo,
stroom-core-client/src/main/java/stroom/security/client/AppPermissionsPlugin.java,stroom-core-client,client,security,Plugin,java,Screen/Dialog,Security,todo,
stroom-core-client/src/main/java/stroom/security/client/CurrentUser.java,stroom-core-client,client,security,,java,Screen/Dialog,Security,todo,
stroom-core-client/src/main/java/stroom/security/client/DocumentPermissionsPlugin.java,stroom-core-client,client,security,Plugin,java,Screen/Dialog,Security,todo,
stroom-core-client/src/main/java/stroom/security/client/LoginManager.java,stroom-core-client,client,security,Manager,java,Screen/Dialog,Security,todo,
stroom-core-client/src/main/java/stroom/security/client/LogoutPlugin.java,stroom-core-client,client,security,Plugin,java,Screen/Dialog,Security,todo,
stroom-core-client/src/main/java/stroom/security/client/SignOutOtherSessionsPlugin.java,stroom-core-client,client,security,Plugin,java,Screen/Dialog,Security,todo,
stroom-core-client/src/main/java/stroom/security/client/SigningKeyPlugin.java,stroom-core-client,client,security,Plugin,java,Screen/Dialog,Security,todo,
stroom-core-client/src/main/java/stroom/security/client/UserAccessPlugin.java,stroom-core-client,client,security,Plugin,java,Screen/Dialog,Security,todo,
stroom-core-client/src/main/java/stroom/security/client/UserPermissionsReportPlugin.java,stroom-core-client,client,security,Plugin,java,Screen/Dialog,Security,todo,
stroom-core-client/src/main/java/stroom/security/client/UserPlugin.java,stroom-core-client,client,security,Plugin,java,Screen/Dialog,Security,todo,
stroom-core-client/src/main/java/stroom/security/client/UserTabPlugin.java,stroom-core-client,client,security,Plugin,java,Screen/Dialog,Security,todo,
stroom-core-client/src/main/java/stroom/security/client/UsersAndGroupsPlugin.java,stroom-core-client,client,security,Plugin,java,Screen/Dialog,Security,todo,
stroom-core-client/src/main/java/stroom/security/client/UsersPlugin.java,stroom-core-client,client,security,Plugin,java,Screen/Dialog,Security,todo,
stroom-core-client/src/main/java/stroom/security/client/api/ClientSecurityContext.java,stroom-core-client,client,security,,java,Screen/Dialog,Security,todo,
stroom-core-client/src/main/java/stroom/security/client/api/event/CurrentUserChangedEvent.java,stroom-core-client,client,security,Event,java,Screen/Dialog,Security,todo,
stroom-core-client/src/main/java/stroom/security/client/api/event/LogoutEvent.java,stroom-core-client,client,security,Event,java,Screen/Dialog,Security,todo,
stroom-core-client/src/main/java/stroom/security/client/api/event/RequestLogoutEvent.java,stroom-core-client,client,security,Event,java,Screen/Dialog,Security,todo,
stroom-core-client/src/main/java/stroom/security/client/event/OpenApiKeysScreenEvent.java,stroom-core-client,client,security,Event,java,Screen/Dialog,Security,todo,
stroom-core-client/src/main/java/stroom/security/client/event/OpenAppPermissionsScreenEvent.java,stroom-core-client,client,security,Event,java,Screen/Dialog,Security,todo,
stroom-core-client/src/main/java/stroom/security/client/event/OpenUserEvent.java,stroom-core-client,client,security,Event,java,Screen/Dialog,Security,todo,
stroom-core-client/src/main/java/stroom/security/client/event/OpenUsersAndGroupsScreenEvent.java,stroom-core-client,client,security,Event,java,Screen/Dialog,Security,todo,
stroom-core-client/src/main/java/stroom/security/client/event/OpenUsersScreenEvent.java,stroom-core-client,client,security,Event,java,Screen/Dialog,Security,todo,
stroom-core-client/src/main/java/stroom/security/client/gin/SecurityGinjector.java,stroom-core-client,client,security,Ginjector,java,Framework,Dependency injection (GIN wiring),n/a,
stroom-core-client/src/main/java/stroom/security/client/gin/SecurityModule.java,stroom-core-client,client,security,Module,java,Framework,Dependency injection (GIN wiring),n/a,
stroom-core-client/src/main/java/stroom/security/client/presenter/AbstractRestClient.java,stroom-core-client,client,security,Client,java,Screen/Dialog,Security,todo,
stroom-core-client/src/main/java/stroom/security/client/presenter/ApiKeyUiHandlers.java,stroom-core-client,client,security,UiHandlers,java,Screen/Dialog,Security,todo,
stroom-core-client/src/main/java/stroom/security/client/presenter/ApiKeysListPresenter.java,stroom-core-client,client,security,Presenter,java,Screen/Dialog,Security,todo,
stroom-core-client/src/main/java/stroom/security/client/presenter/ApiKeysPresenter.java,stroom-core-client,client,security,Presenter,java,Screen/Dialog,Security,todo,
stroom-core-client/src/main/java/stroom/security/client/presenter/AppPermissionsEditPresenter.java,stroom-core-client,client,security,Presenter,java,Screen/Dialog,Security,todo,
stroom-core-client/src/main/java/stroom/security/client/presenter/AppPermissionsPresenter.java,stroom-core-client,client,security,Presenter,java,Screen/Dialog,Security,todo,
stroom-core-client/src/main/java/stroom/security/client/presenter/AppUserPermissionsListPresenter.java,stroom-core-client,client,security,Presenter,java,Screen/Dialog,Security,todo,
stroom-core-client/src/main/java/stroom/security/client/presenter/BatchDocumentPermissionsEditPresenter.java,stroom-core-client,client,security,Presenter,java,Screen/Dialog,Security,todo,
stroom-core-client/src/main/java/stroom/security/client/presenter/BatchDocumentPermissionsPresenter.java,stroom-core-client,client,security,Presenter,java,Screen/Dialog,Security,todo,
stroom-core-client/src/main/java/stroom/security/client/presenter/ClassNameBuilder.java,stroom-core-client,client,security,Builder,java,Screen/Dialog,Security,todo,
stroom-core-client/src/main/java/stroom/security/client/presenter/CreateExternalUserPresenter.java,stroom-core-client,client,security,Presenter,java,Screen/Dialog,Security,todo,
stroom-core-client/src/main/java/stroom/security/client/presenter/CreateMultipleUsersPresenter.java,stroom-core-client,client,security,Presenter,java,Screen/Dialog,Security,todo,
stroom-core-client/src/main/java/stroom/security/client/presenter/CreateNewGroupPresenter.java,stroom-core-client,client,security,Presenter,java,Screen/Dialog,Security,todo,
stroom-core-client/src/main/java/stroom/security/client/presenter/CreateUserPresenter.java,stroom-core-client,client,security,Presenter,java,Screen/Dialog,Security,todo,
stroom-core-client/src/main/java/stroom/security/client/presenter/CreateUserUiHandlers.java,stroom-core-client,client,security,UiHandlers,java,Screen/Dialog,Security,todo,
stroom-core-client/src/main/java/stroom/security/client/presenter/DescriptionBuilder.java,stroom-core-client,client,security,Builder,java,Screen/Dialog,Security,todo,
stroom-core-client/src/main/java/stroom/security/client/presenter/DocPermissionRestClient.java,stroom-core-client,client,security,Client,java,Screen/Dialog,Security,todo,
stroom-core-client/src/main/java/stroom/security/client/presenter/DocumentCreatePermissionsListPresenter.java,stroom-core-client,client,security,Presenter,java,Screen/Dialog,Security,todo,
stroom-core-client/src/main/java/stroom/security/client/presenter/DocumentUserCreatePermissionsEditPresenter.java,stroom-core-client,client,security,Presenter,java,Screen/Dialog,Security,todo,
stroom-core-client/src/main/java/stroom/security/client/presenter/DocumentUserCreatePermissionsEditUiHandler.java,stroom-core-client,client,security,Handler,java,Screen/Dialog,Security,todo,
stroom-core-client/src/main/java/stroom/security/client/presenter/DocumentUserPermissionsEditPresenter.java,stroom-core-client,client,security,Presenter,java,Screen/Dialog,Security,todo,
stroom-core-client/src/main/java/stroom/security/client/presenter/DocumentUserPermissionsEditUiHandler.java,stroom-core-client,client,security,Handler,java,Screen/Dialog,Security,todo,
stroom-core-client/src/main/java/stroom/security/client/presenter/DocumentUserPermissionsListPresenter.java,stroom-core-client,client,security,Presenter,java,Screen/Dialog,Security,todo,
stroom-core-client/src/main/java/stroom/security/client/presenter/DocumentUserPermissionsPresenter.java,stroom-core-client,client,security,Presenter,java,Screen/Dialog,Security,todo,
stroom-core-client/src/main/java/stroom/security/client/presenter/DocumentUserPermissionsTabProvider.java,stroom-core-client,client,security,Provider,java,Framework,Dependency injection (GIN wiring),n/a,
stroom-core-client/src/main/java/stroom/security/client/presenter/EditApiKeyPresenter.java,stroom-core-client,client,security,Presenter,java,Screen/Dialog,Security,todo,
stroom-core-client/src/main/java/stroom/security/client/presenter/ExplorerClient.java,stroom-core-client,client,security,Client,java,Screen/Dialog,Security,todo,
stroom-core-client/src/main/java/stroom/security/client/presenter/PermissionChangeClient.java,stroom-core-client,client,security,Client,java,Screen/Dialog,Security,todo,
stroom-core-client/src/main/java/stroom/security/client/presenter/SigningKeyListPresenter.java,stroom-core-client,client,security,Presenter,java,Screen/Dialog,Security,todo,
stroom-core-client/src/main/java/stroom/security/client/presenter/SigningKeyPresenter.java,stroom-core-client,client,security,Presenter,java,Screen/Dialog,Security,todo,
stroom-core-client/src/main/java/stroom/security/client/presenter/UserAccessListPresenter.java,stroom-core-client,client,security,Presenter,java,Screen/Dialog,Security,todo,
stroom-core-client/src/main/java/stroom/security/client/presenter/UserAccessPresenter.java,stroom-core-client,client,security,Presenter,java,Screen/Dialog,Security,todo,
stroom-core-client/src/main/java/stroom/security/client/presenter/UserAndGroupHelper.java,stroom-core-client,client,security,,java,Screen/Dialog,Security,todo,
stroom-core-client/src/main/java/stroom/security/client/presenter/UserAndGroupsPresenter.java,stroom-core-client,client,security,Presenter,java,Screen/Dialog,Security,todo,
stroom-core-client/src/main/java/stroom/security/client/presenter/UserDependenciesListPresenter.java,stroom-core-client,client,security,Presenter,java,Screen/Dialog,Security,todo,
stroom-core-client/src/main/java/stroom/security/client/presenter/UserInfoPresenter.java,stroom-core-client,client,security,Presenter,java,Screen/Dialog,Security,todo,
stroom-core-client/src/main/java/stroom/security/client/presenter/UserListPresenter.java,stroom-core-client,client,security,Presenter,java,Screen/Dialog,Security,todo,
stroom-core-client/src/main/java/stroom/security/client/presenter/UserPermissionReportPresenter.java,stroom-core-client,client,security,Presenter,java,Screen/Dialog,Security,todo,
stroom-core-client/src/main/java/stroom/security/client/presenter/UserRefPopupPresenter.java,stroom-core-client,client,security,Presenter,java,Screen/Dialog,Security,todo,
stroom-core-client/src/main/java/stroom/security/client/presenter/UserRefSelectionBoxPresenter.java,stroom-core-client,client,security,Presenter,java,Screen/Dialog,Security,todo,
stroom-core-client/src/main/java/stroom/security/client/presenter/UserScreen.java,stroom-core-client,client,security,,java,Screen/Dialog,Security,todo,
stroom-core-client/src/main/java/stroom/security/client/presenter/UserSessionsListPresenter.java,stroom-core-client,client,security,Presenter,java,Screen/Dialog,Security,todo,
stroom-core-client/src/main/java/stroom/security/client/presenter/UserTabPresenter.java,stroom-core-client,client,security,Presenter,java,Screen/Dialog,Security,todo,
stroom-core-client/src/main/java/stroom/security/client/presenter/UsersPresenter.java,stroom-core-client,client,security,Presenter,java,Screen/Dialog,Security,todo,
stroom-core-client/src/main/java/stroom/security/client/view/ApiKeysViewImpl.java,stroom-core-client,client,security,ViewImpl,java,Screen/Dialog,Security,todo,
stroom-core-client/src/main/java/stroom/security/client/view/AppPermissionsEditViewImpl.java,stroom-core-client,client,security,ViewImpl,java,Screen/Dialog,Security,todo,
stroom-core-client/src/main/java/stroom/security/client/view/AppPermissionsViewImpl.java,stroom-core-client,client,security,ViewImpl,java,Screen/Dialog,Security,todo,
stroom-core-client/src/main/java/stroom/security/client/view/BatchDocumentPermissionsEditViewImpl.java,stroom-core-client,client,security,ViewImpl,java,Screen/Dialog,Security,todo,
stroom-core-client/src/main/java/stroom/security/client/view/BatchDocumentPermissionsViewImpl.java,stroom-core-client,client,security,ViewImpl,java,Screen/Dialog,Security,todo,
stroom-core-client/src/main/java/stroom/security/client/view/CreateExternalUserViewImpl.java,stroom-core-client,client,security,ViewImpl,java,Screen/Dialog,Security,todo,
stroom-core-client/src/main/java/stroom/security/client/view/CreateMultipleUsersViewImpl.java,stroom-core-client,client,security,ViewImpl,java,Screen/Dialog,Security,todo,
stroom-core-client/src/main/java/stroom/security/client/view/CreateUserViewImpl.java,stroom-core-client,client,security,ViewImpl,java,Screen/Dialog,Security,todo,
stroom-core-client/src/main/java/stroom/security/client/view/DocumentCreatePermissionsListViewImpl.java,stroom-core-client,client,security,ViewImpl,java,Screen/Dialog,Security,todo,
stroom-core-client/src/main/java/stroom/security/client/view/DocumentUserCreatePermissionsEditViewImpl.java,stroom-core-client,client,security,ViewImpl,java,Screen/Dialog,Security,todo,
stroom-core-client/src/main/java/stroom/security/client/view/DocumentUserPermissionsEditViewImpl.java,stroom-core-client,client,security,ViewImpl,java,Screen/Dialog,Security,todo,
stroom-core-client/src/main/java/stroom/security/client/view/DocumentUserPermissionsViewImpl.java,stroom-core-client,client,security,ViewImpl,java,Screen/Dialog,Security,todo,
stroom-core-client/src/main/java/stroom/security/client/view/EditApiKeyViewImpl.java,stroom-core-client,client,security,ViewImpl,java,Screen/Dialog,Security,todo,
stroom-core-client/src/main/java/stroom/security/client/view/SigningKeyViewImpl.java,stroom-core-client,client,security,ViewImpl,java,Screen/Dialog,Security,todo,
stroom-core-client/src/main/java/stroom/security/client/view/UserAccessViewImpl.java,stroom-core-client,client,security,ViewImpl,java,Screen/Dialog,Security,todo,
stroom-core-client/src/main/java/stroom/security/client/view/UserAndGroupsViewImpl.java,stroom-core-client,client,security,ViewImpl,java,Screen/Dialog,Security,todo,
stroom-core-client/src/main/java/stroom/security/client/view/UserInfoViewImpl.java,stroom-core-client,client,security,ViewImpl,java,Screen/Dialog,Security,todo,
stroom-core-client/src/main/java/stroom/security/client/view/UserPermissionReportViewImpl.java,stroom-core-client,client,security,ViewImpl,java,Screen/Dialog,Security,todo,
stroom-core-client/src/main/java/stroom/security/client/view/UsersViewImpl.java,stroom-core-client,client,security,ViewImpl,java,Screen/Dialog,Security,todo,
stroom-core-client/src/main/java/stroom/security/identity/client/AccountsPlugin.java,stroom-core-client,client,security,Plugin,java,Screen/Dialog,Security,todo,
stroom-core-client/src/main/java/stroom/security/identity/client/ChangePasswordPlugin.java,stroom-core-client,client,security,Plugin,java,Screen/Dialog,Security,todo,
stroom-core-client/src/main/java/stroom/security/identity/client/event/OpenAccountEvent.java,stroom-core-client,client,security,Event,java,Screen/Dialog,Security,todo,
stroom-core-client/src/main/java/stroom/security/identity/client/gin/ChangePasswordGinjector.java,stroom-core-client,client,security,Ginjector,java,Framework,Dependency injection (GIN wiring),n/a,
stroom-core-client/src/main/java/stroom/security/identity/client/gin/ChangePasswordModule.java,stroom-core-client,client,security,Module,java,Framework,Dependency injection (GIN wiring),n/a,
stroom-core-client/src/main/java/stroom/security/identity/client/presenter/AccountsListPresenter.java,stroom-core-client,client,security,Presenter,java,Screen/Dialog,Security,todo,
stroom-core-client/src/main/java/stroom/security/identity/client/presenter/AccountsPresenter.java,stroom-core-client,client,security,Presenter,java,Screen/Dialog,Security,todo,
stroom-core-client/src/main/java/stroom/security/identity/client/presenter/AccountsUiHandlers.java,stroom-core-client,client,security,UiHandlers,java,Screen/Dialog,Security,todo,
stroom-core-client/src/main/java/stroom/security/identity/client/presenter/AuthenticationErrorPresenter.java,stroom-core-client,client,security,Presenter,java,Screen/Dialog,Security,todo,
stroom-core-client/src/main/java/stroom/security/identity/client/presenter/ChangePasswordPresenter.java,stroom-core-client,client,security,Presenter,java,Screen/Dialog,Security,todo,
stroom-core-client/src/main/java/stroom/security/identity/client/presenter/CurrentPasswordPresenter.java,stroom-core-client,client,security,Presenter,java,Screen/Dialog,Security,todo,
stroom-core-client/src/main/java/stroom/security/identity/client/presenter/EditAccountPresenter.java,stroom-core-client,client,security,Presenter,java,Screen/Dialog,Security,todo,
stroom-core-client/src/main/java/stroom/security/identity/client/presenter/EditAccountUiHandlers.java,stroom-core-client,client,security,UiHandlers,java,Screen/Dialog,Security,todo,
stroom-core-client/src/main/java/stroom/security/identity/client/presenter/EmailResetPasswordPresenter.java,stroom-core-client,client,security,Presenter,java,Screen/Dialog,Security,todo,
stroom-core-client/src/main/java/stroom/security/identity/client/presenter/EmailValidator.java,stroom-core-client,client,security,,java,Screen/Dialog,Security,todo,
stroom-core-client/src/main/java/stroom/security/identity/client/presenter/LoginPresenter.java,stroom-core-client,client,security,Presenter,java,Screen/Dialog,Security,todo,
stroom-core-client/src/main/java/stroom/security/identity/client/presenter/LoginUiHandlers.java,stroom-core-client,client,security,UiHandlers,java,Screen/Dialog,Security,todo,
stroom-core-client/src/main/java/stroom/security/identity/client/presenter/ResetPasswordPresenter.java,stroom-core-client,client,security,Presenter,java,Screen/Dialog,Security,todo,
stroom-core-client/src/main/java/stroom/security/identity/client/view/AccountsViewImpl.java,stroom-core-client,client,security,ViewImpl,java,Screen/Dialog,Security,todo,
stroom-core-client/src/main/java/stroom/security/identity/client/view/AuthenticationErrorViewImpl.java,stroom-core-client,client,security,ViewImpl,java,Screen/Dialog,Security,todo,
stroom-core-client/src/main/java/stroom/security/identity/client/view/ChangePasswordViewImpl.java,stroom-core-client,client,security,ViewImpl,java,Screen/Dialog,Security,todo,
stroom-core-client/src/main/java/stroom/security/identity/client/view/CurrentPasswordViewImpl.java,stroom-core-client,client,security,ViewImpl,java,Screen/Dialog,Security,todo,
stroom-core-client/src/main/java/stroom/security/identity/client/view/EditAccountViewImpl.java,stroom-core-client,client,security,ViewImpl,java,Screen/Dialog,Security,todo,
stroom-core-client/src/main/java/stroom/security/identity/client/view/EmailResetPasswordViewImpl.java,stroom-core-client,client,security,ViewImpl,java,Screen/Dialog,Security,todo,
stroom-core-client/src/main/java/stroom/security/identity/client/view/LoginViewImpl.java,stroom-core-client,client,security,ViewImpl,java,Screen/Dialog,Security,todo,
stroom-core-client/src/main/java/stroom/security/identity/client/view/ResetPasswordViewImpl.java,stroom-core-client,client,security,ViewImpl,java,Screen/Dialog,Security,todo,
stroom-core-client/src/main/java/stroom/task/client/TaskManagerPlugin.java,stroom-core-client,client,task,Plugin,java,Screen/Dialog,Tasks,todo,
stroom-core-client/src/main/java/stroom/task/client/event/OpenTaskManagerEvent.java,stroom-core-client,client,task,Event,java,Screen/Dialog,Tasks,todo,
stroom-core-client/src/main/java/stroom/task/client/event/OpenUserTaskManagerEvent.java,stroom-core-client,client,task,Event,java,Screen/Dialog,Tasks,todo,
stroom-core-client/src/main/java/stroom/task/client/event/OpenUserTaskManagerHandler.java,stroom-core-client,client,task,Handler,java,Screen/Dialog,Tasks,todo,
stroom-core-client/src/main/java/stroom/task/client/gin/TaskGinjector.java,stroom-core-client,client,task,Ginjector,java,Framework,Dependency injection (GIN wiring),n/a,
stroom-core-client/src/main/java/stroom/task/client/gin/TaskModule.java,stroom-core-client,client,task,Module,java,Framework,Dependency injection (GIN wiring),n/a,
stroom-core-client/src/main/java/stroom/task/client/presenter/TaskInfoParser.java,stroom-core-client,client,task,,java,Screen/Dialog,Tasks,todo,
stroom-core-client/src/main/java/stroom/task/client/presenter/TaskManagerListPresenter.java,stroom-core-client,client,task,Presenter,java,Screen/Dialog,Tasks,todo,
stroom-core-client/src/main/java/stroom/task/client/presenter/TaskManagerPresenter.java,stroom-core-client,client,task,Presenter,java,Screen/Dialog,Tasks,todo,
stroom-core-client/src/main/java/stroom/task/client/presenter/TaskManagerTreeAction.java,stroom-core-client,client,task,,java,Screen/Dialog,Tasks,todo,
stroom-core-client/src/main/java/stroom/task/client/presenter/TaskManagerUiHandlers.java,stroom-core-client,client,task,UiHandlers,java,Screen/Dialog,Tasks,todo,
stroom-core-client/src/main/java/stroom/task/client/presenter/TaskProgressUtil.java,stroom-core-client,client,task,Util,java,Utility,Tasks,todo,
stroom-core-client/src/main/java/stroom/task/client/presenter/UserTaskManagerPresenter.java,stroom-core-client,client,task,Presenter,java,Screen/Dialog,Tasks,todo,
stroom-core-client/src/main/java/stroom/task/client/presenter/UserTaskPresenter.java,stroom-core-client,client,task,Presenter,java,Screen/Dialog,Tasks,todo,
stroom-core-client/src/main/java/stroom/task/client/presenter/UserTaskUiHandlers.java,stroom-core-client,client,task,UiHandlers,java,Screen/Dialog,Tasks,todo,
stroom-core-client/src/main/java/stroom/task/client/view/TaskManagerViewImpl.java,stroom-core-client,client,task,ViewImpl,java,Screen/Dialog,Tasks,todo,
stroom-core-client/src/main/java/stroom/task/client/view/UserTaskManagerViewImpl.java,stroom-core-client,client,task,ViewImpl,java,Screen/Dialog,Tasks,todo,
stroom-core-client/src/main/java/stroom/task/client/view/UserTaskViewImpl.java,stroom-core-client,client,task,ViewImpl,java,Screen/Dialog,Tasks,todo,
stroom-core-client/src/main/java/stroom/ui/config/client/PropertyChangeEvent.java,stroom-core-client,client,ui,Event,java,Framework,Client events (event bus),n/a,
stroom-core-client/src/main/java/stroom/ui/config/client/UiConfigCache.java,stroom-core-client,client,ui,,java,Framework,Application shell,todo,
stroom-core-client/src/main/java/stroom/util/client/ClipboardUtil.java,stroom-core-client,client,util,Util,java,Utility,Util,todo,
stroom-core-client/src/main/java/stroom/util/client/Console.java,stroom-core-client,client,util,,java,Utility,Util,todo,
stroom-core-client/src/main/java/stroom/util/client/CountDownAndRun.java,stroom-core-client,client,util,,java,Utility,Util,todo,
stroom-core-client/src/main/java/stroom/util/client/DataGridComparatorFactory.java,stroom-core-client,client,util,Factory,java,Utility,Util,todo,
stroom-core-client/src/main/java/stroom/util/client/DataGridUtil.java,stroom-core-client,client,util,Util,java,Utility,Util,todo,
stroom-core-client/src/main/java/stroom/util/client/DelayedUpdate.java,stroom-core-client,client,util,,java,Utility,Util,todo,
stroom-core-client/src/main/java/stroom/util/client/DurationUtil.java,stroom-core-client,client,util,Util,java,Utility,Util,todo,
stroom-core-client/src/main/java/stroom/util/client/ExpiryFormatter.java,stroom-core-client,client,util,,java,Utility,Util,todo,
stroom-core-client/src/main/java/stroom/util/client/JSONUtil.java,stroom-core-client,client,util,Util,java,Utility,Util,todo,
stroom-core-client/src/main/java/stroom/util/client/NumberUtil.java,stroom-core-client,client,util,Util,java,Utility,Util,todo,
stroom-core-client/src/main/java/stroom/util/client/Pair.java,stroom-core-client,client,util,,java,Utility,Util,todo,
stroom-core-client/src/main/java/stroom/util/client/RedirectUrlUtil.java,stroom-core-client,client,util,Util,java,Utility,Util,todo,
stroom-core-client/src/main/java/stroom/util/client/SizeUtil.java,stroom-core-client,client,util,Util,java,Utility,Util,todo,
stroom-core-client/src/main/java/stroom/util/client/TextRangeUtil.java,stroom-core-client,client,util,Util,java,Utility,Util,todo,
stroom-core-client/src/main/java/stroom/view/client/ViewPlugin.java,stroom-core-client,client,view,Plugin,java,Screen/Dialog,View,todo,
stroom-core-client/src/main/java/stroom/view/client/gin/ViewGinjector.java,stroom-core-client,client,view,Ginjector,java,Framework,Dependency injection (GIN wiring),n/a,
stroom-core-client/src/main/java/stroom/view/client/gin/ViewModule.java,stroom-core-client,client,view,Module,java,Framework,Dependency injection (GIN wiring),n/a,
stroom-core-client/src/main/java/stroom/view/client/presenter/ViewPresenter.java,stroom-core-client,client,view,Presenter,java,Screen/Dialog,View,todo,
stroom-core-client/src/main/java/stroom/view/client/presenter/ViewSettingsPresenter.java,stroom-core-client,client,view,Presenter,java,Screen/Dialog,View,todo,
stroom-core-client/src/main/java/stroom/view/client/view/ViewSettingsViewImpl.java,stroom-core-client,client,view,ViewImpl,java,Screen/Dialog,View,todo,
stroom-core-client/src/main/java/stroom/visualisation/client/VisualisationPlugin.java,stroom-core-client,client,visualisation,Plugin,java,Screen/Dialog,Visualisation,todo,
stroom-core-client/src/main/java/stroom/visualisation/client/gin/VisualisationGinjector.java,stroom-core-client,client,visualisation,Ginjector,java,Framework,Dependency injection (GIN wiring),n/a,
stroom-core-client/src/main/java/stroom/visualisation/client/gin/VisualisationModule.java,stroom-core-client,client,visualisation,Module,java,Framework,Dependency injection (GIN wiring),n/a,
stroom-core-client/src/main/java/stroom/visualisation/client/presenter/VisFunction.java,stroom-core-client,client,visualisation,,java,Screen/Dialog,Visualisation,todo,
stroom-core-client/src/main/java/stroom/visualisation/client/presenter/VisFunctionCache.java,stroom-core-client,client,visualisation,,java,Screen/Dialog,Visualisation,todo,
stroom-core-client/src/main/java/stroom/visualisation/client/presenter/VisualisationAssetState.java,stroom-core-client,client,visualisation,,java,Screen/Dialog,Visualisation,todo,
stroom-core-client/src/main/java/stroom/visualisation/client/presenter/VisualisationAssetsAddFileCallback.java,stroom-core-client,client,visualisation,,java,Screen/Dialog,Visualisation,todo,
stroom-core-client/src/main/java/stroom/visualisation/client/presenter/VisualisationAssetsAddItemDialogPresenter.java,stroom-core-client,client,visualisation,Presenter,java,Screen/Dialog,Visualisation,todo,
stroom-core-client/src/main/java/stroom/visualisation/client/presenter/VisualisationAssetsEditAssetDialogPresenter.java,stroom-core-client,client,visualisation,Presenter,java,Screen/Dialog,Visualisation,todo,
stroom-core-client/src/main/java/stroom/visualisation/client/presenter/VisualisationAssetsPresenter.java,stroom-core-client,client,visualisation,Presenter,java,Screen/Dialog,Visualisation,todo,
stroom-core-client/src/main/java/stroom/visualisation/client/presenter/VisualisationAssetsPresenterUtils.java,stroom-core-client,client,visualisation,Utils,java,Utility,Visualisation,todo,
stroom-core-client/src/main/java/stroom/visualisation/client/presenter/VisualisationAssetsUploadFileDialogPresenter.java,stroom-core-client,client,visualisation,Presenter,java,Screen/Dialog,Visualisation,todo,
stroom-core-client/src/main/java/stroom/visualisation/client/presenter/VisualisationPresenter.java,stroom-core-client,client,visualisation,Presenter,java,Screen/Dialog,Visualisation,todo,
stroom-core-client/src/main/java/stroom/visualisation/client/presenter/VisualisationSettingsPresenter.java,stroom-core-client,client,visualisation,Presenter,java,Screen/Dialog,Visualisation,todo,
stroom-core-client/src/main/java/stroom/visualisation/client/presenter/assets/VisualisationAssetTreeItem.java,stroom-core-client,client,visualisation,,java,Screen/Dialog,Visualisation,todo,
stroom-core-client/src/main/java/stroom/visualisation/client/presenter/assets/VisualisationAssetsImageResource.java,stroom-core-client,client,visualisation,Resource,java,REST API,Visualisation,generated,openapi-typescript
stroom-core-client/src/main/java/stroom/visualisation/client/view/VisualisationAssetsAddItemDialogViewImpl.java,stroom-core-client,client,visualisation,ViewImpl,java,Screen/Dialog,Visualisation,todo,
stroom-core-client/src/main/java/stroom/visualisation/client/view/VisualisationAssetsEditAssetDialogViewImpl.java,stroom-core-client,client,visualisation,ViewImpl,java,Screen/Dialog,Visualisation,todo,
stroom-core-client/src/main/java/stroom/visualisation/client/view/VisualisationAssetsUploadFileDialogViewImpl.java,stroom-core-client,client,visualisation,ViewImpl,java,Screen/Dialog,Visualisation,todo,
stroom-core-client/src/main/java/stroom/visualisation/client/view/VisualisationAssetsViewImpl.java,stroom-core-client,client,visualisation,ViewImpl,java,Screen/Dialog,Visualisation,todo,
stroom-core-client/src/main/java/stroom/visualisation/client/view/VisualisationSettingsViewImpl.java,stroom-core-client,client,visualisation,ViewImpl,java,Screen/Dialog,Visualisation,todo,
stroom-core-client/src/main/java/stroom/welcome/client/WelcomePlugin.java,stroom-core-client,client,welcome,Plugin,java,Screen/Dialog,Welcome,todo,
stroom-core-client/src/main/java/stroom/welcome/client/gin/WelcomeGinjector.java,stroom-core-client,client,welcome,Ginjector,java,Framework,Dependency injection (GIN wiring),n/a,
stroom-core-client/src/main/java/stroom/welcome/client/gin/WelcomeModule.java,stroom-core-client,client,welcome,Module,java,Framework,Dependency injection (GIN wiring),n/a,
stroom-core-client/src/main/java/stroom/welcome/client/presenter/WelcomePresenter.java,stroom-core-client,client,welcome,Presenter,java,Screen/Dialog,Welcome,todo,
stroom-core-client/src/main/java/stroom/welcome/client/view/WelcomeViewImpl.java,stroom-core-client,client,welcome,ViewImpl,java,Screen/Dialog,Welcome,todo,
stroom-core-client/src/main/java/stroom/xmlschema/client/XMLSchemaPlugin.java,stroom-core-client,client,xmlschema,Plugin,java,Screen/Dialog,XML schema,todo,
stroom-core-client/src/main/java/stroom/xmlschema/client/gin/XMLSchemaGinjector.java,stroom-core-client,client,xmlschema,Ginjector,java,Framework,Dependency injection (GIN wiring),n/a,
stroom-core-client/src/main/java/stroom/xmlschema/client/gin/XMLSchemaModule.java,stroom-core-client,client,xmlschema,Module,java,Framework,Dependency injection (GIN wiring),n/a,
stroom-core-client/src/main/java/stroom/xmlschema/client/presenter/XMLSchemaPresenter.java,stroom-core-client,client,xmlschema,Presenter,java,Screen/Dialog,XML schema,todo,
stroom-core-client/src/main/java/stroom/xmlschema/client/presenter/XMLSchemaSettingsPresenter.java,stroom-core-client,client,xmlschema,Presenter,java,Screen/Dialog,XML schema,todo,
stroom-core-client/src/main/java/stroom/xmlschema/client/view/XMLSchemaSettingsViewImpl.java,stroom-core-client,client,xmlschema,ViewImpl,java,Screen/Dialog,XML schema,todo,
stroom-core-client/src/main/resources/stroom/about/client/view/AboutViewImpl.ui.xml,stroom-core-client,client,about,ViewImpl,ui.xml,Screen/Dialog,About,todo,
stroom-core-client/src/main/resources/stroom/activity/client/ActivityEditViewImpl.ui.xml,stroom-core-client,client,activity,ViewImpl,ui.xml,Screen/Dialog,Activity,todo,
stroom-core-client/src/main/resources/stroom/activity/client/ManageActivityViewImpl.ui.xml,stroom-core-client,client,activity,ViewImpl,ui.xml,Screen/Dialog,Activity,todo,
stroom-core-client/src/main/resources/stroom/activity/client/SplashViewImpl.ui.xml,stroom-core-client,client,activity,ViewImpl,ui.xml,Screen/Dialog,Activity,todo,
stroom-core-client/src/main/resources/stroom/ai/client/AiChatHistoryViewImpl.ui.xml,stroom-core-client,client,ai,ViewImpl,ui.xml,Screen/Dialog,AI,todo,
stroom-core-client/src/main/resources/stroom/ai/client/AiConfigGeneralViewImpl.ui.xml,stroom-core-client,client,ai,ViewImpl,ui.xml,Screen/Dialog,AI,todo,
stroom-core-client/src/main/resources/stroom/ai/client/AiConfigTableAnalysisViewImpl.ui.xml,stroom-core-client,client,ai,ViewImpl,ui.xml,Screen/Dialog,AI,todo,
stroom-core-client/src/main/resources/stroom/ai/client/AskStroomAiConfigViewImpl.ui.xml,stroom-core-client,client,ai,ViewImpl,ui.xml,Screen/Dialog,AI,todo,
stroom-core-client/src/main/resources/stroom/ai/client/AskStroomAiViewImpl.ui.xml,stroom-core-client,client,ai,ViewImpl,ui.xml,Screen/Dialog,AI,todo,
stroom-core-client/src/main/resources/stroom/ai/client/DownloadChatViewImpl.ui.xml,stroom-core-client,client,ai,ViewImpl,ui.xml,Screen/Dialog,AI,todo,
stroom-core-client/src/main/resources/stroom/analytics/client/view/AnalyticDataShardsViewImpl.ui.xml,stroom-core-client,client,analytics,ViewImpl,ui.xml,Screen/Dialog,Analytics,todo,
stroom-core-client/src/main/resources/stroom/analytics/client/view/AnalyticEmailDestinationViewImpl.ui.xml,stroom-core-client,client,analytics,ViewImpl,ui.xml,Screen/Dialog,Analytics,todo,
stroom-core-client/src/main/resources/stroom/analytics/client/view/AnalyticNotificationEditViewImpl.ui.xml,stroom-core-client,client,analytics,ViewImpl,ui.xml,Screen/Dialog,Analytics,todo,
stroom-core-client/src/main/resources/stroom/analytics/client/view/AnalyticNotificationViewImpl.ui.xml,stroom-core-client,client,analytics,ViewImpl,ui.xml,Screen/Dialog,Analytics,todo,
stroom-core-client/src/main/resources/stroom/analytics/client/view/AnalyticProcessingViewImpl.ui.xml,stroom-core-client,client,analytics,ViewImpl,ui.xml,Screen/Dialog,Analytics,todo,
stroom-core-client/src/main/resources/stroom/analytics/client/view/AnalyticSettingsViewImpl.ui.xml,stroom-core-client,client,analytics,ViewImpl,ui.xml,Screen/Dialog,Analytics,todo,
stroom-core-client/src/main/resources/stroom/analytics/client/view/AnalyticStreamDestinationViewImpl.ui.xml,stroom-core-client,client,analytics,ViewImpl,ui.xml,Screen/Dialog,Analytics,todo,
stroom-core-client/src/main/resources/stroom/analytics/client/view/BatchExecutionScheduleEditViewImpl.ui.xml,stroom-core-client,client,analytics,ViewImpl,ui.xml,Screen/Dialog,Analytics,todo,
stroom-core-client/src/main/resources/stroom/analytics/client/view/DuplicateManagementViewImpl.ui.xml,stroom-core-client,client,analytics,ViewImpl,ui.xml,Screen/Dialog,Analytics,todo,
stroom-core-client/src/main/resources/stroom/analytics/client/view/ExecutionScheduleRunNowViewImpl.ui.xml,stroom-core-client,client,analytics,ViewImpl,ui.xml,Screen/Dialog,Analytics,todo,
stroom-core-client/src/main/resources/stroom/analytics/client/view/ReportSettingsViewImpl.ui.xml,stroom-core-client,client,analytics,ViewImpl,ui.xml,Screen/Dialog,Analytics,todo,
stroom-core-client/src/main/resources/stroom/analytics/client/view/ScheduledProcessEditViewImpl.ui.xml,stroom-core-client,client,analytics,ViewImpl,ui.xml,Screen/Dialog,Analytics,todo,
stroom-core-client/src/main/resources/stroom/analytics/client/view/ScheduledProcessingViewImpl.ui.xml,stroom-core-client,client,analytics,ViewImpl,ui.xml,Screen/Dialog,Analytics,todo,
stroom-core-client/src/main/resources/stroom/analytics/client/view/StreamingProcessingViewImpl.ui.xml,stroom-core-client,client,analytics,ViewImpl,ui.xml,Screen/Dialog,Analytics,todo,
stroom-core-client/src/main/resources/stroom/analytics/client/view/TableBuilderProcessingViewImpl.ui.xml,stroom-core-client,client,analytics,ViewImpl,ui.xml,Screen/Dialog,Analytics,todo,
stroom-core-client/src/main/resources/stroom/annotation/client/AddEventLinkViewImpl.ui.xml,stroom-core-client,client,annotation,ViewImpl,ui.xml,Screen/Dialog,Annotation,todo,
stroom-core-client/src/main/resources/stroom/annotation/client/AnnotationEditViewImpl.ui.xml,stroom-core-client,client,annotation,ViewImpl,ui.xml,Screen/Dialog,Annotation,todo,
stroom-core-client/src/main/resources/stroom/annotation/client/AnnotationTagCreateViewImpl.ui.xml,stroom-core-client,client,annotation,ViewImpl,ui.xml,Screen/Dialog,Annotation,todo,
stroom-core-client/src/main/resources/stroom/annotation/client/AnnotationTagEditViewImpl.ui.xml,stroom-core-client,client,annotation,ViewImpl,ui.xml,Screen/Dialog,Annotation,todo,
stroom-core-client/src/main/resources/stroom/annotation/client/ChangeAssignedToViewImpl.ui.xml,stroom-core-client,client,annotation,ViewImpl,ui.xml,Screen/Dialog,Annotation,todo,
stroom-core-client/src/main/resources/stroom/annotation/client/ChangeStatusViewImpl.ui.xml,stroom-core-client,client,annotation,ViewImpl,ui.xml,Screen/Dialog,Annotation,todo,
stroom-core-client/src/main/resources/stroom/annotation/client/ChooserViewImpl.ui.xml,stroom-core-client,client,annotation,ViewImpl,ui.xml,Screen/Dialog,Annotation,todo,
stroom-core-client/src/main/resources/stroom/annotation/client/CommentEditViewImpl.ui.xml,stroom-core-client,client,annotation,ViewImpl,ui.xml,Screen/Dialog,Annotation,todo,
stroom-core-client/src/main/resources/stroom/annotation/client/DurationViewImpl.ui.xml,stroom-core-client,client,annotation,ViewImpl,ui.xml,Screen/Dialog,Annotation,todo,
stroom-core-client/src/main/resources/stroom/annotation/client/LinkedEventViewImpl.ui.xml,stroom-core-client,client,annotation,ViewImpl,ui.xml,Screen/Dialog,Annotation,todo,
stroom-core-client/src/main/resources/stroom/cache/client/view/CacheViewImpl.ui.xml,stroom-core-client,client,cache,ViewImpl,ui.xml,Screen/Dialog,Cache,todo,
stroom-core-client/src/main/resources/stroom/config/global/client/view/ConfigPropertyClusterValuesViewImpl.ui.xml,stroom-core-client,client,config,ViewImpl,ui.xml,Screen/Dialog,Config / properties,todo,
stroom-core-client/src/main/resources/stroom/config/global/client/view/GlobalPropertyEditViewImpl.ui.xml,stroom-core-client,client,config,ViewImpl,ui.xml,Screen/Dialog,Config / properties,todo,
stroom-core-client/src/main/resources/stroom/config/global/client/view/GlobalPropertyTabViewImpl.ui.xml,stroom-core-client,client,config,ViewImpl,ui.xml,Screen/Dialog,Config / properties,todo,
stroom-core-client/src/main/resources/stroom/contentstore/client/view/ContentStoreViewImpl.ui.xml,stroom-core-client,client,contentstore,ViewImpl,ui.xml,Screen/Dialog,Content store,todo,
stroom-core-client/src/main/resources/stroom/core/client/view/FullScreenViewImpl.ui.xml,stroom-core-client,client,core,ViewImpl,ui.xml,Framework,Application shell,todo,
stroom-core-client/src/main/resources/stroom/credentials/client/view/AccessTokenSecretViewImpl.ui.xml,stroom-core-client,client,credentials,ViewImpl,ui.xml,Screen/Dialog,Credentials,todo,
stroom-core-client/src/main/resources/stroom/credentials/client/view/CredentialSettingsViewImpl.ui.xml,stroom-core-client,client,credentials,ViewImpl,ui.xml,Screen/Dialog,Credentials,todo,
stroom-core-client/src/main/resources/stroom/credentials/client/view/CredentialsManagerViewImpl.ui.xml,stroom-core-client,client,credentials,ViewImpl,ui.xml,Screen/Dialog,Credentials,todo,
stroom-core-client/src/main/resources/stroom/credentials/client/view/CredentialsViewImpl.ui.xml,stroom-core-client,client,credentials,ViewImpl,ui.xml,Screen/Dialog,Credentials,todo,
stroom-core-client/src/main/resources/stroom/credentials/client/view/KeyStoreSecretViewImpl.ui.xml,stroom-core-client,client,credentials,ViewImpl,ui.xml,Screen/Dialog,Credentials,todo,
stroom-core-client/src/main/resources/stroom/credentials/client/view/SshKeySecretViewImpl.ui.xml,stroom-core-client,client,credentials,ViewImpl,ui.xml,Screen/Dialog,Credentials,todo,
stroom-core-client/src/main/resources/stroom/credentials/client/view/UsernamePasswordSecretViewImpl.ui.xml,stroom-core-client,client,credentials,ViewImpl,ui.xml,Screen/Dialog,Credentials,todo,
stroom-core-client/src/main/resources/stroom/dashboard/client/embeddedquery/BasicEmbeddedQuerySettingsViewImpl.ui.xml,stroom-core-client,client,dashboard,ViewImpl,ui.xml,Screen/Dialog,Dashboard,todo,
stroom-core-client/src/main/resources/stroom/dashboard/client/embeddedquery/EmbeddedQueryViewImpl.ui.xml,stroom-core-client,client,dashboard,ViewImpl,ui.xml,Screen/Dialog,Dashboard,todo,
stroom-core-client/src/main/resources/stroom/dashboard/client/input/BasicKeyValueInputSettingsViewImpl.ui.xml,stroom-core-client,client,dashboard,ViewImpl,ui.xml,Screen/Dialog,Dashboard,todo,
stroom-core-client/src/main/resources/stroom/dashboard/client/input/BasicListInputSettingsViewImpl.ui.xml,stroom-core-client,client,dashboard,ViewImpl,ui.xml,Screen/Dialog,Dashboard,todo,
stroom-core-client/src/main/resources/stroom/dashboard/client/input/BasicTableFilterSettingsViewImpl.ui.xml,stroom-core-client,client,dashboard,ViewImpl,ui.xml,Screen/Dialog,Dashboard,todo,
stroom-core-client/src/main/resources/stroom/dashboard/client/input/BasicTextInputSettingsViewImpl.ui.xml,stroom-core-client,client,dashboard,ViewImpl,ui.xml,Screen/Dialog,Dashboard,todo,
stroom-core-client/src/main/resources/stroom/dashboard/client/input/KeyValueInputViewImpl.ui.xml,stroom-core-client,client,dashboard,ViewImpl,ui.xml,Screen/Dialog,Dashboard,todo,
stroom-core-client/src/main/resources/stroom/dashboard/client/input/ListInputViewImpl.ui.xml,stroom-core-client,client,dashboard,ViewImpl,ui.xml,Screen/Dialog,Dashboard,todo,
stroom-core-client/src/main/resources/stroom/dashboard/client/input/MultiRulesViewImpl.ui.xml,stroom-core-client,client,dashboard,ViewImpl,ui.xml,Screen/Dialog,Dashboard,todo,
stroom-core-client/src/main/resources/stroom/dashboard/client/input/TableFilterViewImpl.ui.xml,stroom-core-client,client,dashboard,ViewImpl,ui.xml,Screen/Dialog,Dashboard,todo,
stroom-core-client/src/main/resources/stroom/dashboard/client/input/TextInputViewImpl.ui.xml,stroom-core-client,client,dashboard,ViewImpl,ui.xml,Screen/Dialog,Dashboard,todo,
stroom-core-client/src/main/resources/stroom/dashboard/client/main/DashboardViewImpl.ui.xml,stroom-core-client,client,dashboard,ViewImpl,ui.xml,Screen/Dialog,Dashboard,todo,
stroom-core-client/src/main/resources/stroom/dashboard/client/main/LayoutConstraintViewImpl.ui.xml,stroom-core-client,client,dashboard,ViewImpl,ui.xml,Screen/Dialog,Dashboard,todo,
stroom-core-client/src/main/resources/stroom/dashboard/client/main/RenameTabViewImpl.ui.xml,stroom-core-client,client,dashboard,ViewImpl,ui.xml,Screen/Dialog,Dashboard,todo,
stroom-core-client/src/main/resources/stroom/dashboard/client/query/BasicQuerySettingsViewImpl.ui.xml,stroom-core-client,client,dashboard,ViewImpl,ui.xml,Screen/Dialog,Dashboard,todo,
stroom-core-client/src/main/resources/stroom/dashboard/client/query/CurrentSelectionViewImpl.ui.xml,stroom-core-client,client,dashboard,ViewImpl,ui.xml,Screen/Dialog,Dashboard,todo,
stroom-core-client/src/main/resources/stroom/dashboard/client/query/NameViewImpl.ui.xml,stroom-core-client,client,dashboard,ViewImpl,ui.xml,Screen/Dialog,Dashboard,todo,
stroom-core-client/src/main/resources/stroom/dashboard/client/query/ProcessorLimitsViewImpl.ui.xml,stroom-core-client,client,dashboard,ViewImpl,ui.xml,Screen/Dialog,Dashboard,todo,
stroom-core-client/src/main/resources/stroom/dashboard/client/query/QueryFavouritesViewImpl.ui.xml,stroom-core-client,client,dashboard,ViewImpl,ui.xml,Screen/Dialog,Dashboard,todo,
stroom-core-client/src/main/resources/stroom/dashboard/client/query/QueryHistoryViewImpl.ui.xml,stroom-core-client,client,dashboard,ViewImpl,ui.xml,Screen/Dialog,Dashboard,todo,
stroom-core-client/src/main/resources/stroom/dashboard/client/query/QueryInfoViewImpl.ui.xml,stroom-core-client,client,dashboard,ViewImpl,ui.xml,Screen/Dialog,Dashboard,todo,
stroom-core-client/src/main/resources/stroom/dashboard/client/query/QueryViewImpl.ui.xml,stroom-core-client,client,dashboard,ViewImpl,ui.xml,Screen/Dialog,Dashboard,todo,
stroom-core-client/src/main/resources/stroom/dashboard/client/query/SelectionHandlerViewImpl.ui.xml,stroom-core-client,client,dashboard,ViewImpl,ui.xml,Screen/Dialog,Dashboard,todo,
stroom-core-client/src/main/resources/stroom/dashboard/client/query/SelectionHandlersViewImpl.ui.xml,stroom-core-client,client,dashboard,ViewImpl,ui.xml,Screen/Dialog,Dashboard,todo,
stroom-core-client/src/main/resources/stroom/dashboard/client/table/BasicTableSettingsViewImpl.ui.xml,stroom-core-client,client,dashboard,ViewImpl,ui.xml,Screen/Dialog,Dashboard,todo,
stroom-core-client/src/main/resources/stroom/dashboard/client/table/ColumnFilterViewImpl.ui.xml,stroom-core-client,client,dashboard,ViewImpl,ui.xml,Screen/Dialog,Dashboard,todo,
stroom-core-client/src/main/resources/stroom/dashboard/client/table/ColumnFunctionEditorViewImpl.ui.xml,stroom-core-client,client,dashboard,ViewImpl,ui.xml,Screen/Dialog,Dashboard,todo,
stroom-core-client/src/main/resources/stroom/dashboard/client/table/ColumnValuesFilterViewImpl.ui.xml,stroom-core-client,client,dashboard,ViewImpl,ui.xml,Screen/Dialog,Dashboard,todo,
stroom-core-client/src/main/resources/stroom/dashboard/client/table/DownloadViewImpl.ui.xml,stroom-core-client,client,dashboard,ViewImpl,ui.xml,Screen/Dialog,Dashboard,todo,
stroom-core-client/src/main/resources/stroom/dashboard/client/table/FormatViewImpl.ui.xml,stroom-core-client,client,dashboard,ViewImpl,ui.xml,Screen/Dialog,Dashboard,todo,
stroom-core-client/src/main/resources/stroom/dashboard/client/table/IncludeExcludeFilterViewImpl.ui.xml,stroom-core-client,client,dashboard,ViewImpl,ui.xml,Screen/Dialog,Dashboard,todo,
stroom-core-client/src/main/resources/stroom/dashboard/client/table/RenameColumnViewImpl.ui.xml,stroom-core-client,client,dashboard,ViewImpl,ui.xml,Screen/Dialog,Dashboard,todo,
stroom-core-client/src/main/resources/stroom/dashboard/client/table/TableViewImpl.ui.xml,stroom-core-client,client,dashboard,ViewImpl,ui.xml,Screen/Dialog,Dashboard,todo,
stroom-core-client/src/main/resources/stroom/dashboard/client/table/cf/CustomRowStyleViewImpl.ui.xml,stroom-core-client,client,dashboard,ViewImpl,ui.xml,Screen/Dialog,Dashboard,todo,
stroom-core-client/src/main/resources/stroom/dashboard/client/table/cf/EditExpressionViewImpl.ui.xml,stroom-core-client,client,dashboard,ViewImpl,ui.xml,Screen/Dialog,Dashboard,todo,
stroom-core-client/src/main/resources/stroom/dashboard/client/table/cf/RuleViewImpl.ui.xml,stroom-core-client,client,dashboard,ViewImpl,ui.xml,Screen/Dialog,Dashboard,todo,
stroom-core-client/src/main/resources/stroom/dashboard/client/table/cf/RulesViewImpl.ui.xml,stroom-core-client,client,dashboard,ViewImpl,ui.xml,Screen/Dialog,Dashboard,todo,
stroom-core-client/src/main/resources/stroom/dashboard/client/text/BasicTextSettingsViewImpl.ui.xml,stroom-core-client,client,dashboard,ViewImpl,ui.xml,Screen/Dialog,Dashboard,todo,
stroom-core-client/src/main/resources/stroom/dashboard/client/text/TextViewImpl.ui.xml,stroom-core-client,client,dashboard,ViewImpl,ui.xml,Screen/Dialog,Dashboard,todo,
stroom-core-client/src/main/resources/stroom/dashboard/client/vis/BasicVisSettingsViewImpl.ui.xml,stroom-core-client,client,dashboard,ViewImpl,ui.xml,Screen/Dialog,Dashboard,todo,
stroom-core-client/src/main/resources/stroom/data/client/view/CharacterNavigatorViewImpl.ui.xml,stroom-core-client,client,data,ViewImpl,ui.xml,Screen/Dialog,Data / streams,todo,
stroom-core-client/src/main/resources/stroom/data/client/view/CharacterRangeSelectionViewImpl.ui.xml,stroom-core-client,client,data,ViewImpl,ui.xml,Screen/Dialog,Data / streams,todo,
stroom-core-client/src/main/resources/stroom/data/client/view/ClassificationLabel.ui.xml,stroom-core-client,client,data,,ui.xml,Screen/Dialog,Data / streams,todo,
stroom-core-client/src/main/resources/stroom/data/client/view/ClassificationWrapperViewImpl.ui.xml,stroom-core-client,client,data,ViewImpl,ui.xml,Screen/Dialog,Data / streams,todo,
stroom-core-client/src/main/resources/stroom/data/client/view/DataPreviewTabViewImpl.ui.xml,stroom-core-client,client,data,ViewImpl,ui.xml,Screen/Dialog,Data / streams,todo,
stroom-core-client/src/main/resources/stroom/data/client/view/DataUploadViewImpl.ui.xml,stroom-core-client,client,data,ViewImpl,ui.xml,Screen/Dialog,Data / streams,todo,
stroom-core-client/src/main/resources/stroom/data/client/view/DataViewImpl.ui.xml,stroom-core-client,client,data,ViewImpl,ui.xml,Screen/Dialog,Data / streams,todo,
stroom-core-client/src/main/resources/stroom/data/client/view/EditExpressionViewImpl.ui.xml,stroom-core-client,client,data,ViewImpl,ui.xml,Screen/Dialog,Data / streams,todo,
stroom-core-client/src/main/resources/stroom/data/client/view/ExpressionViewImpl.ui.xml,stroom-core-client,client,data,ViewImpl,ui.xml,Screen/Dialog,Data / streams,todo,
stroom-core-client/src/main/resources/stroom/data/client/view/ItemNavigatorViewImpl.ui.xml,stroom-core-client,client,data,ViewImpl,ui.xml,Screen/Dialog,Data / streams,todo,
stroom-core-client/src/main/resources/stroom/data/client/view/ItemSelectionViewImpl.ui.xml,stroom-core-client,client,data,ViewImpl,ui.xml,Screen/Dialog,Data / streams,todo,
stroom-core-client/src/main/resources/stroom/data/client/view/MetaViewImpl.ui.xml,stroom-core-client,client,data,ViewImpl,ui.xml,Screen/Dialog,Data / streams,todo,
stroom-core-client/src/main/resources/stroom/data/client/view/ProcessChoiceViewImpl.ui.xml,stroom-core-client,client,data,ViewImpl,ui.xml,Screen/Dialog,Data / streams,todo,
stroom-core-client/src/main/resources/stroom/data/client/view/SourceTabViewImpl.ui.xml,stroom-core-client,client,data,ViewImpl,ui.xml,Screen/Dialog,Data / streams,todo,
stroom-core-client/src/main/resources/stroom/data/client/view/SourceViewImpl.ui.xml,stroom-core-client,client,data,ViewImpl,ui.xml,Screen/Dialog,Data / streams,todo,
stroom-core-client/src/main/resources/stroom/data/client/view/StreamTaskViewImpl.ui.xml,stroom-core-client,client,data,ViewImpl,ui.xml,Screen/Dialog,Data / streams,todo,
stroom-core-client/src/main/resources/stroom/data/client/view/TextViewImpl.ui.xml,stroom-core-client,client,data,ViewImpl,ui.xml,Screen/Dialog,Data / streams,todo,
stroom-core-client/src/main/resources/stroom/data/store/impl/fs/client/view/FsVolumeEditViewImpl.ui.xml,stroom-core-client,client,data,ViewImpl,ui.xml,Screen/Dialog,Data / streams,todo,
stroom-core-client/src/main/resources/stroom/data/store/impl/fs/client/view/FsVolumeGroupEditViewImpl.ui.xml,stroom-core-client,client,data,ViewImpl,ui.xml,Screen/Dialog,Data / streams,todo,
stroom-core-client/src/main/resources/stroom/datagen/client/view/DataGenProcessingViewImpl.ui.xml,stroom-core-client,client,datagen,ViewImpl,ui.xml,Screen/Dialog,Data generation,todo,
stroom-core-client/src/main/resources/stroom/datagen/client/view/DataGenSettingsViewImpl.ui.xml,stroom-core-client,client,datagen,ViewImpl,ui.xml,Screen/Dialog,Data generation,todo,
stroom-core-client/src/main/resources/stroom/dictionary/client/view/DictionarySettingsViewImpl.ui.xml,stroom-core-client,client,dictionary,ViewImpl,ui.xml,Screen/Dialog,Dictionary,todo,
stroom-core-client/src/main/resources/stroom/entity/client/view/CopyDocumentViewImpl.ui.xml,stroom-core-client,client,entity,ViewImpl,ui.xml,Shared Screen/Dialog,Entity,todo,
stroom-core-client/src/main/resources/stroom/entity/client/view/CreateDocumentViewImpl.ui.xml,stroom-core-client,client,entity,ViewImpl,ui.xml,Shared Screen/Dialog,Entity,todo,
stroom-core-client/src/main/resources/stroom/entity/client/view/LinkTabPanelViewImpl.ui.xml,stroom-core-client,client,entity,ViewImpl,ui.xml,Shared Screen/Dialog,Entity,todo,
stroom-core-client/src/main/resources/stroom/entity/client/view/MarkdownEditViewImpl.ui.xml,stroom-core-client,client,entity,ViewImpl,ui.xml,Shared Screen/Dialog,Entity,todo,
stroom-core-client/src/main/resources/stroom/entity/client/view/MarkdownPreviewViewImpl.ui.xml,stroom-core-client,client,entity,ViewImpl,ui.xml,Shared Screen/Dialog,Entity,todo,
stroom-core-client/src/main/resources/stroom/entity/client/view/MoveDocumentViewImpl.ui.xml,stroom-core-client,client,entity,ViewImpl,ui.xml,Shared Screen/Dialog,Entity,todo,
stroom-core-client/src/main/resources/stroom/entity/client/view/NameDocumentViewImpl.ui.xml,stroom-core-client,client,entity,ViewImpl,ui.xml,Shared Screen/Dialog,Entity,todo,
stroom-core-client/src/main/resources/stroom/explorer/client/view/EntityCheckTreeViewImpl.ui.xml,stroom-core-client,client,explorer,ViewImpl,ui.xml,Shared Screen/Dialog,Explorer,todo,
stroom-core-client/src/main/resources/stroom/explorer/client/view/EntityTreeViewImpl.ui.xml,stroom-core-client,client,explorer,ViewImpl,ui.xml,Shared Screen/Dialog,Explorer,todo,
stroom-core-client/src/main/resources/stroom/explorer/client/view/ExplorerNodeEditTagsViewImpl.ui.xml,stroom-core-client,client,explorer,ViewImpl,ui.xml,Shared Screen/Dialog,Explorer,todo,
stroom-core-client/src/main/resources/stroom/explorer/client/view/ExplorerNodeRemoveTagsViewImpl.ui.xml,stroom-core-client,client,explorer,ViewImpl,ui.xml,Shared Screen/Dialog,Explorer,todo,
stroom-core-client/src/main/resources/stroom/explorer/client/view/FindInContentViewImpl.ui.xml,stroom-core-client,client,explorer,ViewImpl,ui.xml,Shared Screen/Dialog,Explorer,todo,
stroom-core-client/src/main/resources/stroom/explorer/client/view/FindViewImpl.ui.xml,stroom-core-client,client,explorer,ViewImpl,ui.xml,Shared Screen/Dialog,Explorer,todo,
stroom-core-client/src/main/resources/stroom/explorer/client/view/NavigationViewImpl.ui.xml,stroom-core-client,client,explorer,ViewImpl,ui.xml,Shared Screen/Dialog,Explorer,todo,
stroom-core-client/src/main/resources/stroom/explorer/client/view/TabSessionChooserViewImpl.ui.xml,stroom-core-client,client,explorer,ViewImpl,ui.xml,Shared Screen/Dialog,Explorer,todo,
stroom-core-client/src/main/resources/stroom/feed/client/view/FeedSettingsViewImpl.ui.xml,stroom-core-client,client,feed,ViewImpl,ui.xml,Screen/Dialog,Feed,todo,
stroom-core-client/src/main/resources/stroom/gitrepo/client/view/GitRepoCommitDialogViewImpl.ui.xml,stroom-core-client,client,gitrepo,ViewImpl,ui.xml,Screen/Dialog,Git repository,todo,
stroom-core-client/src/main/resources/stroom/gitrepo/client/view/GitRepoSettingsViewImpl.ui.xml,stroom-core-client,client,gitrepo,ViewImpl,ui.xml,Screen/Dialog,Git repository,todo,
stroom-core-client/src/main/resources/stroom/http/client/view/HttpClientConfigViewImpl.ui.xml,stroom-core-client,client,http,ViewImpl,ui.xml,Screen/Dialog,HTTP,todo,
stroom-core-client/src/main/resources/stroom/http/client/view/HttpTlsConfigViewImpl.ui.xml,stroom-core-client,client,http,ViewImpl,ui.xml,Screen/Dialog,HTTP,todo,
stroom-core-client/src/main/resources/stroom/importexport/client/view/DependenciesTabViewImpl.ui.xml,stroom-core-client,client,importexport,ViewImpl,ui.xml,Screen/Dialog,Import / Export,todo,
stroom-core-client/src/main/resources/stroom/importexport/client/view/ExportConfigViewImpl.ui.xml,stroom-core-client,client,importexport,ViewImpl,ui.xml,Screen/Dialog,Import / Export,todo,
stroom-core-client/src/main/resources/stroom/importexport/client/view/ImportConfigConfirmViewImpl.ui.xml,stroom-core-client,client,importexport,ViewImpl,ui.xml,Screen/Dialog,Import / Export,todo,
stroom-core-client/src/main/resources/stroom/importexport/client/view/ImportConfigViewImpl.ui.xml,stroom-core-client,client,importexport,ViewImpl,ui.xml,Screen/Dialog,Import / Export,todo,
stroom-core-client/src/main/resources/stroom/index/client/view/DenseVectorFieldViewImpl.ui.xml,stroom-core-client,client,index,ViewImpl,ui.xml,Screen/Dialog,Index,todo,
stroom-core-client/src/main/resources/stroom/index/client/view/IndexFieldEditViewImpl.ui.xml,stroom-core-client,client,index,ViewImpl,ui.xml,Screen/Dialog,Index,todo,
stroom-core-client/src/main/resources/stroom/index/client/view/IndexSettingsViewImpl.ui.xml,stroom-core-client,client,index,ViewImpl,ui.xml,Screen/Dialog,Index,todo,
stroom-core-client/src/main/resources/stroom/index/client/view/IndexVolumeEditViewImpl.ui.xml,stroom-core-client,client,index,ViewImpl,ui.xml,Screen/Dialog,Index,todo,
stroom-core-client/src/main/resources/stroom/index/client/view/IndexVolumeGroupEditViewImpl.ui.xml,stroom-core-client,client,index,ViewImpl,ui.xml,Screen/Dialog,Index,todo,
stroom-core-client/src/main/resources/stroom/job/client/view/JobViewImpl.ui.xml,stroom-core-client,client,job,ViewImpl,ui.xml,Screen/Dialog,Jobs / scheduler,todo,
stroom-core-client/src/main/resources/stroom/main/client/view/MainToolbar.ui.xml,stroom-core-client,client,main,,ui.xml,Screen/Dialog,Main,todo,
stroom-core-client/src/main/resources/stroom/main/client/view/MainViewImpl.ui.xml,stroom-core-client,client,main,ViewImpl,ui.xml,Screen/Dialog,Main,todo,
stroom-core-client/src/main/resources/stroom/main/client/view/Spinner.ui.xml,stroom-core-client,client,main,,ui.xml,Screen/Dialog,Main,todo,
stroom-core-client/src/main/resources/stroom/menubar/client/view/MenubarItem.ui.xml,stroom-core-client,client,menubar,,ui.xml,Framework,Application shell,todo,
stroom-core-client/src/main/resources/stroom/node/client/view/NodeGroupEditViewImpl.ui.xml,stroom-core-client,client,node,ViewImpl,ui.xml,Screen/Dialog,Node / cluster,todo,
stroom-core-client/src/main/resources/stroom/node/client/view/NodeViewImpl.ui.xml,stroom-core-client,client,node,ViewImpl,ui.xml,Screen/Dialog,Node / cluster,todo,
stroom-core-client/src/main/resources/stroom/openai/client/view/OpenAIModelSettingsViewImpl.ui.xml,stroom-core-client,client,openai,ViewImpl,ui.xml,Screen/Dialog,AI (OpenAI),todo,
stroom-core-client/src/main/resources/stroom/pathways/client/view/ConstraintEditViewImpl.ui.xml,stroom-core-client,client,pathways,ViewImpl,ui.xml,Screen/Dialog,Pathways,todo,
stroom-core-client/src/main/resources/stroom/pathways/client/view/PathwayEditViewImpl.ui.xml,stroom-core-client,client,pathways,ViewImpl,ui.xml,Screen/Dialog,Pathways,todo,
stroom-core-client/src/main/resources/stroom/pathways/client/view/PathwayTreeViewImpl.ui.xml,stroom-core-client,client,pathways,ViewImpl,ui.xml,Screen/Dialog,Pathways,todo,
stroom-core-client/src/main/resources/stroom/pathways/client/view/PathwaysSettingsViewImpl.ui.xml,stroom-core-client,client,pathways,ViewImpl,ui.xml,Screen/Dialog,Pathways,todo,
stroom-core-client/src/main/resources/stroom/pathways/client/view/PathwaysSplitViewImpl.ui.xml,stroom-core-client,client,pathways,ViewImpl,ui.xml,Screen/Dialog,Pathways,todo,
stroom-core-client/src/main/resources/stroom/pathways/client/view/TracesSettingsViewImpl.ui.xml,stroom-core-client,client,pathways,ViewImpl,ui.xml,Screen/Dialog,Pathways,todo,
stroom-core-client/src/main/resources/stroom/pathways/client/view/TracesViewImpl.ui.xml,stroom-core-client,client,pathways,ViewImpl,ui.xml,Screen/Dialog,Pathways,todo,
stroom-core-client/src/main/resources/stroom/pipeline/client/view/DocRefSelectionViewImpl.ui.xml,stroom-core-client,client,pipeline,ViewImpl,ui.xml,Screen/Dialog,Pipeline,todo,
stroom-core-client/src/main/resources/stroom/pipeline/client/view/TextConverterSettingsViewImpl.ui.xml,stroom-core-client,client,pipeline,ViewImpl,ui.xml,Screen/Dialog,Pipeline,todo,
stroom-core-client/src/main/resources/stroom/pipeline/stepping/client/view/StepControlViewImpl.ui.xml,stroom-core-client,client,pipeline,ViewImpl,ui.xml,Screen/Dialog,Pipeline,todo,
stroom-core-client/src/main/resources/stroom/pipeline/stepping/client/view/StepLocationViewImpl.ui.xml,stroom-core-client,client,pipeline,ViewImpl,ui.xml,Screen/Dialog,Pipeline,todo,
stroom-core-client/src/main/resources/stroom/pipeline/stepping/client/view/SteppingFilterViewImpl.ui.xml,stroom-core-client,client,pipeline,ViewImpl,ui.xml,Screen/Dialog,Pipeline,todo,
stroom-core-client/src/main/resources/stroom/pipeline/stepping/client/view/SteppingViewImpl.ui.xml,stroom-core-client,client,pipeline,ViewImpl,ui.xml,Screen/Dialog,Pipeline,todo,
stroom-core-client/src/main/resources/stroom/pipeline/stepping/client/view/XPathFilterViewImpl.ui.xml,stroom-core-client,client,pipeline,ViewImpl,ui.xml,Screen/Dialog,Pipeline,todo,
stroom-core-client/src/main/resources/stroom/pipeline/structure/client/view/NewElementViewImpl.ui.xml,stroom-core-client,client,pipeline,ViewImpl,ui.xml,Screen/Dialog,Pipeline,todo,
stroom-core-client/src/main/resources/stroom/pipeline/structure/client/view/NewPipelineReferenceViewImpl.ui.xml,stroom-core-client,client,pipeline,ViewImpl,ui.xml,Screen/Dialog,Pipeline,todo,
stroom-core-client/src/main/resources/stroom/pipeline/structure/client/view/NewPropertyViewImpl.ui.xml,stroom-core-client,client,pipeline,ViewImpl,ui.xml,Screen/Dialog,Pipeline,todo,
stroom-core-client/src/main/resources/stroom/pipeline/structure/client/view/PipelineStructureViewImpl.ui.xml,stroom-core-client,client,pipeline,ViewImpl,ui.xml,Screen/Dialog,Pipeline,todo,
stroom-core-client/src/main/resources/stroom/planb/client/view/CondenseSettingsWidget.ui.xml,stroom-core-client,client,planb,Widget,ui.xml,Screen/Dialog,State (Plan B),todo,
stroom-core-client/src/main/resources/stroom/planb/client/view/GeneralSettingsWidget.ui.xml,stroom-core-client,client,planb,Widget,ui.xml,Screen/Dialog,State (Plan B),todo,
stroom-core-client/src/main/resources/stroom/planb/client/view/HistogramKeySchemaSettingsWidget.ui.xml,stroom-core-client,client,planb,Widget,ui.xml,Screen/Dialog,State (Plan B),todo,
stroom-core-client/src/main/resources/stroom/planb/client/view/HistogramSettingsViewImpl.ui.xml,stroom-core-client,client,planb,ViewImpl,ui.xml,Screen/Dialog,State (Plan B),todo,
stroom-core-client/src/main/resources/stroom/planb/client/view/HistogramValueSchemaSettingsWidget.ui.xml,stroom-core-client,client,planb,Widget,ui.xml,Screen/Dialog,State (Plan B),todo,
stroom-core-client/src/main/resources/stroom/planb/client/view/MetricKeySchemaSettingsWidget.ui.xml,stroom-core-client,client,planb,Widget,ui.xml,Screen/Dialog,State (Plan B),todo,
stroom-core-client/src/main/resources/stroom/planb/client/view/MetricSettingsViewImpl.ui.xml,stroom-core-client,client,planb,ViewImpl,ui.xml,Screen/Dialog,State (Plan B),todo,
stroom-core-client/src/main/resources/stroom/planb/client/view/MetricValueSchemaSettingsWidget.ui.xml,stroom-core-client,client,planb,Widget,ui.xml,Screen/Dialog,State (Plan B),todo,
stroom-core-client/src/main/resources/stroom/planb/client/view/PlanBSettingsViewImpl.ui.xml,stroom-core-client,client,planb,ViewImpl,ui.xml,Screen/Dialog,State (Plan B),todo,
stroom-core-client/src/main/resources/stroom/planb/client/view/PublishingSettingsWidget.ui.xml,stroom-core-client,client,planb,Widget,ui.xml,Screen/Dialog,State (Plan B),todo,
stroom-core-client/src/main/resources/stroom/planb/client/view/RangeKeySchemaSettingsWidget.ui.xml,stroom-core-client,client,planb,Widget,ui.xml,Screen/Dialog,State (Plan B),todo,
stroom-core-client/src/main/resources/stroom/planb/client/view/RangeStateSettingsViewImpl.ui.xml,stroom-core-client,client,planb,ViewImpl,ui.xml,Screen/Dialog,State (Plan B),todo,
stroom-core-client/src/main/resources/stroom/planb/client/view/RetentionSettingsWidget.ui.xml,stroom-core-client,client,planb,Widget,ui.xml,Screen/Dialog,State (Plan B),todo,
stroom-core-client/src/main/resources/stroom/planb/client/view/SessionKeySchemaSettingsWidget.ui.xml,stroom-core-client,client,planb,Widget,ui.xml,Screen/Dialog,State (Plan B),todo,
stroom-core-client/src/main/resources/stroom/planb/client/view/SessionSettingsViewImpl.ui.xml,stroom-core-client,client,planb,ViewImpl,ui.xml,Screen/Dialog,State (Plan B),todo,
stroom-core-client/src/main/resources/stroom/planb/client/view/SharedFileStoreSettingsWidget.ui.xml,stroom-core-client,client,planb,Widget,ui.xml,Screen/Dialog,State (Plan B),todo,
stroom-core-client/src/main/resources/stroom/planb/client/view/SnapshotSettingsWidget.ui.xml,stroom-core-client,client,planb,Widget,ui.xml,Screen/Dialog,State (Plan B),todo,
stroom-core-client/src/main/resources/stroom/planb/client/view/StateKeySchemaSettingsWidget.ui.xml,stroom-core-client,client,planb,Widget,ui.xml,Screen/Dialog,State (Plan B),todo,
stroom-core-client/src/main/resources/stroom/planb/client/view/StateSettingsViewImpl.ui.xml,stroom-core-client,client,planb,ViewImpl,ui.xml,Screen/Dialog,State (Plan B),todo,
stroom-core-client/src/main/resources/stroom/planb/client/view/StateValueSchemaSettingsWidget.ui.xml,stroom-core-client,client,planb,Widget,ui.xml,Screen/Dialog,State (Plan B),todo,
stroom-core-client/src/main/resources/stroom/planb/client/view/TemporalRangeKeySchemaSettingsWidget.ui.xml,stroom-core-client,client,planb,Widget,ui.xml,Screen/Dialog,State (Plan B),todo,
stroom-core-client/src/main/resources/stroom/planb/client/view/TemporalRangeStateSettingsViewImpl.ui.xml,stroom-core-client,client,planb,ViewImpl,ui.xml,Screen/Dialog,State (Plan B),todo,
stroom-core-client/src/main/resources/stroom/planb/client/view/TemporalStateKeySchemaSettingsWidget.ui.xml,stroom-core-client,client,planb,Widget,ui.xml,Screen/Dialog,State (Plan B),todo,
stroom-core-client/src/main/resources/stroom/planb/client/view/TemporalStateSettingsViewImpl.ui.xml,stroom-core-client,client,planb,ViewImpl,ui.xml,Screen/Dialog,State (Plan B),todo,
stroom-core-client/src/main/resources/stroom/planb/client/view/TraceGeneralSettingsWidget.ui.xml,stroom-core-client,client,planb,Widget,ui.xml,Screen/Dialog,State (Plan B),todo,
stroom-core-client/src/main/resources/stroom/planb/client/view/TraceSettingsViewImpl.ui.xml,stroom-core-client,client,planb,ViewImpl,ui.xml,Screen/Dialog,State (Plan B),todo,
stroom-core-client/src/main/resources/stroom/pool/client/view/PoolViewImpl.ui.xml,stroom-core-client,client,pool,ViewImpl,ui.xml,Screen/Dialog,Pool,todo,
stroom-core-client/src/main/resources/stroom/preferences/client/EditorPreferencesViewImpl.ui.xml,stroom-core-client,client,preferences,ViewImpl,ui.xml,Shared Screen/Dialog,Preferences,todo,
stroom-core-client/src/main/resources/stroom/preferences/client/ThemePreferencesViewImpl.ui.xml,stroom-core-client,client,preferences,ViewImpl,ui.xml,Shared Screen/Dialog,Preferences,todo,
stroom-core-client/src/main/resources/stroom/preferences/client/TimePreferencesViewImpl.ui.xml,stroom-core-client,client,preferences,ViewImpl,ui.xml,Shared Screen/Dialog,Preferences,todo,
stroom-core-client/src/main/resources/stroom/preferences/client/UserPreferencesViewImpl.ui.xml,stroom-core-client,client,preferences,ViewImpl,ui.xml,Shared Screen/Dialog,Preferences,todo,
stroom-core-client/src/main/resources/stroom/processor/client/view/BatchProcessorFilterEditViewImpl.ui.xml,stroom-core-client,client,processor,ViewImpl,ui.xml,Screen/Dialog,Processor,todo,
stroom-core-client/src/main/resources/stroom/processor/client/view/DaysWidget.ui.xml,stroom-core-client,client,processor,Widget,ui.xml,Screen/Dialog,Processor,todo,
stroom-core-client/src/main/resources/stroom/processor/client/view/EditFeedDependencyViewImpl.ui.xml,stroom-core-client,client,processor,ViewImpl,ui.xml,Screen/Dialog,Processor,todo,
stroom-core-client/src/main/resources/stroom/processor/client/view/FeedDependencyViewImpl.ui.xml,stroom-core-client,client,processor,ViewImpl,ui.xml,Screen/Dialog,Processor,todo,
stroom-core-client/src/main/resources/stroom/processor/client/view/ProcessorEditViewImpl.ui.xml,stroom-core-client,client,processor,ViewImpl,ui.xml,Screen/Dialog,Processor,todo,
stroom-core-client/src/main/resources/stroom/processor/client/view/ProcessorProfileEditViewImpl.ui.xml,stroom-core-client,client,processor,ViewImpl,ui.xml,Screen/Dialog,Processor,todo,
stroom-core-client/src/main/resources/stroom/processor/client/view/ProcessorViewImpl.ui.xml,stroom-core-client,client,processor,ViewImpl,ui.xml,Screen/Dialog,Processor,todo,
stroom-core-client/src/main/resources/stroom/processor/client/view/ProfilePeriodEditViewImpl.ui.xml,stroom-core-client,client,processor,ViewImpl,ui.xml,Screen/Dialog,Processor,todo,
stroom-core-client/src/main/resources/stroom/processor/task/client/view/ProcessorTaskViewImpl.ui.xml,stroom-core-client,client,processor,ViewImpl,ui.xml,Screen/Dialog,Processor,todo,
stroom-core-client/src/main/resources/stroom/query/client/view/NavButtons.ui.xml,stroom-core-client,client,query,,ui.xml,Screen/Dialog,Query / search,todo,
stroom-core-client/src/main/resources/stroom/query/client/view/QueryButtons.ui.xml,stroom-core-client,client,query,,ui.xml,Screen/Dialog,Query / search,todo,
stroom-core-client/src/main/resources/stroom/query/client/view/QueryEditViewImpl.ui.xml,stroom-core-client,client,query,ViewImpl,ui.xml,Screen/Dialog,Query / search,todo,
stroom-core-client/src/main/resources/stroom/query/client/view/QueryHelpViewImpl.ui.xml,stroom-core-client,client,query,ViewImpl,ui.xml,Screen/Dialog,Query / search,todo,
stroom-core-client/src/main/resources/stroom/query/client/view/QueryResultTableSplitViewImpl.ui.xml,stroom-core-client,client,query,ViewImpl,ui.xml,Screen/Dialog,Query / search,todo,
stroom-core-client/src/main/resources/stroom/query/client/view/QueryResultTableViewImpl.ui.xml,stroom-core-client,client,query,ViewImpl,ui.xml,Screen/Dialog,Query / search,todo,
stroom-core-client/src/main/resources/stroom/query/client/view/QueryResultTabsViewImpl.ui.xml,stroom-core-client,client,query,ViewImpl,ui.xml,Screen/Dialog,Query / search,todo,
stroom-core-client/src/main/resources/stroom/query/client/view/QueryToolbarViewImpl.ui.xml,stroom-core-client,client,query,ViewImpl,ui.xml,Screen/Dialog,Query / search,todo,
stroom-core-client/src/main/resources/stroom/query/client/view/ResultStoreSettingsViewImpl.ui.xml,stroom-core-client,client,query,ViewImpl,ui.xml,Screen/Dialog,Query / search,todo,
stroom-core-client/src/main/resources/stroom/query/client/view/ResultStoreViewImpl.ui.xml,stroom-core-client,client,query,ViewImpl,ui.xml,Screen/Dialog,Query / search,todo,
stroom-core-client/src/main/resources/stroom/query/client/view/TextViewImpl.ui.xml,stroom-core-client,client,query,ViewImpl,ui.xml,Screen/Dialog,Query / search,todo,
stroom-core-client/src/main/resources/stroom/query/client/view/TimeRangePopup.ui.xml,stroom-core-client,client,query,Popup,ui.xml,Screen/Dialog,Query / search,todo,
stroom-core-client/src/main/resources/stroom/query/client/view/TimeZoneWidget.ui.xml,stroom-core-client,client,query,Widget,ui.xml,Screen/Dialog,Query / search,todo,
stroom-core-client/src/main/resources/stroom/receive/content/client/view/ContentTemplateEditViewImpl.ui.xml,stroom-core-client,client,receive,ViewImpl,ui.xml,Screen/Dialog,Data receipt,todo,
stroom-core-client/src/main/resources/stroom/receive/content/client/view/ContentTemplateTabViewImpl.ui.xml,stroom-core-client,client,receive,ViewImpl,ui.xml,Screen/Dialog,Data receipt,todo,
stroom-core-client/src/main/resources/stroom/receive/rules/client/view/DataRetentionPolicyViewImpl.ui.xml,stroom-core-client,client,receive,ViewImpl,ui.xml,Screen/Dialog,Data receipt,todo,
stroom-core-client/src/main/resources/stroom/receive/rules/client/view/DataRetentionRuleViewImpl.ui.xml,stroom-core-client,client,receive,ViewImpl,ui.xml,Screen/Dialog,Data receipt,todo,
stroom-core-client/src/main/resources/stroom/receive/rules/client/view/DataRetentionViewImpl.ui.xml,stroom-core-client,client,receive,ViewImpl,ui.xml,Screen/Dialog,Data receipt,todo,
stroom-core-client/src/main/resources/stroom/receive/rules/client/view/FieldEditViewImpl.ui.xml,stroom-core-client,client,receive,ViewImpl,ui.xml,Screen/Dialog,Data receipt,todo,
stroom-core-client/src/main/resources/stroom/receive/rules/client/view/RuleSetSettingsViewImpl.ui.xml,stroom-core-client,client,receive,ViewImpl,ui.xml,Screen/Dialog,Data receipt,todo,
stroom-core-client/src/main/resources/stroom/receive/rules/client/view/RuleViewImpl.ui.xml,stroom-core-client,client,receive,ViewImpl,ui.xml,Screen/Dialog,Data receipt,todo,
stroom-core-client/src/main/resources/stroom/schedule/client/ScheduleViewImpl.ui.xml,stroom-core-client,client,schedule,ViewImpl,ui.xml,Screen/Dialog,Jobs / scheduler,todo,
stroom-core-client/src/main/resources/stroom/script/client/view/ScriptSettingsViewImpl.ui.xml,stroom-core-client,client,script,ViewImpl,ui.xml,Screen/Dialog,Script,todo,
stroom-core-client/src/main/resources/stroom/search/elastic/client/view/ElasticClusterSettingsViewImpl.ui.xml,stroom-core-client,client,search,ViewImpl,ui.xml,Screen/Dialog,Search,todo,
stroom-core-client/src/main/resources/stroom/search/elastic/client/view/ElasticIndexFieldListViewImpl.ui.xml,stroom-core-client,client,search,ViewImpl,ui.xml,Screen/Dialog,Search,todo,
stroom-core-client/src/main/resources/stroom/search/elastic/client/view/ElasticIndexSettingsViewImpl.ui.xml,stroom-core-client,client,search,ViewImpl,ui.xml,Screen/Dialog,Search,todo,
stroom-core-client/src/main/resources/stroom/search/solr/client/view/SolrIndexFieldEditViewImpl.ui.xml,stroom-core-client,client,search,ViewImpl,ui.xml,Screen/Dialog,Search,todo,
stroom-core-client/src/main/resources/stroom/search/solr/client/view/SolrIndexFieldListViewImpl.ui.xml,stroom-core-client,client,search,ViewImpl,ui.xml,Screen/Dialog,Search,todo,
stroom-core-client/src/main/resources/stroom/search/solr/client/view/SolrIndexSettingsViewImpl.ui.xml,stroom-core-client,client,search,ViewImpl,ui.xml,Screen/Dialog,Search,todo,
stroom-core-client/src/main/resources/stroom/security/client/view/ApiKeysListViewImpl.ui.xml,stroom-core-client,client,security,ViewImpl,ui.xml,Screen/Dialog,Security,todo,
stroom-core-client/src/main/resources/stroom/security/client/view/ApiKeysViewImpl.ui.xml,stroom-core-client,client,security,ViewImpl,ui.xml,Screen/Dialog,Security,todo,
stroom-core-client/src/main/resources/stroom/security/client/view/AppPermissionsEditViewImpl.ui.xml,stroom-core-client,client,security,ViewImpl,ui.xml,Screen/Dialog,Security,todo,
stroom-core-client/src/main/resources/stroom/security/client/view/AppPermissionsViewImpl.ui.xml,stroom-core-client,client,security,ViewImpl,ui.xml,Screen/Dialog,Security,todo,
stroom-core-client/src/main/resources/stroom/security/client/view/BatchDocumentPermissionsEditViewImpl.ui.xml,stroom-core-client,client,security,ViewImpl,ui.xml,Screen/Dialog,Security,todo,
stroom-core-client/src/main/resources/stroom/security/client/view/BatchDocumentPermissionsViewImpl.ui.xml,stroom-core-client,client,security,ViewImpl,ui.xml,Screen/Dialog,Security,todo,
stroom-core-client/src/main/resources/stroom/security/client/view/CreateExternalUserViewImpl.ui.xml,stroom-core-client,client,security,ViewImpl,ui.xml,Screen/Dialog,Security,todo,
stroom-core-client/src/main/resources/stroom/security/client/view/CreateMultipleUsersViewImpl.ui.xml,stroom-core-client,client,security,ViewImpl,ui.xml,Screen/Dialog,Security,todo,
stroom-core-client/src/main/resources/stroom/security/client/view/CreateUserViewImpl.ui.xml,stroom-core-client,client,security,ViewImpl,ui.xml,Screen/Dialog,Security,todo,
stroom-core-client/src/main/resources/stroom/security/client/view/DocumentCreatePermissionsListViewImpl.ui.xml,stroom-core-client,client,security,ViewImpl,ui.xml,Screen/Dialog,Security,todo,
stroom-core-client/src/main/resources/stroom/security/client/view/DocumentUserCreatePermissionsEditViewImpl.ui.xml,stroom-core-client,client,security,ViewImpl,ui.xml,Screen/Dialog,Security,todo,
stroom-core-client/src/main/resources/stroom/security/client/view/DocumentUserPermissionsEditViewImpl.ui.xml,stroom-core-client,client,security,ViewImpl,ui.xml,Screen/Dialog,Security,todo,
stroom-core-client/src/main/resources/stroom/security/client/view/DocumentUserPermissionsViewImpl.ui.xml,stroom-core-client,client,security,ViewImpl,ui.xml,Screen/Dialog,Security,todo,
stroom-core-client/src/main/resources/stroom/security/client/view/EditApiKeyViewImpl.ui.xml,stroom-core-client,client,security,ViewImpl,ui.xml,Screen/Dialog,Security,todo,
stroom-core-client/src/main/resources/stroom/security/client/view/SigningKeyViewImpl.ui.xml,stroom-core-client,client,security,ViewImpl,ui.xml,Screen/Dialog,Security,todo,
stroom-core-client/src/main/resources/stroom/security/client/view/UserAccessViewImpl.ui.xml,stroom-core-client,client,security,ViewImpl,ui.xml,Screen/Dialog,Security,todo,
stroom-core-client/src/main/resources/stroom/security/client/view/UserAndGroupsViewImpl.ui.xml,stroom-core-client,client,security,ViewImpl,ui.xml,Screen/Dialog,Security,todo,
stroom-core-client/src/main/resources/stroom/security/client/view/UserInfoViewImpl.ui.xml,stroom-core-client,client,security,ViewImpl,ui.xml,Screen/Dialog,Security,todo,
stroom-core-client/src/main/resources/stroom/security/client/view/UserPermissionReportViewImpl.ui.xml,stroom-core-client,client,security,ViewImpl,ui.xml,Screen/Dialog,Security,todo,
stroom-core-client/src/main/resources/stroom/security/client/view/UsersViewImpl.ui.xml,stroom-core-client,client,security,ViewImpl,ui.xml,Screen/Dialog,Security,todo,
stroom-core-client/src/main/resources/stroom/security/identity/client/view/AccountsViewImpl.ui.xml,stroom-core-client,client,security,ViewImpl,ui.xml,Screen/Dialog,Security,todo,
stroom-core-client/src/main/resources/stroom/security/identity/client/view/AuthenticationErrorViewImpl.ui.xml,stroom-core-client,client,security,ViewImpl,ui.xml,Screen/Dialog,Security,todo,
stroom-core-client/src/main/resources/stroom/security/identity/client/view/ChangePasswordViewImpl.ui.xml,stroom-core-client,client,security,ViewImpl,ui.xml,Screen/Dialog,Security,todo,
stroom-core-client/src/main/resources/stroom/security/identity/client/view/CurrentPasswordViewImpl.ui.xml,stroom-core-client,client,security,ViewImpl,ui.xml,Screen/Dialog,Security,todo,
stroom-core-client/src/main/resources/stroom/security/identity/client/view/EditAccountViewImpl.ui.xml,stroom-core-client,client,security,ViewImpl,ui.xml,Screen/Dialog,Security,todo,
stroom-core-client/src/main/resources/stroom/security/identity/client/view/EmailResetPasswordViewImpl.ui.xml,stroom-core-client,client,security,ViewImpl,ui.xml,Screen/Dialog,Security,todo,
stroom-core-client/src/main/resources/stroom/security/identity/client/view/LoginViewImpl.ui.xml,stroom-core-client,client,security,ViewImpl,ui.xml,Screen/Dialog,Security,todo,
stroom-core-client/src/main/resources/stroom/security/identity/client/view/ResetPasswordViewImpl.ui.xml,stroom-core-client,client,security,ViewImpl,ui.xml,Screen/Dialog,Security,todo,
stroom-core-client/src/main/resources/stroom/task/client/view/TaskManagerViewImpl.ui.xml,stroom-core-client,client,task,ViewImpl,ui.xml,Screen/Dialog,Tasks,todo,
stroom-core-client/src/main/resources/stroom/task/client/view/UserTaskManagerViewImpl.ui.xml,stroom-core-client,client,task,ViewImpl,ui.xml,Screen/Dialog,Tasks,todo,
stroom-core-client/src/main/resources/stroom/task/client/view/UserTaskViewImpl.ui.xml,stroom-core-client,client,task,ViewImpl,ui.xml,Screen/Dialog,Tasks,todo,
stroom-core-client/src/main/resources/stroom/view/client/view/ViewSettingsViewImpl.ui.xml,stroom-core-client,client,view,ViewImpl,ui.xml,Screen/Dialog,View,todo,
stroom-core-client/src/main/resources/stroom/visualisation/client/view/VisualisationAssetsAddItemDialogViewImpl.ui.xml,stroom-core-client,client,visualisation,ViewImpl,ui.xml,Screen/Dialog,Visualisation,todo,
stroom-core-client/src/main/resources/stroom/visualisation/client/view/VisualisationAssetsEditAssetDialogViewImpl.ui.xml,stroom-core-client,client,visualisation,ViewImpl,ui.xml,Screen/Dialog,Visualisation,todo,
stroom-core-client/src/main/resources/stroom/visualisation/client/view/VisualisationAssetsUploadFileDialogViewImpl.ui.xml,stroom-core-client,client,visualisation,ViewImpl,ui.xml,Screen/Dialog,Visualisation,todo,
stroom-core-client/src/main/resources/stroom/visualisation/client/view/VisualisationAssetsViewImpl.ui.xml,stroom-core-client,client,visualisation,ViewImpl,ui.xml,Screen/Dialog,Visualisation,todo,
stroom-core-client/src/main/resources/stroom/visualisation/client/view/VisualisationSettingsViewImpl.ui.xml,stroom-core-client,client,visualisation,ViewImpl,ui.xml,Screen/Dialog,Visualisation,todo,
stroom-core-client/src/main/resources/stroom/welcome/client/view/WelcomeViewImpl.ui.xml,stroom-core-client,client,welcome,ViewImpl,ui.xml,Screen/Dialog,Welcome,todo,
stroom-core-client/src/main/resources/stroom/xmlschema/client/view/XMLSchemaSettingsViewImpl.ui.xml,stroom-core-client,client,xmlschema,ViewImpl,ui.xml,Screen/Dialog,XML schema,todo,
stroom-core-shared/src/main/java/stroom/activity/shared/AcknowledgeSplashRequest.java,stroom-core-shared,shared,activity,,java,Model,Activity,generated,openapi-typescript
stroom-core-shared/src/main/java/stroom/activity/shared/Activity.java,stroom-core-shared,shared,activity,,java,Model,Activity,generated,openapi-typescript
stroom-core-shared/src/main/java/stroom/activity/shared/ActivityResource.java,stroom-core-shared,shared,activity,Resource,java,REST API,Activity,generated,openapi-typescript
stroom-core-shared/src/main/java/stroom/activity/shared/ActivityResultPage.java,stroom-core-shared,shared,activity,,java,Model,Activity,generated,openapi-typescript
stroom-core-shared/src/main/java/stroom/activity/shared/ActivityValidationResult.java,stroom-core-shared,shared,activity,,java,Model,Activity,generated,openapi-typescript
stroom-core-shared/src/main/java/stroom/ai/shared/AiAttachmentDataPage.java,stroom-core-shared,shared,ai,,java,Model,AI,generated,openapi-typescript
stroom-core-shared/src/main/java/stroom/ai/shared/AiAttachmentStatus.java,stroom-core-shared,shared,ai,,java,Model,AI,generated,openapi-typescript
stroom-core-shared/src/main/java/stroom/ai/shared/AiAttachmentType.java,stroom-core-shared,shared,ai,Type,java,Model,AI,generated,openapi-typescript
stroom-core-shared/src/main/java/stroom/ai/shared/AiChat.java,stroom-core-shared,shared,ai,,java,Model,AI,generated,openapi-typescript
stroom-core-shared/src/main/java/stroom/ai/shared/AiChatAttachment.java,stroom-core-shared,shared,ai,,java,Model,AI,generated,openapi-typescript
stroom-core-shared/src/main/java/stroom/ai/shared/AiChatHistoryFields.java,stroom-core-shared,shared,ai,Fields,java,Model,AI,generated,openapi-typescript
stroom-core-shared/src/main/java/stroom/ai/shared/AiChatMessage.java,stroom-core-shared,shared,ai,,java,Model,AI,generated,openapi-typescript
stroom-core-shared/src/main/java/stroom/ai/shared/AiChatPollRequest.java,stroom-core-shared,shared,ai,,java,Model,AI,generated,openapi-typescript
stroom-core-shared/src/main/java/stroom/ai/shared/AiChatPollResponse.java,stroom-core-shared,shared,ai,,java,Model,AI,generated,openapi-typescript
stroom-core-shared/src/main/java/stroom/ai/shared/AiMessageType.java,stroom-core-shared,shared,ai,Type,java,Model,AI,generated,openapi-typescript
stroom-core-shared/src/main/java/stroom/ai/shared/AskStroomAiConfig.java,stroom-core-shared,shared,ai,Config,java,Model,AI,generated,openapi-typescript
stroom-core-shared/src/main/java/stroom/ai/shared/AskStroomAiContext.java,stroom-core-shared,shared,ai,,java,Model,AI,generated,openapi-typescript
stroom-core-shared/src/main/java/stroom/ai/shared/AskStroomAiRequest.java,stroom-core-shared,shared,ai,,java,Model,AI,generated,openapi-typescript
stroom-core-shared/src/main/java/stroom/ai/shared/AskStroomAiResource.java,stroom-core-shared,shared,ai,Resource,java,REST API,AI,generated,openapi-typescript
stroom-core-shared/src/main/java/stroom/ai/shared/AskStroomAiResponse.java,stroom-core-shared,shared,ai,,java,Model,AI,generated,openapi-typescript
stroom-core-shared/src/main/java/stroom/ai/shared/DashboardTableContext.java,stroom-core-shared,shared,ai,,java,Model,AI,generated,openapi-typescript
stroom-core-shared/src/main/java/stroom/ai/shared/DownloadChatHistoryRequest.java,stroom-core-shared,shared,ai,,java,Model,AI,generated,openapi-typescript
stroom-core-shared/src/main/java/stroom/ai/shared/FindAiChatHistoryCriteria.java,stroom-core-shared,shared,ai,Criteria,java,Model,AI,generated,openapi-typescript
stroom-core-shared/src/main/java/stroom/ai/shared/GeneralTableContext.java,stroom-core-shared,shared,ai,,java,Model,AI,generated,openapi-typescript
stroom-core-shared/src/main/java/stroom/ai/shared/GetAttachmentDataRequest.java,stroom-core-shared,shared,ai,,java,Model,AI,generated,openapi-typescript
stroom-core-shared/src/main/java/stroom/ai/shared/KeyStore.java,stroom-core-shared,shared,ai,,java,Model,AI,generated,openapi-typescript
stroom-core-shared/src/main/java/stroom/ai/shared/KeyStoreType.java,stroom-core-shared,shared,ai,Type,java,Model,AI,generated,openapi-typescript
stroom-core-shared/src/main/java/stroom/ai/shared/QueryTableContext.java,stroom-core-shared,shared,ai,,java,Model,AI,generated,openapi-typescript
stroom-core-shared/src/main/java/stroom/ai/shared/SSLConfig.java,stroom-core-shared,shared,ai,Config,java,Model,AI,generated,openapi-typescript
stroom-core-shared/src/main/java/stroom/ai/shared/TableAnalysisConfig.java,stroom-core-shared,shared,ai,Config,java,Model,AI,generated,openapi-typescript
stroom-core-shared/src/main/java/stroom/analytics/shared/AbstractAnalyticRuleDoc.java,stroom-core-shared,shared,analytics,,java,Model,Analytics,generated,openapi-typescript
stroom-core-shared/src/main/java/stroom/analytics/shared/AnalyticDataShard.java,stroom-core-shared,shared,analytics,,java,Model,Analytics,generated,openapi-typescript
stroom-core-shared/src/main/java/stroom/analytics/shared/AnalyticDataShardResource.java,stroom-core-shared,shared,analytics,Resource,java,REST API,Analytics,generated,openapi-typescript
stroom-core-shared/src/main/java/stroom/analytics/shared/AnalyticProcessConfig.java,stroom-core-shared,shared,analytics,Config,java,Model,Analytics,generated,openapi-typescript
stroom-core-shared/src/main/java/stroom/analytics/shared/AnalyticProcessResource.java,stroom-core-shared,shared,analytics,Resource,java,REST API,Analytics,generated,openapi-typescript
stroom-core-shared/src/main/java/stroom/analytics/shared/AnalyticProcessType.java,stroom-core-shared,shared,analytics,Type,java,Model,Analytics,generated,openapi-typescript
stroom-core-shared/src/main/java/stroom/analytics/shared/AnalyticRuleDoc.java,stroom-core-shared,shared,analytics,,java,Model,Analytics,generated,openapi-typescript
stroom-core-shared/src/main/java/stroom/analytics/shared/AnalyticRuleLevel.java,stroom-core-shared,shared,analytics,,java,Model,Analytics,generated,openapi-typescript
stroom-core-shared/src/main/java/stroom/analytics/shared/AnalyticRuleResource.java,stroom-core-shared,shared,analytics,Resource,java,REST API,Analytics,generated,openapi-typescript
stroom-core-shared/src/main/java/stroom/analytics/shared/AnalyticRuleStatus.java,stroom-core-shared,shared,analytics,,java,Model,Analytics,generated,openapi-typescript
stroom-core-shared/src/main/java/stroom/analytics/shared/AnalyticTracker.java,stroom-core-shared,shared,analytics,,java,Model,Analytics,generated,openapi-typescript
stroom-core-shared/src/main/java/stroom/analytics/shared/AnalyticTrackerData.java,stroom-core-shared,shared,analytics,,java,Model,Analytics,generated,openapi-typescript
stroom-core-shared/src/main/java/stroom/analytics/shared/DeleteDuplicateCheckRequest.java,stroom-core-shared,shared,analytics,,java,Model,Analytics,generated,openapi-typescript
stroom-core-shared/src/main/java/stroom/analytics/shared/DuplicateCheckResource.java,stroom-core-shared,shared,analytics,Resource,java,REST API,Analytics,generated,openapi-typescript
stroom-core-shared/src/main/java/stroom/analytics/shared/DuplicateCheckRow.java,stroom-core-shared,shared,analytics,,java,Model,Analytics,generated,openapi-typescript
stroom-core-shared/src/main/java/stroom/analytics/shared/DuplicateCheckRows.java,stroom-core-shared,shared,analytics,,java,Model,Analytics,generated,openapi-typescript
stroom-core-shared/src/main/java/stroom/analytics/shared/DuplicateNotificationConfig.java,stroom-core-shared,shared,analytics,Config,java,Model,Analytics,generated,openapi-typescript
stroom-core-shared/src/main/java/stroom/analytics/shared/EmailContent.java,stroom-core-shared,shared,analytics,,java,Model,Analytics,generated,openapi-typescript
stroom-core-shared/src/main/java/stroom/analytics/shared/ExecutionHistory.java,stroom-core-shared,shared,analytics,,java,Model,Analytics,generated,openapi-typescript
stroom-core-shared/src/main/java/stroom/analytics/shared/ExecutionHistoryFields.java,stroom-core-shared,shared,analytics,Fields,java,Model,Analytics,generated,openapi-typescript
stroom-core-shared/src/main/java/stroom/analytics/shared/ExecutionHistoryRequest.java,stroom-core-shared,shared,analytics,,java,Model,Analytics,generated,openapi-typescript
stroom-core-shared/src/main/java/stroom/analytics/shared/ExecutionSchedule.java,stroom-core-shared,shared,analytics,,java,Model,Analytics,generated,openapi-typescript
stroom-core-shared/src/main/java/stroom/analytics/shared/ExecutionScheduleFields.java,stroom-core-shared,shared,analytics,Fields,java,Model,Analytics,generated,openapi-typescript
stroom-core-shared/src/main/java/stroom/analytics/shared/ExecutionScheduleRequest.java,stroom-core-shared,shared,analytics,,java,Model,Analytics,generated,openapi-typescript
stroom-core-shared/src/main/java/stroom/analytics/shared/ExecutionScheduleResource.java,stroom-core-shared,shared,analytics,Resource,java,REST API,Analytics,generated,openapi-typescript
stroom-core-shared/src/main/java/stroom/analytics/shared/ExecutionTracker.java,stroom-core-shared,shared,analytics,,java,Model,Analytics,generated,openapi-typescript
stroom-core-shared/src/main/java/stroom/analytics/shared/FetchColumnNamesResponse.java,stroom-core-shared,shared,analytics,,java,Model,Analytics,generated,openapi-typescript
stroom-core-shared/src/main/java/stroom/analytics/shared/FindAnalyticDataShardCriteria.java,stroom-core-shared,shared,analytics,Criteria,java,Model,Analytics,generated,openapi-typescript
stroom-core-shared/src/main/java/stroom/analytics/shared/FindDuplicateCheckCriteria.java,stroom-core-shared,shared,analytics,Criteria,java,Model,Analytics,generated,openapi-typescript
stroom-core-shared/src/main/java/stroom/analytics/shared/GetAnalyticShardDataRequest.java,stroom-core-shared,shared,analytics,,java,Model,Analytics,generated,openapi-typescript
stroom-core-shared/src/main/java/stroom/analytics/shared/NotificationConfig.java,stroom-core-shared,shared,analytics,Config,java,Model,Analytics,generated,openapi-typescript
stroom-core-shared/src/main/java/stroom/analytics/shared/NotificationDestination.java,stroom-core-shared,shared,analytics,,java,Model,Analytics,generated,openapi-typescript
stroom-core-shared/src/main/java/stroom/analytics/shared/NotificationDestinationType.java,stroom-core-shared,shared,analytics,Type,java,Model,Analytics,generated,openapi-typescript
stroom-core-shared/src/main/java/stroom/analytics/shared/NotificationEmailDestination.java,stroom-core-shared,shared,analytics,,java,Model,Analytics,generated,openapi-typescript
stroom-core-shared/src/main/java/stroom/analytics/shared/NotificationStreamDestination.java,stroom-core-shared,shared,analytics,,java,Model,Analytics,generated,openapi-typescript
stroom-core-shared/src/main/java/stroom/analytics/shared/QueryLanguageVersion.java,stroom-core-shared,shared,analytics,,java,Model,Analytics,generated,openapi-typescript
stroom-core-shared/src/main/java/stroom/analytics/shared/ReportDoc.java,stroom-core-shared,shared,analytics,,java,Model,Analytics,generated,openapi-typescript
stroom-core-shared/src/main/java/stroom/analytics/shared/ReportResource.java,stroom-core-shared,shared,analytics,Resource,java,REST API,Analytics,generated,openapi-typescript
stroom-core-shared/src/main/java/stroom/analytics/shared/ReportSettings.java,stroom-core-shared,shared,analytics,Settings,java,Model,Analytics,generated,openapi-typescript
stroom-core-shared/src/main/java/stroom/analytics/shared/ScheduleBounds.java,stroom-core-shared,shared,analytics,,java,Model,Analytics,generated,openapi-typescript
stroom-core-shared/src/main/java/stroom/analytics/shared/ScheduledQueryAnalyticProcessConfig.java,stroom-core-shared,shared,analytics,Config,java,Model,Analytics,generated,openapi-typescript
stroom-core-shared/src/main/java/stroom/analytics/shared/ScheduledQueryAnalyticTrackerData.java,stroom-core-shared,shared,analytics,,java,Model,Analytics,generated,openapi-typescript
stroom-core-shared/src/main/java/stroom/analytics/shared/StreamingAnalyticProcessConfig.java,stroom-core-shared,shared,analytics,Config,java,Model,Analytics,generated,openapi-typescript
stroom-core-shared/src/main/java/stroom/analytics/shared/StreamingAnalyticTrackerData.java,stroom-core-shared,shared,analytics,,java,Model,Analytics,generated,openapi-typescript
stroom-core-shared/src/main/java/stroom/analytics/shared/TableBuilderAnalyticProcessConfig.java,stroom-core-shared,shared,analytics,Config,java,Model,Analytics,generated,openapi-typescript
stroom-core-shared/src/main/java/stroom/analytics/shared/TableBuilderAnalyticTrackerData.java,stroom-core-shared,shared,analytics,,java,Model,Analytics,generated,openapi-typescript
stroom-core-shared/src/main/java/stroom/annotation/shared/AbstractAnnotationChange.java,stroom-core-shared,shared,annotation,,java,Model,Annotation,generated,openapi-typescript
stroom-core-shared/src/main/java/stroom/annotation/shared/AddAnnotationTable.java,stroom-core-shared,shared,annotation,,java,Model,Annotation,generated,openapi-typescript
stroom-core-shared/src/main/java/stroom/annotation/shared/AddTag.java,stroom-core-shared,shared,annotation,,java,Model,Annotation,generated,openapi-typescript
stroom-core-shared/src/main/java/stroom/annotation/shared/Annotation.java,stroom-core-shared,shared,annotation,,java,Model,Annotation,generated,openapi-typescript
stroom-core-shared/src/main/java/stroom/annotation/shared/AnnotationCreator.java,stroom-core-shared,shared,annotation,,java,Model,Annotation,generated,openapi-typescript
stroom-core-shared/src/main/java/stroom/annotation/shared/AnnotationDecorationFields.java,stroom-core-shared,shared,annotation,Fields,java,Model,Annotation,generated,openapi-typescript
stroom-core-shared/src/main/java/stroom/annotation/shared/AnnotationEntry.java,stroom-core-shared,shared,annotation,,java,Model,Annotation,generated,openapi-typescript
stroom-core-shared/src/main/java/stroom/annotation/shared/AnnotationEntryType.java,stroom-core-shared,shared,annotation,Type,java,Model,Annotation,generated,openapi-typescript
stroom-core-shared/src/main/java/stroom/annotation/shared/AnnotationFields.java,stroom-core-shared,shared,annotation,Fields,java,Model,Annotation,generated,openapi-typescript
stroom-core-shared/src/main/java/stroom/annotation/shared/AnnotationIdentity.java,stroom-core-shared,shared,annotation,,java,Model,Annotation,generated,openapi-typescript
stroom-core-shared/src/main/java/stroom/annotation/shared/AnnotationResource.java,stroom-core-shared,shared,annotation,Resource,java,REST API,Annotation,generated,openapi-typescript
stroom-core-shared/src/main/java/stroom/annotation/shared/AnnotationTable.java,stroom-core-shared,shared,annotation,,java,Model,Annotation,generated,openapi-typescript
stroom-core-shared/src/main/java/stroom/annotation/shared/AnnotationTag.java,stroom-core-shared,shared,annotation,,java,Model,Annotation,generated,openapi-typescript
stroom-core-shared/src/main/java/stroom/annotation/shared/AnnotationTagFields.java,stroom-core-shared,shared,annotation,Fields,java,Model,Annotation,generated,openapi-typescript
stroom-core-shared/src/main/java/stroom/annotation/shared/AnnotationTagType.java,stroom-core-shared,shared,annotation,Type,java,Model,Annotation,generated,openapi-typescript
stroom-core-shared/src/main/java/stroom/annotation/shared/ChangeAnnotationEntryRequest.java,stroom-core-shared,shared,annotation,,java,Model,Annotation,generated,openapi-typescript
stroom-core-shared/src/main/java/stroom/annotation/shared/ChangeAssignedTo.java,stroom-core-shared,shared,annotation,,java,Model,Annotation,generated,openapi-typescript
stroom-core-shared/src/main/java/stroom/annotation/shared/ChangeComment.java,stroom-core-shared,shared,annotation,,java,Model,Annotation,generated,openapi-typescript
stroom-core-shared/src/main/java/stroom/annotation/shared/ChangeDescription.java,stroom-core-shared,shared,annotation,,java,Model,Annotation,generated,openapi-typescript
stroom-core-shared/src/main/java/stroom/annotation/shared/ChangeRetentionPeriod.java,stroom-core-shared,shared,annotation,,java,Model,Annotation,generated,openapi-typescript
stroom-core-shared/src/main/java/stroom/annotation/shared/ChangeSubject.java,stroom-core-shared,shared,annotation,,java,Model,Annotation,generated,openapi-typescript
stroom-core-shared/src/main/java/stroom/annotation/shared/ChangeTitle.java,stroom-core-shared,shared,annotation,,java,Model,Annotation,generated,openapi-typescript
stroom-core-shared/src/main/java/stroom/annotation/shared/CreateAnnotationRequest.java,stroom-core-shared,shared,annotation,,java,Model,Annotation,generated,openapi-typescript
stroom-core-shared/src/main/java/stroom/annotation/shared/CreateAnnotationTagRequest.java,stroom-core-shared,shared,annotation,,java,Model,Annotation,generated,openapi-typescript
stroom-core-shared/src/main/java/stroom/annotation/shared/DeleteAnnotationEntryRequest.java,stroom-core-shared,shared,annotation,,java,Model,Annotation,generated,openapi-typescript
stroom-core-shared/src/main/java/stroom/annotation/shared/EntryValue.java,stroom-core-shared,shared,annotation,,java,Model,Annotation,generated,openapi-typescript
stroom-core-shared/src/main/java/stroom/annotation/shared/EventId.java,stroom-core-shared,shared,annotation,,java,Model,Annotation,generated,openapi-typescript
stroom-core-shared/src/main/java/stroom/annotation/shared/FetchAnnotationEntryRequest.java,stroom-core-shared,shared,annotation,,java,Model,Annotation,generated,openapi-typescript
stroom-core-shared/src/main/java/stroom/annotation/shared/FindAnnotationRequest.java,stroom-core-shared,shared,annotation,,java,Model,Annotation,generated,openapi-typescript
stroom-core-shared/src/main/java/stroom/annotation/shared/LinkAnnotations.java,stroom-core-shared,shared,annotation,,java,Model,Annotation,generated,openapi-typescript
stroom-core-shared/src/main/java/stroom/annotation/shared/LinkEvents.java,stroom-core-shared,shared,annotation,,java,Model,Annotation,generated,openapi-typescript
stroom-core-shared/src/main/java/stroom/annotation/shared/MultiAnnotationChangeRequest.java,stroom-core-shared,shared,annotation,,java,Model,Annotation,generated,openapi-typescript
stroom-core-shared/src/main/java/stroom/annotation/shared/RemoveTag.java,stroom-core-shared,shared,annotation,,java,Model,Annotation,generated,openapi-typescript
stroom-core-shared/src/main/java/stroom/annotation/shared/SetTag.java,stroom-core-shared,shared,annotation,,java,Model,Annotation,generated,openapi-typescript
stroom-core-shared/src/main/java/stroom/annotation/shared/SingleAnnotationChangeRequest.java,stroom-core-shared,shared,annotation,,java,Model,Annotation,generated,openapi-typescript
stroom-core-shared/src/main/java/stroom/annotation/shared/StringEntryValue.java,stroom-core-shared,shared,annotation,,java,Model,Annotation,generated,openapi-typescript
stroom-core-shared/src/main/java/stroom/annotation/shared/UnlinkAnnotations.java,stroom-core-shared,shared,annotation,,java,Model,Annotation,generated,openapi-typescript
stroom-core-shared/src/main/java/stroom/annotation/shared/UnlinkEvents.java,stroom-core-shared,shared,annotation,,java,Model,Annotation,generated,openapi-typescript
stroom-core-shared/src/main/java/stroom/annotation/shared/UserRefEntryValue.java,stroom-core-shared,shared,annotation,,java,Model,Annotation,generated,openapi-typescript
stroom-core-shared/src/main/java/stroom/aws/common/shared/AwsAnonymousCredentials.java,stroom-core-shared,shared,aws,,java,Model,AWS / S3,generated,openapi-typescript
stroom-core-shared/src/main/java/stroom/aws/common/shared/AwsAssumeRole.java,stroom-core-shared,shared,aws,,java,Model,AWS / S3,generated,openapi-typescript
stroom-core-shared/src/main/java/stroom/aws/common/shared/AwsAssumeRoleClientConfig.java,stroom-core-shared,shared,aws,Config,java,Model,AWS / S3,generated,openapi-typescript
stroom-core-shared/src/main/java/stroom/aws/common/shared/AwsAssumeRoleRequest.java,stroom-core-shared,shared,aws,,java,Model,AWS / S3,generated,openapi-typescript
stroom-core-shared/src/main/java/stroom/aws/common/shared/AwsBasicCredentials.java,stroom-core-shared,shared,aws,,java,Model,AWS / S3,generated,openapi-typescript
stroom-core-shared/src/main/java/stroom/aws/common/shared/AwsCredentials.java,stroom-core-shared,shared,aws,,java,Model,AWS / S3,generated,openapi-typescript
stroom-core-shared/src/main/java/stroom/aws/common/shared/AwsDefaultCredentials.java,stroom-core-shared,shared,aws,,java,Model,AWS / S3,generated,openapi-typescript
stroom-core-shared/src/main/java/stroom/aws/common/shared/AwsEnvironmentVariableCredentials.java,stroom-core-shared,shared,aws,,java,Model,AWS / S3,generated,openapi-typescript
stroom-core-shared/src/main/java/stroom/aws/common/shared/AwsPolicyDescriptorType.java,stroom-core-shared,shared,aws,Type,java,Model,AWS / S3,generated,openapi-typescript
stroom-core-shared/src/main/java/stroom/aws/common/shared/AwsProfileCredentials.java,stroom-core-shared,shared,aws,,java,Model,AWS / S3,generated,openapi-typescript
stroom-core-shared/src/main/java/stroom/aws/common/shared/AwsProvidedContext.java,stroom-core-shared,shared,aws,,java,Model,AWS / S3,generated,openapi-typescript
stroom-core-shared/src/main/java/stroom/aws/common/shared/AwsSessionCredentials.java,stroom-core-shared,shared,aws,,java,Model,AWS / S3,generated,openapi-typescript
stroom-core-shared/src/main/java/stroom/aws/common/shared/AwsSystemPropertyCredentials.java,stroom-core-shared,shared,aws,,java,Model,AWS / S3,generated,openapi-typescript
stroom-core-shared/src/main/java/stroom/aws/common/shared/AwsTag.java,stroom-core-shared,shared,aws,,java,Model,AWS / S3,generated,openapi-typescript
stroom-core-shared/src/main/java/stroom/aws/common/shared/AwsWebCredentials.java,stroom-core-shared,shared,aws,,java,Model,AWS / S3,generated,openapi-typescript
stroom-core-shared/src/main/java/stroom/aws/s3/shared/AwsHttpConfig.java,stroom-core-shared,shared,aws,Config,java,Model,AWS / S3,generated,openapi-typescript
stroom-core-shared/src/main/java/stroom/aws/s3/shared/AwsProxyConfig.java,stroom-core-shared,shared,aws,Config,java,Model,AWS / S3,generated,openapi-typescript
stroom-core-shared/src/main/java/stroom/aws/s3/shared/S3ClientConfig.java,stroom-core-shared,shared,aws,Config,java,Model,AWS / S3,generated,openapi-typescript
stroom-core-shared/src/main/java/stroom/aws/s3/shared/S3ClientConfigService.java,stroom-core-shared,shared,aws,,java,Model,AWS / S3,generated,openapi-typescript
stroom-core-shared/src/main/java/stroom/aws/s3/shared/S3ConfigDoc.java,stroom-core-shared,shared,aws,,java,Model,AWS / S3,generated,openapi-typescript
stroom-core-shared/src/main/java/stroom/aws/s3/shared/S3ConfigResource.java,stroom-core-shared,shared,aws,Resource,java,REST API,AWS / S3,generated,openapi-typescript
stroom-core-shared/src/main/java/stroom/aws/s3/shared/S3EventResource.java,stroom-core-shared,shared,aws,Resource,java,REST API,AWS / S3,generated,openapi-typescript
stroom-core-shared/src/main/java/stroom/aws/s3/shared/S3Location.java,stroom-core-shared,shared,aws,,java,Model,AWS / S3,generated,openapi-typescript
stroom-core-shared/src/main/java/stroom/cache/shared/CacheInfoResponse.java,stroom-core-shared,shared,cache,,java,Model,Cache,generated,openapi-typescript
stroom-core-shared/src/main/java/stroom/cache/shared/CacheNamesResponse.java,stroom-core-shared,shared,cache,,java,Model,Cache,generated,openapi-typescript
stroom-core-shared/src/main/java/stroom/cache/shared/CacheResource.java,stroom-core-shared,shared,cache,Resource,java,REST API,Cache,generated,openapi-typescript
stroom-core-shared/src/main/java/stroom/config/global/shared/ConfigProperty.java,stroom-core-shared,shared,config,,java,Model,Config / properties,generated,openapi-typescript
stroom-core-shared/src/main/java/stroom/config/global/shared/ConfigPropertyValidationException.java,stroom-core-shared,shared,config,,java,Model,Config / properties,generated,openapi-typescript
stroom-core-shared/src/main/java/stroom/config/global/shared/ConfigTarget.java,stroom-core-shared,shared,config,,java,Model,Config / properties,generated,openapi-typescript
stroom-core-shared/src/main/java/stroom/config/global/shared/GlobalConfigCriteria.java,stroom-core-shared,shared,config,Criteria,java,Model,Config / properties,generated,openapi-typescript
stroom-core-shared/src/main/java/stroom/config/global/shared/GlobalConfigResource.java,stroom-core-shared,shared,config,Resource,java,REST API,Config / properties,generated,openapi-typescript
stroom-core-shared/src/main/java/stroom/config/global/shared/ListConfigResponse.java,stroom-core-shared,shared,config,,java,Model,Config / properties,generated,openapi-typescript
stroom-core-shared/src/main/java/stroom/config/global/shared/OverrideValue.java,stroom-core-shared,shared,config,,java,Model,Config / properties,generated,openapi-typescript
stroom-core-shared/src/main/java/stroom/config/global/shared/SessionInfoResource.java,stroom-core-shared,shared,config,Resource,java,REST API,Config / properties,generated,openapi-typescript
stroom-core-shared/src/main/java/stroom/config/global/shared/SetConfigValueRequest.java,stroom-core-shared,shared,config,,java,Model,Config / properties,generated,openapi-typescript
stroom-core-shared/src/main/java/stroom/config/global/shared/UserPreferencesResource.java,stroom-core-shared,shared,config,Resource,java,REST API,Config / properties,generated,openapi-typescript
stroom-core-shared/src/main/java/stroom/contentstore/shared/ContentStoreContentPack.java,stroom-core-shared,shared,contentstore,,java,Model,Content store,generated,openapi-typescript
stroom-core-shared/src/main/java/stroom/contentstore/shared/ContentStoreContentPackStatus.java,stroom-core-shared,shared,contentstore,,java,Model,Content store,generated,openapi-typescript
stroom-core-shared/src/main/java/stroom/contentstore/shared/ContentStoreContentPackWithDynamicState.java,stroom-core-shared,shared,contentstore,,java,Model,Content store,generated,openapi-typescript
stroom-core-shared/src/main/java/stroom/contentstore/shared/ContentStoreCreateGitRepoRequest.java,stroom-core-shared,shared,contentstore,,java,Model,Content store,generated,openapi-typescript
stroom-core-shared/src/main/java/stroom/contentstore/shared/ContentStoreMetadata.java,stroom-core-shared,shared,contentstore,,java,Model,Content store,generated,openapi-typescript
stroom-core-shared/src/main/java/stroom/contentstore/shared/ContentStoreResource.java,stroom-core-shared,shared,contentstore,Resource,java,REST API,Content store,generated,openapi-typescript
stroom-core-shared/src/main/java/stroom/contentstore/shared/ContentStoreResponse.java,stroom-core-shared,shared,contentstore,,java,Model,Content store,generated,openapi-typescript
stroom-core-shared/src/main/java/stroom/contentstore/shared/ContentStoreValueResponse.java,stroom-core-shared,shared,contentstore,,java,Model,Content store,generated,openapi-typescript
stroom-core-shared/src/main/java/stroom/credentials/shared/AccessTokenSecret.java,stroom-core-shared,shared,credentials,,java,Model,Credentials,generated,openapi-typescript
stroom-core-shared/src/main/java/stroom/credentials/shared/Credential.java,stroom-core-shared,shared,credentials,,java,Model,Credentials,generated,openapi-typescript
stroom-core-shared/src/main/java/stroom/credentials/shared/CredentialFields.java,stroom-core-shared,shared,credentials,Fields,java,Model,Credentials,generated,openapi-typescript
stroom-core-shared/src/main/java/stroom/credentials/shared/CredentialType.java,stroom-core-shared,shared,credentials,Type,java,Model,Credentials,generated,openapi-typescript
stroom-core-shared/src/main/java/stroom/credentials/shared/CredentialWithPerms.java,stroom-core-shared,shared,credentials,,java,Model,Credentials,generated,openapi-typescript
stroom-core-shared/src/main/java/stroom/credentials/shared/CredentialsResource.java,stroom-core-shared,shared,credentials,Resource,java,REST API,Credentials,generated,openapi-typescript
stroom-core-shared/src/main/java/stroom/credentials/shared/FindCredentialRequest.java,stroom-core-shared,shared,credentials,,java,Model,Credentials,generated,openapi-typescript
stroom-core-shared/src/main/java/stroom/credentials/shared/KeyStoreSecret.java,stroom-core-shared,shared,credentials,,java,Model,Credentials,generated,openapi-typescript
stroom-core-shared/src/main/java/stroom/credentials/shared/PutCredentialRequest.java,stroom-core-shared,shared,credentials,,java,Model,Credentials,generated,openapi-typescript
stroom-core-shared/src/main/java/stroom/credentials/shared/Secret.java,stroom-core-shared,shared,credentials,,java,Model,Credentials,generated,openapi-typescript
stroom-core-shared/src/main/java/stroom/credentials/shared/SshKeySecret.java,stroom-core-shared,shared,credentials,,java,Model,Credentials,generated,openapi-typescript
stroom-core-shared/src/main/java/stroom/credentials/shared/UsernamePasswordSecret.java,stroom-core-shared,shared,credentials,,java,Model,Credentials,generated,openapi-typescript
stroom-core-shared/src/main/java/stroom/dashboard/shared/AbstractQueryComponentSettings.java,stroom-core-shared,shared,dashboard,Settings,java,Model,Dashboard,generated,openapi-typescript
stroom-core-shared/src/main/java/stroom/dashboard/shared/Automate.java,stroom-core-shared,shared,dashboard,,java,Model,Dashboard,generated,openapi-typescript
stroom-core-shared/src/main/java/stroom/dashboard/shared/ColumnValue.java,stroom-core-shared,shared,dashboard,,java,Model,Dashboard,generated,openapi-typescript
stroom-core-shared/src/main/java/stroom/dashboard/shared/ColumnValues.java,stroom-core-shared,shared,dashboard,,java,Model,Dashboard,generated,openapi-typescript
stroom-core-shared/src/main/java/stroom/dashboard/shared/ColumnValuesRequest.java,stroom-core-shared,shared,dashboard,,java,Model,Dashboard,generated,openapi-typescript
stroom-core-shared/src/main/java/stroom/dashboard/shared/ComponentConfig.java,stroom-core-shared,shared,dashboard,Config,java,Model,Dashboard,generated,openapi-typescript
stroom-core-shared/src/main/java/stroom/dashboard/shared/ComponentResultRequest.java,stroom-core-shared,shared,dashboard,,java,Model,Dashboard,generated,openapi-typescript
stroom-core-shared/src/main/java/stroom/dashboard/shared/ComponentSelectionHandler.java,stroom-core-shared,shared,dashboard,Handler,java,Model,Dashboard,generated,openapi-typescript
stroom-core-shared/src/main/java/stroom/dashboard/shared/ComponentSettings.java,stroom-core-shared,shared,dashboard,Settings,java,Model,Dashboard,generated,openapi-typescript
stroom-core-shared/src/main/java/stroom/dashboard/shared/DashboardConfig.java,stroom-core-shared,shared,dashboard,Config,java,Model,Dashboard,generated,openapi-typescript
stroom-core-shared/src/main/java/stroom/dashboard/shared/DashboardDoc.java,stroom-core-shared,shared,dashboard,,java,Model,Dashboard,generated,openapi-typescript
stroom-core-shared/src/main/java/stroom/dashboard/shared/DashboardResource.java,stroom-core-shared,shared,dashboard,Resource,java,REST API,Dashboard,generated,openapi-typescript
stroom-core-shared/src/main/java/stroom/dashboard/shared/DashboardSearchRequest.java,stroom-core-shared,shared,dashboard,,java,Model,Dashboard,generated,openapi-typescript
stroom-core-shared/src/main/java/stroom/dashboard/shared/DashboardSearchResponse.java,stroom-core-shared,shared,dashboard,,java,Model,Dashboard,generated,openapi-typescript
stroom-core-shared/src/main/java/stroom/dashboard/shared/DestroySearchRequest.java,stroom-core-shared,shared,dashboard,,java,Model,Dashboard,generated,openapi-typescript
stroom-core-shared/src/main/java/stroom/dashboard/shared/Dimension.java,stroom-core-shared,shared,dashboard,,java,Model,Dashboard,generated,openapi-typescript
stroom-core-shared/src/main/java/stroom/dashboard/shared/DownloadSearchResultFileType.java,stroom-core-shared,shared,dashboard,Type,java,Model,Dashboard,generated,openapi-typescript
stroom-core-shared/src/main/java/stroom/dashboard/shared/DownloadSearchResultsRequest.java,stroom-core-shared,shared,dashboard,,java,Model,Dashboard,generated,openapi-typescript
stroom-core-shared/src/main/java/stroom/dashboard/shared/EmbeddedQueryComponentSettings.java,stroom-core-shared,shared,dashboard,Settings,java,Model,Dashboard,generated,openapi-typescript
stroom-core-shared/src/main/java/stroom/dashboard/shared/FindStoredQueryCriteria.java,stroom-core-shared,shared,dashboard,Criteria,java,Model,Dashboard,generated,openapi-typescript
stroom-core-shared/src/main/java/stroom/dashboard/shared/HasSelectionFilter.java,stroom-core-shared,shared,dashboard,,java,Model,Dashboard,generated,openapi-typescript
stroom-core-shared/src/main/java/stroom/dashboard/shared/HasSelectionFilterBuilder.java,stroom-core-shared,shared,dashboard,Builder,java,Model,Dashboard,generated,openapi-typescript
stroom-core-shared/src/main/java/stroom/dashboard/shared/HasSelectionQuery.java,stroom-core-shared,shared,dashboard,,java,Model,Dashboard,generated,openapi-typescript
stroom-core-shared/src/main/java/stroom/dashboard/shared/HasSelectionQueryBuilder.java,stroom-core-shared,shared,dashboard,Builder,java,Model,Dashboard,generated,openapi-typescript
stroom-core-shared/src/main/java/stroom/dashboard/shared/KeyValueInputComponentSettings.java,stroom-core-shared,shared,dashboard,Settings,java,Model,Dashboard,generated,openapi-typescript
stroom-core-shared/src/main/java/stroom/dashboard/shared/LayoutConfig.java,stroom-core-shared,shared,dashboard,Config,java,Model,Dashboard,generated,openapi-typescript
stroom-core-shared/src/main/java/stroom/dashboard/shared/LayoutConstraints.java,stroom-core-shared,shared,dashboard,,java,Model,Dashboard,generated,openapi-typescript
stroom-core-shared/src/main/java/stroom/dashboard/shared/ListInputComponentSettings.java,stroom-core-shared,shared,dashboard,Settings,java,Model,Dashboard,generated,openapi-typescript
stroom-core-shared/src/main/java/stroom/dashboard/shared/QueryComponentSettings.java,stroom-core-shared,shared,dashboard,Settings,java,Model,Dashboard,generated,openapi-typescript
stroom-core-shared/src/main/java/stroom/dashboard/shared/Search.java,stroom-core-shared,shared,dashboard,,java,Model,Dashboard,generated,openapi-typescript
stroom-core-shared/src/main/java/stroom/dashboard/shared/SearchKeepAliveRequest.java,stroom-core-shared,shared,dashboard,,java,Model,Dashboard,generated,openapi-typescript
stroom-core-shared/src/main/java/stroom/dashboard/shared/Size.java,stroom-core-shared,shared,dashboard,,java,Model,Dashboard,generated,openapi-typescript
stroom-core-shared/src/main/java/stroom/dashboard/shared/SplitLayoutConfig.java,stroom-core-shared,shared,dashboard,Config,java,Model,Dashboard,generated,openapi-typescript
stroom-core-shared/src/main/java/stroom/dashboard/shared/StoredQuery.java,stroom-core-shared,shared,dashboard,,java,Model,Dashboard,generated,openapi-typescript
stroom-core-shared/src/main/java/stroom/dashboard/shared/StoredQueryResource.java,stroom-core-shared,shared,dashboard,Resource,java,REST API,Dashboard,generated,openapi-typescript
stroom-core-shared/src/main/java/stroom/dashboard/shared/TabConfig.java,stroom-core-shared,shared,dashboard,Config,java,Model,Dashboard,generated,openapi-typescript
stroom-core-shared/src/main/java/stroom/dashboard/shared/TabLayoutConfig.java,stroom-core-shared,shared,dashboard,Config,java,Model,Dashboard,generated,openapi-typescript
stroom-core-shared/src/main/java/stroom/dashboard/shared/TableComponentSettings.java,stroom-core-shared,shared,dashboard,Settings,java,Model,Dashboard,generated,openapi-typescript
stroom-core-shared/src/main/java/stroom/dashboard/shared/TableFilterComponentSettings.java,stroom-core-shared,shared,dashboard,Settings,java,Model,Dashboard,generated,openapi-typescript
stroom-core-shared/src/main/java/stroom/dashboard/shared/TableResultRequest.java,stroom-core-shared,shared,dashboard,,java,Model,Dashboard,generated,openapi-typescript
stroom-core-shared/src/main/java/stroom/dashboard/shared/TextComponentSettings.java,stroom-core-shared,shared,dashboard,Settings,java,Model,Dashboard,generated,openapi-typescript
stroom-core-shared/src/main/java/stroom/dashboard/shared/TextInputComponentSettings.java,stroom-core-shared,shared,dashboard,Settings,java,Model,Dashboard,generated,openapi-typescript
stroom-core-shared/src/main/java/stroom/dashboard/shared/ValidateExpressionResult.java,stroom-core-shared,shared,dashboard,,java,Model,Dashboard,generated,openapi-typescript
stroom-core-shared/src/main/java/stroom/dashboard/shared/VisComponentSettings.java,stroom-core-shared,shared,dashboard,Settings,java,Model,Dashboard,generated,openapi-typescript
stroom-core-shared/src/main/java/stroom/dashboard/shared/VisResultRequest.java,stroom-core-shared,shared,dashboard,,java,Model,Dashboard,generated,openapi-typescript
stroom-core-shared/src/main/java/stroom/data/retention/shared/DataRetentionDeleteSummary.java,stroom-core-shared,shared,data,,java,Model,Data / streams,generated,openapi-typescript
stroom-core-shared/src/main/java/stroom/data/retention/shared/DataRetentionDeleteSummaryRequest.java,stroom-core-shared,shared,data,,java,Model,Data / streams,generated,openapi-typescript
stroom-core-shared/src/main/java/stroom/data/retention/shared/DataRetentionDeleteSummaryResponse.java,stroom-core-shared,shared,data,,java,Model,Data / streams,generated,openapi-typescript
stroom-core-shared/src/main/java/stroom/data/retention/shared/DataRetentionRule.java,stroom-core-shared,shared,data,,java,Model,Data / streams,generated,openapi-typescript
stroom-core-shared/src/main/java/stroom/data/retention/shared/DataRetentionRules.java,stroom-core-shared,shared,data,,java,Model,Data / streams,generated,openapi-typescript
stroom-core-shared/src/main/java/stroom/data/retention/shared/DataRetentionRulesResource.java,stroom-core-shared,shared,data,Resource,java,REST API,Data / streams,generated,openapi-typescript
stroom-core-shared/src/main/java/stroom/data/retention/shared/FindDataRetentionImpactCriteria.java,stroom-core-shared,shared,data,Criteria,java,Model,Data / streams,generated,openapi-typescript
stroom-core-shared/src/main/java/stroom/data/shared/DataInfoSection.java,stroom-core-shared,shared,data,,java,Model,Data / streams,generated,openapi-typescript
stroom-core-shared/src/main/java/stroom/data/shared/DataResource.java,stroom-core-shared,shared,data,Resource,java,REST API,Data / streams,generated,openapi-typescript
stroom-core-shared/src/main/java/stroom/data/shared/DataType.java,stroom-core-shared,shared,data,Type,java,Model,Data / streams,generated,openapi-typescript
stroom-core-shared/src/main/java/stroom/data/shared/StreamTypeNames.java,stroom-core-shared,shared,data,,java,Model,Data / streams,generated,openapi-typescript
stroom-core-shared/src/main/java/stroom/data/shared/UploadDataRequest.java,stroom-core-shared,shared,data,,java,Model,Data / streams,generated,openapi-typescript
stroom-core-shared/src/main/java/stroom/data/store/impl/fs/shared/DataVolume.java,stroom-core-shared,shared,data,,java,Model,Data / streams,generated,openapi-typescript
stroom-core-shared/src/main/java/stroom/data/store/impl/fs/shared/FindDataVolumeCriteria.java,stroom-core-shared,shared,data,Criteria,java,Model,Data / streams,generated,openapi-typescript
stroom-core-shared/src/main/java/stroom/data/store/impl/fs/shared/FindFsVolumeCriteria.java,stroom-core-shared,shared,data,Criteria,java,Model,Data / streams,generated,openapi-typescript
stroom-core-shared/src/main/java/stroom/data/store/impl/fs/shared/FsVolume.java,stroom-core-shared,shared,data,,java,Model,Data / streams,generated,openapi-typescript
stroom-core-shared/src/main/java/stroom/data/store/impl/fs/shared/FsVolumeGroup.java,stroom-core-shared,shared,data,,java,Model,Data / streams,generated,openapi-typescript
stroom-core-shared/src/main/java/stroom/data/store/impl/fs/shared/FsVolumeGroupResource.java,stroom-core-shared,shared,data,Resource,java,REST API,Data / streams,generated,openapi-typescript
stroom-core-shared/src/main/java/stroom/data/store/impl/fs/shared/FsVolumeGroupRow.java,stroom-core-shared,shared,data,,java,Model,Data / streams,generated,openapi-typescript
stroom-core-shared/src/main/java/stroom/data/store/impl/fs/shared/FsVolumeResource.java,stroom-core-shared,shared,data,Resource,java,REST API,Data / streams,generated,openapi-typescript
stroom-core-shared/src/main/java/stroom/data/store/impl/fs/shared/FsVolumeState.java,stroom-core-shared,shared,data,,java,Model,Data / streams,generated,openapi-typescript
stroom-core-shared/src/main/java/stroom/data/store/impl/fs/shared/FsVolumeType.java,stroom-core-shared,shared,data,Type,java,Model,Data / streams,generated,openapi-typescript
stroom-core-shared/src/main/java/stroom/data/store/impl/fs/shared/S3LocationDataVolume.java,stroom-core-shared,shared,data,,java,Model,Data / streams,generated,openapi-typescript
stroom-core-shared/src/main/java/stroom/data/store/impl/fs/shared/ValidationResult.java,stroom-core-shared,shared,data,,java,Model,Data / streams,generated,openapi-typescript
stroom-core-shared/src/main/java/stroom/datagen/shared/DataGenDoc.java,stroom-core-shared,shared,datagen,,java,Model,Data generation,generated,openapi-typescript
stroom-core-shared/src/main/java/stroom/datagen/shared/DataGenResource.java,stroom-core-shared,shared,datagen,Resource,java,REST API,Data generation,generated,openapi-typescript
stroom-core-shared/src/main/java/stroom/datasource/shared/DataSourceResource.java,stroom-core-shared,shared,datasource,Resource,java,REST API,Data source,generated,openapi-typescript
stroom-core-shared/src/main/java/stroom/dictionary/shared/DictionaryDoc.java,stroom-core-shared,shared,dictionary,,java,Model,Dictionary,generated,openapi-typescript
stroom-core-shared/src/main/java/stroom/dictionary/shared/DictionaryResource.java,stroom-core-shared,shared,dictionary,Resource,java,REST API,Dictionary,generated,openapi-typescript
stroom-core-shared/src/main/java/stroom/dictionary/shared/Word.java,stroom-core-shared,shared,dictionary,,java,Model,Dictionary,generated,openapi-typescript
stroom-core-shared/src/main/java/stroom/dictionary/shared/WordList.java,stroom-core-shared,shared,dictionary,,java,Model,Dictionary,generated,openapi-typescript
stroom-core-shared/src/main/java/stroom/dictionary/shared/WordListResource.java,stroom-core-shared,shared,dictionary,Resource,java,REST API,Dictionary,generated,openapi-typescript
stroom-core-shared/src/main/java/stroom/docstore/shared/AbstractDoc.java,stroom-core-shared,shared,docstore,,java,Model,Doc store,generated,openapi-typescript
stroom-core-shared/src/main/java/stroom/docstore/shared/AbstractEmbeddableDoc.java,stroom-core-shared,shared,docstore,,java,Model,Doc store,generated,openapi-typescript
stroom-core-shared/src/main/java/stroom/docstore/shared/AuditAction.java,stroom-core-shared,shared,docstore,,java,Model,Doc store,generated,openapi-typescript
stroom-core-shared/src/main/java/stroom/docstore/shared/DocAuditEntry.java,stroom-core-shared,shared,docstore,,java,Model,Doc store,generated,openapi-typescript
stroom-core-shared/src/main/java/stroom/docstore/shared/DocAuditUser.java,stroom-core-shared,shared,docstore,,java,Model,Doc store,generated,openapi-typescript
stroom-core-shared/src/main/java/stroom/docstore/shared/DocDataType.java,stroom-core-shared,shared,docstore,Type,java,Model,Doc store,generated,openapi-typescript
stroom-core-shared/src/main/java/stroom/docstore/shared/DocRefUtil.java,stroom-core-shared,shared,docstore,Util,java,Utility,Doc store,todo,
stroom-core-shared/src/main/java/stroom/docstore/shared/DocumentType.java,stroom-core-shared,shared,docstore,Type,java,Model,Doc store,generated,openapi-typescript
stroom-core-shared/src/main/java/stroom/docstore/shared/DocumentTypeGroup.java,stroom-core-shared,shared,docstore,,java,Model,Doc store,generated,openapi-typescript
stroom-core-shared/src/main/java/stroom/docstore/shared/DocumentTypeRegistry.java,stroom-core-shared,shared,docstore,,java,Model,Doc store,generated,openapi-typescript
stroom-core-shared/src/main/java/stroom/docstore/shared/Documentation.java,stroom-core-shared,shared,docstore,,java,Model,Doc store,generated,openapi-typescript
stroom-core-shared/src/main/java/stroom/docstore/shared/HasDocumentType.java,stroom-core-shared,shared,docstore,Type,java,Model,Doc store,generated,openapi-typescript
stroom-core-shared/src/main/java/stroom/documentation/shared/DocumentationDoc.java,stroom-core-shared,shared,documentation,,java,Model,Documentation,generated,openapi-typescript
stroom-core-shared/src/main/java/stroom/documentation/shared/DocumentationResource.java,stroom-core-shared,shared,documentation,Resource,java,REST API,Documentation,generated,openapi-typescript
stroom-core-shared/src/main/java/stroom/entity/shared/ExpressionCriteria.java,stroom-core-shared,shared,entity,Criteria,java,Model,Entity,generated,openapi-typescript
stroom-core-shared/src/main/java/stroom/explorer/shared/AddRemoveTagsRequest.java,stroom-core-shared,shared,explorer,,java,Model,Explorer,generated,openapi-typescript
stroom-core-shared/src/main/java/stroom/explorer/shared/AdvancedDocumentFindRequest.java,stroom-core-shared,shared,explorer,,java,Model,Explorer,generated,openapi-typescript
stroom-core-shared/src/main/java/stroom/explorer/shared/AdvancedDocumentFindWithPermissionsRequest.java,stroom-core-shared,shared,explorer,,java,Model,Explorer,generated,openapi-typescript
stroom-core-shared/src/main/java/stroom/explorer/shared/BulkActionResult.java,stroom-core-shared,shared,explorer,,java,Model,Explorer,generated,openapi-typescript
stroom-core-shared/src/main/java/stroom/explorer/shared/DecorateRequest.java,stroom-core-shared,shared,explorer,,java,Model,Explorer,generated,openapi-typescript
stroom-core-shared/src/main/java/stroom/explorer/shared/DeleteConfirmation.java,stroom-core-shared,shared,explorer,,java,Model,Explorer,generated,openapi-typescript
stroom-core-shared/src/main/java/stroom/explorer/shared/DeleteConfirmationRequest.java,stroom-core-shared,shared,explorer,,java,Model,Explorer,generated,openapi-typescript
stroom-core-shared/src/main/java/stroom/explorer/shared/DocContentHighlights.java,stroom-core-shared,shared,explorer,,java,Model,Explorer,generated,openapi-typescript
stroom-core-shared/src/main/java/stroom/explorer/shared/DocContentMatch.java,stroom-core-shared,shared,explorer,,java,Model,Explorer,generated,openapi-typescript
stroom-core-shared/src/main/java/stroom/explorer/shared/DocumentFindRequest.java,stroom-core-shared,shared,explorer,,java,Model,Explorer,generated,openapi-typescript
stroom-core-shared/src/main/java/stroom/explorer/shared/DocumentTypes.java,stroom-core-shared,shared,explorer,Types,java,Model,Explorer,generated,openapi-typescript
stroom-core-shared/src/main/java/stroom/explorer/shared/ExplorerConstants.java,stroom-core-shared,shared,explorer,Constants,java,Utility,Explorer,todo,
stroom-core-shared/src/main/java/stroom/explorer/shared/ExplorerFavouriteResource.java,stroom-core-shared,shared,explorer,Resource,java,REST API,Explorer,generated,openapi-typescript
stroom-core-shared/src/main/java/stroom/explorer/shared/ExplorerFields.java,stroom-core-shared,shared,explorer,Fields,java,Model,Explorer,generated,openapi-typescript
stroom-core-shared/src/main/java/stroom/explorer/shared/ExplorerNode.java,stroom-core-shared,shared,explorer,,java,Model,Explorer,generated,openapi-typescript
stroom-core-shared/src/main/java/stroom/explorer/shared/ExplorerNodeInfo.java,stroom-core-shared,shared,explorer,,java,Model,Explorer,generated,openapi-typescript
stroom-core-shared/src/main/java/stroom/explorer/shared/ExplorerNodeKey.java,stroom-core-shared,shared,explorer,,java,Model,Explorer,generated,openapi-typescript
stroom-core-shared/src/main/java/stroom/explorer/shared/ExplorerNodePermissions.java,stroom-core-shared,shared,explorer,,java,Model,Explorer,generated,openapi-typescript
stroom-core-shared/src/main/java/stroom/explorer/shared/ExplorerResource.java,stroom-core-shared,shared,explorer,Resource,java,REST API,Explorer,generated,openapi-typescript
stroom-core-shared/src/main/java/stroom/explorer/shared/ExplorerServiceCopyRequest.java,stroom-core-shared,shared,explorer,,java,Model,Explorer,generated,openapi-typescript
stroom-core-shared/src/main/java/stroom/explorer/shared/ExplorerServiceCreateRequest.java,stroom-core-shared,shared,explorer,,java,Model,Explorer,generated,openapi-typescript
stroom-core-shared/src/main/java/stroom/explorer/shared/ExplorerServiceDeleteRequest.java,stroom-core-shared,shared,explorer,,java,Model,Explorer,generated,openapi-typescript
stroom-core-shared/src/main/java/stroom/explorer/shared/ExplorerServiceMoveRequest.java,stroom-core-shared,shared,explorer,,java,Model,Explorer,generated,openapi-typescript
stroom-core-shared/src/main/java/stroom/explorer/shared/ExplorerServiceRenameRequest.java,stroom-core-shared,shared,explorer,,java,Model,Explorer,generated,openapi-typescript
stroom-core-shared/src/main/java/stroom/explorer/shared/ExplorerServiceUpdateTagsRequest.java,stroom-core-shared,shared,explorer,,java,Model,Explorer,generated,openapi-typescript
stroom-core-shared/src/main/java/stroom/explorer/shared/ExplorerTreeFilter.java,stroom-core-shared,shared,explorer,,java,Model,Explorer,generated,openapi-typescript
stroom-core-shared/src/main/java/stroom/explorer/shared/FetchExplorerNodeResult.java,stroom-core-shared,shared,explorer,,java,Model,Explorer,generated,openapi-typescript
stroom-core-shared/src/main/java/stroom/explorer/shared/FetchExplorerNodesRequest.java,stroom-core-shared,shared,explorer,,java,Model,Explorer,generated,openapi-typescript
stroom-core-shared/src/main/java/stroom/explorer/shared/FetchHighlightsRequest.java,stroom-core-shared,shared,explorer,,java,Model,Explorer,generated,openapi-typescript
stroom-core-shared/src/main/java/stroom/explorer/shared/FindInContentRequest.java,stroom-core-shared,shared,explorer,,java,Model,Explorer,generated,openapi-typescript
stroom-core-shared/src/main/java/stroom/explorer/shared/FindInContentResult.java,stroom-core-shared,shared,explorer,,java,Model,Explorer,generated,openapi-typescript
stroom-core-shared/src/main/java/stroom/explorer/shared/FindResult.java,stroom-core-shared,shared,explorer,,java,Model,Explorer,generated,openapi-typescript
stroom-core-shared/src/main/java/stroom/explorer/shared/FindResultWithPermissions.java,stroom-core-shared,shared,explorer,,java,Model,Explorer,generated,openapi-typescript
stroom-core-shared/src/main/java/stroom/explorer/shared/NodeFlag.java,stroom-core-shared,shared,explorer,,java,Model,Explorer,generated,openapi-typescript
stroom-core-shared/src/main/java/stroom/explorer/shared/NodeFlagGroup.java,stroom-core-shared,shared,explorer,,java,Model,Explorer,generated,openapi-typescript
stroom-core-shared/src/main/java/stroom/explorer/shared/NodeFlagPair.java,stroom-core-shared,shared,explorer,,java,Model,Explorer,generated,openapi-typescript
stroom-core-shared/src/main/java/stroom/explorer/shared/PermissionChangeResource.java,stroom-core-shared,shared,explorer,Resource,java,REST API,Explorer,generated,openapi-typescript
stroom-core-shared/src/main/java/stroom/explorer/shared/PermissionInheritance.java,stroom-core-shared,shared,explorer,,java,Model,Explorer,generated,openapi-typescript
stroom-core-shared/src/main/java/stroom/explorer/shared/SetUtil.java,stroom-core-shared,shared,explorer,Util,java,Utility,Explorer,todo,
stroom-core-shared/src/main/java/stroom/explorer/shared/StandardExplorerTags.java,stroom-core-shared,shared,explorer,,java,Model,Explorer,generated,openapi-typescript
stroom-core-shared/src/main/java/stroom/explorer/shared/StringMatch.java,stroom-core-shared,shared,explorer,,java,Model,Explorer,generated,openapi-typescript
stroom-core-shared/src/main/java/stroom/explorer/shared/StringMatchLocation.java,stroom-core-shared,shared,explorer,,java,Model,Explorer,generated,openapi-typescript
stroom-core-shared/src/main/java/stroom/explorer/shared/TabSession.java,stroom-core-shared,shared,explorer,,java,Model,Explorer,generated,openapi-typescript
stroom-core-shared/src/main/java/stroom/explorer/shared/TabSessionAddRequest.java,stroom-core-shared,shared,explorer,,java,Model,Explorer,generated,openapi-typescript
stroom-core-shared/src/main/java/stroom/explorer/shared/TabSessionDeleteRequest.java,stroom-core-shared,shared,explorer,,java,Model,Explorer,generated,openapi-typescript
stroom-core-shared/src/main/java/stroom/explorer/shared/TabSessionResource.java,stroom-core-shared,shared,explorer,Resource,java,REST API,Explorer,generated,openapi-typescript
stroom-core-shared/src/main/java/stroom/explorer/shared/TagsPatternParser.java,stroom-core-shared,shared,explorer,,java,Model,Explorer,generated,openapi-typescript
stroom-core-shared/src/main/java/stroom/feed/shared/FeedDoc.java,stroom-core-shared,shared,feed,,java,Model,Feed,generated,openapi-typescript
stroom-core-shared/src/main/java/stroom/feed/shared/FeedResource.java,stroom-core-shared,shared,feed,Resource,java,REST API,Feed,generated,openapi-typescript
stroom-core-shared/src/main/java/stroom/gitrepo/shared/FetchLinkedGitRepoRequest.java,stroom-core-shared,shared,gitrepo,,java,Model,Git repository,generated,openapi-typescript
stroom-core-shared/src/main/java/stroom/gitrepo/shared/GitRepoDoc.java,stroom-core-shared,shared,gitrepo,,java,Model,Git repository,generated,openapi-typescript
stroom-core-shared/src/main/java/stroom/gitrepo/shared/GitRepoPushDto.java,stroom-core-shared,shared,gitrepo,Dto,java,Model,Git repository,generated,openapi-typescript
stroom-core-shared/src/main/java/stroom/gitrepo/shared/GitRepoResource.java,stroom-core-shared,shared,gitrepo,Resource,java,REST API,Git repository,generated,openapi-typescript
stroom-core-shared/src/main/java/stroom/gitrepo/shared/GitRepoResponse.java,stroom-core-shared,shared,gitrepo,,java,Model,Git repository,generated,openapi-typescript
stroom-core-shared/src/main/java/stroom/importexport/shared/Base64EncodedDocumentData.java,stroom-core-shared,shared,importexport,,java,Model,Import / Export,generated,openapi-typescript
stroom-core-shared/src/main/java/stroom/importexport/shared/ContentResource.java,stroom-core-shared,shared,importexport,Resource,java,REST API,Import / Export,generated,openapi-typescript
stroom-core-shared/src/main/java/stroom/importexport/shared/Dependency.java,stroom-core-shared,shared,importexport,,java,Model,Import / Export,generated,openapi-typescript
stroom-core-shared/src/main/java/stroom/importexport/shared/DependencyCriteria.java,stroom-core-shared,shared,importexport,Criteria,java,Model,Import / Export,generated,openapi-typescript
stroom-core-shared/src/main/java/stroom/importexport/shared/ExternalFile.java,stroom-core-shared,shared,importexport,,java,Model,Import / Export,generated,openapi-typescript
stroom-core-shared/src/main/java/stroom/importexport/shared/ImportConfigRequest.java,stroom-core-shared,shared,importexport,,java,Model,Import / Export,generated,openapi-typescript
stroom-core-shared/src/main/java/stroom/importexport/shared/ImportConfigResponse.java,stroom-core-shared,shared,importexport,,java,Model,Import / Export,generated,openapi-typescript
stroom-core-shared/src/main/java/stroom/importexport/shared/ImportSettings.java,stroom-core-shared,shared,importexport,Settings,java,Model,Import / Export,generated,openapi-typescript
stroom-core-shared/src/main/java/stroom/importexport/shared/ImportState.java,stroom-core-shared,shared,importexport,,java,Model,Import / Export,generated,openapi-typescript
stroom-core-shared/src/main/java/stroom/index/shared/AddField.java,stroom-core-shared,shared,index,Field,java,Model,Index,generated,openapi-typescript
stroom-core-shared/src/main/java/stroom/index/shared/AllPartition.java,stroom-core-shared,shared,index,,java,Model,Index,generated,openapi-typescript
stroom-core-shared/src/main/java/stroom/index/shared/DeleteField.java,stroom-core-shared,shared,index,Field,java,Model,Index,generated,openapi-typescript
stroom-core-shared/src/main/java/stroom/index/shared/FindIndexCriteria.java,stroom-core-shared,shared,index,Criteria,java,Model,Index,generated,openapi-typescript
stroom-core-shared/src/main/java/stroom/index/shared/FindIndexShardCriteria.java,stroom-core-shared,shared,index,Criteria,java,Model,Index,generated,openapi-typescript
stroom-core-shared/src/main/java/stroom/index/shared/IndexConstants.java,stroom-core-shared,shared,index,Constants,java,Utility,Index,todo,
stroom-core-shared/src/main/java/stroom/index/shared/IndexException.java,stroom-core-shared,shared,index,,java,Model,Index,generated,openapi-typescript
stroom-core-shared/src/main/java/stroom/index/shared/IndexFieldImpl.java,stroom-core-shared,shared,index,,java,Model,Index,generated,openapi-typescript
stroom-core-shared/src/main/java/stroom/index/shared/IndexResource.java,stroom-core-shared,shared,index,Resource,java,REST API,Index,generated,openapi-typescript
stroom-core-shared/src/main/java/stroom/index/shared/IndexShard.java,stroom-core-shared,shared,index,,java,Model,Index,generated,openapi-typescript
stroom-core-shared/src/main/java/stroom/index/shared/IndexShardFields.java,stroom-core-shared,shared,index,Fields,java,Model,Index,generated,openapi-typescript
stroom-core-shared/src/main/java/stroom/index/shared/IndexShardKey.java,stroom-core-shared,shared,index,,java,Model,Index,generated,openapi-typescript
stroom-core-shared/src/main/java/stroom/index/shared/IndexVolume.java,stroom-core-shared,shared,index,,java,Model,Index,generated,openapi-typescript
stroom-core-shared/src/main/java/stroom/index/shared/IndexVolumeFields.java,stroom-core-shared,shared,index,Fields,java,Model,Index,generated,openapi-typescript
stroom-core-shared/src/main/java/stroom/index/shared/IndexVolumeGroup.java,stroom-core-shared,shared,index,,java,Model,Index,generated,openapi-typescript
stroom-core-shared/src/main/java/stroom/index/shared/IndexVolumeGroupResource.java,stroom-core-shared,shared,index,Resource,java,REST API,Index,generated,openapi-typescript
stroom-core-shared/src/main/java/stroom/index/shared/IndexVolumeResource.java,stroom-core-shared,shared,index,Resource,java,REST API,Index,generated,openapi-typescript
stroom-core-shared/src/main/java/stroom/index/shared/LuceneFieldTypes.java,stroom-core-shared,shared,index,Types,java,Model,Index,generated,openapi-typescript
stroom-core-shared/src/main/java/stroom/index/shared/LuceneIndexDoc.java,stroom-core-shared,shared,index,,java,Model,Index,generated,openapi-typescript
stroom-core-shared/src/main/java/stroom/index/shared/LuceneIndexField.java,stroom-core-shared,shared,index,Field,java,Model,Index,generated,openapi-typescript
stroom-core-shared/src/main/java/stroom/index/shared/LuceneVersion.java,stroom-core-shared,shared,index,,java,Model,Index,generated,openapi-typescript
stroom-core-shared/src/main/java/stroom/index/shared/LuceneVersionUtil.java,stroom-core-shared,shared,index,Util,java,Utility,Index,todo,
stroom-core-shared/src/main/java/stroom/index/shared/OldIndexFieldType.java,stroom-core-shared,shared,index,Type,java,Model,Index,generated,openapi-typescript
stroom-core-shared/src/main/java/stroom/index/shared/Partition.java,stroom-core-shared,shared,index,,java,Model,Index,generated,openapi-typescript
stroom-core-shared/src/main/java/stroom/index/shared/TimePartition.java,stroom-core-shared,shared,index,,java,Model,Index,generated,openapi-typescript
stroom-core-shared/src/main/java/stroom/index/shared/UpdateField.java,stroom-core-shared,shared,index,Field,java,Model,Index,generated,openapi-typescript
stroom-core-shared/src/main/java/stroom/index/shared/ValidationResult.java,stroom-core-shared,shared,index,,java,Model,Index,generated,openapi-typescript
stroom-core-shared/src/main/java/stroom/job/shared/BatchScheduleRequest.java,stroom-core-shared,shared,job,,java,Model,Jobs / scheduler,generated,openapi-typescript
stroom-core-shared/src/main/java/stroom/job/shared/FindJobNodeCriteria.java,stroom-core-shared,shared,job,Criteria,java,Model,Jobs / scheduler,generated,openapi-typescript
stroom-core-shared/src/main/java/stroom/job/shared/GetScheduledTimesRequest.java,stroom-core-shared,shared,job,,java,Model,Jobs / scheduler,generated,openapi-typescript
stroom-core-shared/src/main/java/stroom/job/shared/Job.java,stroom-core-shared,shared,job,,java,Model,Jobs / scheduler,generated,openapi-typescript
stroom-core-shared/src/main/java/stroom/job/shared/JobNode.java,stroom-core-shared,shared,job,,java,Model,Jobs / scheduler,generated,openapi-typescript
stroom-core-shared/src/main/java/stroom/job/shared/JobNodeAndInfo.java,stroom-core-shared,shared,job,,java,Model,Jobs / scheduler,generated,openapi-typescript
stroom-core-shared/src/main/java/stroom/job/shared/JobNodeAndInfoListResponse.java,stroom-core-shared,shared,job,,java,Model,Jobs / scheduler,generated,openapi-typescript
stroom-core-shared/src/main/java/stroom/job/shared/JobNodeInfo.java,stroom-core-shared,shared,job,,java,Model,Jobs / scheduler,generated,openapi-typescript
stroom-core-shared/src/main/java/stroom/job/shared/JobNodeInfoListResponse.java,stroom-core-shared,shared,job,,java,Model,Jobs / scheduler,generated,openapi-typescript
stroom-core-shared/src/main/java/stroom/job/shared/JobNodeListResponse.java,stroom-core-shared,shared,job,,java,Model,Jobs / scheduler,generated,openapi-typescript
stroom-core-shared/src/main/java/stroom/job/shared/JobNodeResource.java,stroom-core-shared,shared,job,Resource,java,REST API,Jobs / scheduler,generated,openapi-typescript
stroom-core-shared/src/main/java/stroom/job/shared/JobNodeUtil.java,stroom-core-shared,shared,job,Util,java,Utility,Jobs / scheduler,todo,
stroom-core-shared/src/main/java/stroom/job/shared/JobResource.java,stroom-core-shared,shared,job,Resource,java,REST API,Jobs / scheduler,generated,openapi-typescript
stroom-core-shared/src/main/java/stroom/job/shared/ScheduleReferenceTime.java,stroom-core-shared,shared,job,,java,Model,Jobs / scheduler,generated,openapi-typescript
stroom-core-shared/src/main/java/stroom/job/shared/ScheduleRestriction.java,stroom-core-shared,shared,job,,java,Model,Jobs / scheduler,generated,openapi-typescript
stroom-core-shared/src/main/java/stroom/job/shared/ScheduledTimeResource.java,stroom-core-shared,shared,job,Resource,java,REST API,Jobs / scheduler,generated,openapi-typescript
stroom-core-shared/src/main/java/stroom/job/shared/ScheduledTimes.java,stroom-core-shared,shared,job,,java,Model,Jobs / scheduler,generated,openapi-typescript
stroom-core-shared/src/main/java/stroom/kafka/shared/KafkaConfigDoc.java,stroom-core-shared,shared,kafka,,java,Model,Kafka,generated,openapi-typescript
stroom-core-shared/src/main/java/stroom/kafka/shared/KafkaConfigResource.java,stroom-core-shared,shared,kafka,Resource,java,REST API,Kafka,generated,openapi-typescript
stroom-core-shared/src/main/java/stroom/meta/shared/DataFormatNames.java,stroom-core-shared,shared,meta,,java,Model,Meta / streams,generated,openapi-typescript
stroom-core-shared/src/main/java/stroom/meta/shared/DataRetentionFields.java,stroom-core-shared,shared,meta,Fields,java,Model,Meta / streams,generated,openapi-typescript
stroom-core-shared/src/main/java/stroom/meta/shared/FindMetaCriteria.java,stroom-core-shared,shared,meta,Criteria,java,Model,Meta / streams,generated,openapi-typescript
stroom-core-shared/src/main/java/stroom/meta/shared/Meta.java,stroom-core-shared,shared,meta,,java,Model,Meta / streams,generated,openapi-typescript
stroom-core-shared/src/main/java/stroom/meta/shared/MetaAttributeMapUtil.java,stroom-core-shared,shared,meta,Util,java,Utility,Meta / streams,todo,
stroom-core-shared/src/main/java/stroom/meta/shared/MetaExpressionUtil.java,stroom-core-shared,shared,meta,Util,java,Utility,Meta / streams,todo,
stroom-core-shared/src/main/java/stroom/meta/shared/MetaFields.java,stroom-core-shared,shared,meta,Fields,java,Model,Meta / streams,generated,openapi-typescript
stroom-core-shared/src/main/java/stroom/meta/shared/MetaResource.java,stroom-core-shared,shared,meta,Resource,java,REST API,Meta / streams,generated,openapi-typescript
stroom-core-shared/src/main/java/stroom/meta/shared/MetaRow.java,stroom-core-shared,shared,meta,,java,Model,Meta / streams,generated,openapi-typescript
stroom-core-shared/src/main/java/stroom/meta/shared/SelectionSummary.java,stroom-core-shared,shared,meta,,java,Model,Meta / streams,generated,openapi-typescript
stroom-core-shared/src/main/java/stroom/meta/shared/SelectionSummaryRequest.java,stroom-core-shared,shared,meta,,java,Model,Meta / streams,generated,openapi-typescript
stroom-core-shared/src/main/java/stroom/meta/shared/SimpleMeta.java,stroom-core-shared,shared,meta,,java,Model,Meta / streams,generated,openapi-typescript
stroom-core-shared/src/main/java/stroom/meta/shared/SimpleMetaImpl.java,stroom-core-shared,shared,meta,,java,Model,Meta / streams,generated,openapi-typescript
stroom-core-shared/src/main/java/stroom/meta/shared/Status.java,stroom-core-shared,shared,meta,,java,Model,Meta / streams,generated,openapi-typescript
stroom-core-shared/src/main/java/stroom/meta/shared/UpdateStatusRequest.java,stroom-core-shared,shared,meta,,java,Model,Meta / streams,generated,openapi-typescript
stroom-core-shared/src/main/java/stroom/node/shared/ClusterNodeInfo.java,stroom-core-shared,shared,node,,java,Model,Node / cluster,generated,openapi-typescript
stroom-core-shared/src/main/java/stroom/node/shared/DBTableStatus.java,stroom-core-shared,shared,node,,java,Model,Node / cluster,generated,openapi-typescript
stroom-core-shared/src/main/java/stroom/node/shared/DbStatusResource.java,stroom-core-shared,shared,node,Resource,java,REST API,Node / cluster,generated,openapi-typescript
stroom-core-shared/src/main/java/stroom/node/shared/FetchNodeStatusResponse.java,stroom-core-shared,shared,node,,java,Model,Node / cluster,generated,openapi-typescript
stroom-core-shared/src/main/java/stroom/node/shared/FindDBTableCriteria.java,stroom-core-shared,shared,node,Criteria,java,Model,Node / cluster,generated,openapi-typescript
stroom-core-shared/src/main/java/stroom/node/shared/FindNodeCriteria.java,stroom-core-shared,shared,node,Criteria,java,Model,Node / cluster,generated,openapi-typescript
stroom-core-shared/src/main/java/stroom/node/shared/FindNodeGroupRequest.java,stroom-core-shared,shared,node,,java,Model,Node / cluster,generated,openapi-typescript
stroom-core-shared/src/main/java/stroom/node/shared/FindNodeStatusCriteria.java,stroom-core-shared,shared,node,Criteria,java,Model,Node / cluster,generated,openapi-typescript
stroom-core-shared/src/main/java/stroom/node/shared/Node.java,stroom-core-shared,shared,node,,java,Model,Node / cluster,generated,openapi-typescript
stroom-core-shared/src/main/java/stroom/node/shared/NodeGroup.java,stroom-core-shared,shared,node,,java,Model,Node / cluster,generated,openapi-typescript
stroom-core-shared/src/main/java/stroom/node/shared/NodeGroupChange.java,stroom-core-shared,shared,node,,java,Model,Node / cluster,generated,openapi-typescript
stroom-core-shared/src/main/java/stroom/node/shared/NodeGroupResource.java,stroom-core-shared,shared,node,Resource,java,REST API,Node / cluster,generated,openapi-typescript
stroom-core-shared/src/main/java/stroom/node/shared/NodeGroupState.java,stroom-core-shared,shared,node,,java,Model,Node / cluster,generated,openapi-typescript
stroom-core-shared/src/main/java/stroom/node/shared/NodeInclusionBehaviour.java,stroom-core-shared,shared,node,,java,Model,Node / cluster,generated,openapi-typescript
stroom-core-shared/src/main/java/stroom/node/shared/NodeResource.java,stroom-core-shared,shared,node,Resource,java,REST API,Node / cluster,generated,openapi-typescript
stroom-core-shared/src/main/java/stroom/node/shared/NodeSetJobsEnabledRequest.java,stroom-core-shared,shared,node,,java,Model,Node / cluster,generated,openapi-typescript
stroom-core-shared/src/main/java/stroom/node/shared/NodeSetJobsEnabledResponse.java,stroom-core-shared,shared,node,,java,Model,Node / cluster,generated,openapi-typescript
stroom-core-shared/src/main/java/stroom/node/shared/NodeStatusResult.java,stroom-core-shared,shared,node,,java,Model,Node / cluster,generated,openapi-typescript
stroom-core-shared/src/main/java/stroom/openai/shared/OpenAIModelDoc.java,stroom-core-shared,shared,openai,,java,Model,AI (OpenAI),generated,openapi-typescript
stroom-core-shared/src/main/java/stroom/openai/shared/OpenAIModelResource.java,stroom-core-shared,shared,openai,Resource,java,REST API,AI (OpenAI),generated,openapi-typescript
stroom-core-shared/src/main/java/stroom/openai/shared/OpenAIModelTestResponse.java,stroom-core-shared,shared,openai,,java,Model,AI (OpenAI),generated,openapi-typescript
stroom-core-shared/src/main/java/stroom/pathways/shared/AddPathway.java,stroom-core-shared,shared,pathways,,java,Model,Pathways,generated,openapi-typescript
stroom-core-shared/src/main/java/stroom/pathways/shared/DeletePathway.java,stroom-core-shared,shared,pathways,,java,Model,Pathways,generated,openapi-typescript
stroom-core-shared/src/main/java/stroom/pathways/shared/FindPathwayCriteria.java,stroom-core-shared,shared,pathways,Criteria,java,Model,Pathways,generated,openapi-typescript
stroom-core-shared/src/main/java/stroom/pathways/shared/FindTraceCriteria.java,stroom-core-shared,shared,pathways,Criteria,java,Model,Pathways,generated,openapi-typescript
stroom-core-shared/src/main/java/stroom/pathways/shared/FindTracesWithHistogramCriteria.java,stroom-core-shared,shared,pathways,Criteria,java,Model,Pathways,generated,openapi-typescript
stroom-core-shared/src/main/java/stroom/pathways/shared/GetSpansRequest.java,stroom-core-shared,shared,pathways,,java,Model,Pathways,generated,openapi-typescript
stroom-core-shared/src/main/java/stroom/pathways/shared/GetTraceOverviewRequest.java,stroom-core-shared,shared,pathways,,java,Model,Pathways,generated,openapi-typescript
stroom-core-shared/src/main/java/stroom/pathways/shared/GetTraceRequest.java,stroom-core-shared,shared,pathways,,java,Model,Pathways,generated,openapi-typescript
stroom-core-shared/src/main/java/stroom/pathways/shared/PathwayResultPage.java,stroom-core-shared,shared,pathways,,java,Model,Pathways,generated,openapi-typescript
stroom-core-shared/src/main/java/stroom/pathways/shared/PathwaysDoc.java,stroom-core-shared,shared,pathways,,java,Model,Pathways,generated,openapi-typescript
stroom-core-shared/src/main/java/stroom/pathways/shared/PathwaysResource.java,stroom-core-shared,shared,pathways,Resource,java,REST API,Pathways,generated,openapi-typescript
stroom-core-shared/src/main/java/stroom/pathways/shared/TraceHistogram.java,stroom-core-shared,shared,pathways,,java,Model,Pathways,generated,openapi-typescript
stroom-core-shared/src/main/java/stroom/pathways/shared/TraceOverview.java,stroom-core-shared,shared,pathways,,java,Model,Pathways,generated,openapi-typescript
stroom-core-shared/src/main/java/stroom/pathways/shared/TracePersistence.java,stroom-core-shared,shared,pathways,,java,Model,Pathways,generated,openapi-typescript
stroom-core-shared/src/main/java/stroom/pathways/shared/TraceSpanPage.java,stroom-core-shared,shared,pathways,,java,Model,Pathways,generated,openapi-typescript
stroom-core-shared/src/main/java/stroom/pathways/shared/TraceSpanRow.java,stroom-core-shared,shared,pathways,,java,Model,Pathways,generated,openapi-typescript
stroom-core-shared/src/main/java/stroom/pathways/shared/TraceWriter.java,stroom-core-shared,shared,pathways,,java,Model,Pathways,generated,openapi-typescript
stroom-core-shared/src/main/java/stroom/pathways/shared/TracesDoc.java,stroom-core-shared,shared,pathways,,java,Model,Pathways,generated,openapi-typescript
stroom-core-shared/src/main/java/stroom/pathways/shared/TracesDocResource.java,stroom-core-shared,shared,pathways,Resource,java,REST API,Pathways,generated,openapi-typescript
stroom-core-shared/src/main/java/stroom/pathways/shared/TracesResource.java,stroom-core-shared,shared,pathways,Resource,java,REST API,Pathways,generated,openapi-typescript
stroom-core-shared/src/main/java/stroom/pathways/shared/TracesResultPage.java,stroom-core-shared,shared,pathways,,java,Model,Pathways,generated,openapi-typescript
stroom-core-shared/src/main/java/stroom/pathways/shared/TracesStore.java,stroom-core-shared,shared,pathways,,java,Model,Pathways,generated,openapi-typescript
stroom-core-shared/src/main/java/stroom/pathways/shared/UpdatePathway.java,stroom-core-shared,shared,pathways,,java,Model,Pathways,generated,openapi-typescript
stroom-core-shared/src/main/java/stroom/pathways/shared/otel/trace/AnyValue.java,stroom-core-shared,shared,pathways,,java,Model,Pathways,generated,openapi-typescript
stroom-core-shared/src/main/java/stroom/pathways/shared/otel/trace/ArrayValue.java,stroom-core-shared,shared,pathways,,java,Model,Pathways,generated,openapi-typescript
stroom-core-shared/src/main/java/stroom/pathways/shared/otel/trace/ExportTraceServiceRequest.java,stroom-core-shared,shared,pathways,,java,Model,Pathways,generated,openapi-typescript
stroom-core-shared/src/main/java/stroom/pathways/shared/otel/trace/InstrumentationScope.java,stroom-core-shared,shared,pathways,,java,Model,Pathways,generated,openapi-typescript
stroom-core-shared/src/main/java/stroom/pathways/shared/otel/trace/KeyValue.java,stroom-core-shared,shared,pathways,,java,Model,Pathways,generated,openapi-typescript
stroom-core-shared/src/main/java/stroom/pathways/shared/otel/trace/KeyValueList.java,stroom-core-shared,shared,pathways,,java,Model,Pathways,generated,openapi-typescript
stroom-core-shared/src/main/java/stroom/pathways/shared/otel/trace/NanoDuration.java,stroom-core-shared,shared,pathways,,java,Model,Pathways,generated,openapi-typescript
stroom-core-shared/src/main/java/stroom/pathways/shared/otel/trace/NanoTime.java,stroom-core-shared,shared,pathways,,java,Model,Pathways,generated,openapi-typescript
stroom-core-shared/src/main/java/stroom/pathways/shared/otel/trace/Resource.java,stroom-core-shared,shared,pathways,Resource,java,REST API,Pathways,generated,openapi-typescript
stroom-core-shared/src/main/java/stroom/pathways/shared/otel/trace/ResourceSpans.java,stroom-core-shared,shared,pathways,,java,Model,Pathways,generated,openapi-typescript
stroom-core-shared/src/main/java/stroom/pathways/shared/otel/trace/ScopeSpans.java,stroom-core-shared,shared,pathways,,java,Model,Pathways,generated,openapi-typescript
stroom-core-shared/src/main/java/stroom/pathways/shared/otel/trace/Span.java,stroom-core-shared,shared,pathways,,java,Model,Pathways,generated,openapi-typescript
stroom-core-shared/src/main/java/stroom/pathways/shared/otel/trace/SpanEvent.java,stroom-core-shared,shared,pathways,Event,java,Screen/Dialog,Pathways,todo,
stroom-core-shared/src/main/java/stroom/pathways/shared/otel/trace/SpanKind.java,stroom-core-shared,shared,pathways,,java,Model,Pathways,generated,openapi-typescript
stroom-core-shared/src/main/java/stroom/pathways/shared/otel/trace/SpanLink.java,stroom-core-shared,shared,pathways,,java,Model,Pathways,generated,openapi-typescript
stroom-core-shared/src/main/java/stroom/pathways/shared/otel/trace/SpanStatus.java,stroom-core-shared,shared,pathways,,java,Model,Pathways,generated,openapi-typescript
stroom-core-shared/src/main/java/stroom/pathways/shared/otel/trace/StatusCode.java,stroom-core-shared,shared,pathways,,java,Model,Pathways,generated,openapi-typescript
stroom-core-shared/src/main/java/stroom/pathways/shared/otel/trace/Trace.java,stroom-core-shared,shared,pathways,,java,Model,Pathways,generated,openapi-typescript
stroom-core-shared/src/main/java/stroom/pathways/shared/otel/trace/TraceRoot.java,stroom-core-shared,shared,pathways,,java,Model,Pathways,generated,openapi-typescript
stroom-core-shared/src/main/java/stroom/pathways/shared/otel/trace/ValueType.java,stroom-core-shared,shared,pathways,Type,java,Model,Pathways,generated,openapi-typescript
stroom-core-shared/src/main/java/stroom/pathways/shared/pathway/AbstractRange.java,stroom-core-shared,shared,pathways,,java,Model,Pathways,generated,openapi-typescript
stroom-core-shared/src/main/java/stroom/pathways/shared/pathway/AbstractSet.java,stroom-core-shared,shared,pathways,,java,Model,Pathways,generated,openapi-typescript
stroom-core-shared/src/main/java/stroom/pathways/shared/pathway/AbstractValue.java,stroom-core-shared,shared,pathways,,java,Model,Pathways,generated,openapi-typescript
stroom-core-shared/src/main/java/stroom/pathways/shared/pathway/AnyBoolean.java,stroom-core-shared,shared,pathways,,java,Model,Pathways,generated,openapi-typescript
stroom-core-shared/src/main/java/stroom/pathways/shared/pathway/AnyTypeValue.java,stroom-core-shared,shared,pathways,,java,Model,Pathways,generated,openapi-typescript
stroom-core-shared/src/main/java/stroom/pathways/shared/pathway/BooleanValue.java,stroom-core-shared,shared,pathways,,java,Model,Pathways,generated,openapi-typescript
stroom-core-shared/src/main/java/stroom/pathways/shared/pathway/Constraint.java,stroom-core-shared,shared,pathways,,java,Model,Pathways,generated,openapi-typescript
stroom-core-shared/src/main/java/stroom/pathways/shared/pathway/ConstraintValue.java,stroom-core-shared,shared,pathways,,java,Model,Pathways,generated,openapi-typescript
stroom-core-shared/src/main/java/stroom/pathways/shared/pathway/ConstraintValueType.java,stroom-core-shared,shared,pathways,Type,java,Model,Pathways,generated,openapi-typescript
stroom-core-shared/src/main/java/stroom/pathways/shared/pathway/DoubleRange.java,stroom-core-shared,shared,pathways,,java,Model,Pathways,generated,openapi-typescript
stroom-core-shared/src/main/java/stroom/pathways/shared/pathway/DoubleSet.java,stroom-core-shared,shared,pathways,,java,Model,Pathways,generated,openapi-typescript
stroom-core-shared/src/main/java/stroom/pathways/shared/pathway/DoubleValue.java,stroom-core-shared,shared,pathways,,java,Model,Pathways,generated,openapi-typescript
stroom-core-shared/src/main/java/stroom/pathways/shared/pathway/IntegerRange.java,stroom-core-shared,shared,pathways,,java,Model,Pathways,generated,openapi-typescript
stroom-core-shared/src/main/java/stroom/pathways/shared/pathway/IntegerSet.java,stroom-core-shared,shared,pathways,,java,Model,Pathways,generated,openapi-typescript
stroom-core-shared/src/main/java/stroom/pathways/shared/pathway/IntegerValue.java,stroom-core-shared,shared,pathways,,java,Model,Pathways,generated,openapi-typescript
stroom-core-shared/src/main/java/stroom/pathways/shared/pathway/LongRange.java,stroom-core-shared,shared,pathways,,java,Model,Pathways,generated,openapi-typescript
stroom-core-shared/src/main/java/stroom/pathways/shared/pathway/LongSet.java,stroom-core-shared,shared,pathways,,java,Model,Pathways,generated,openapi-typescript
stroom-core-shared/src/main/java/stroom/pathways/shared/pathway/LongValue.java,stroom-core-shared,shared,pathways,,java,Model,Pathways,generated,openapi-typescript
stroom-core-shared/src/main/java/stroom/pathways/shared/pathway/NamePathKey.java,stroom-core-shared,shared,pathways,,java,Model,Pathways,generated,openapi-typescript
stroom-core-shared/src/main/java/stroom/pathways/shared/pathway/NamesPathKey.java,stroom-core-shared,shared,pathways,,java,Model,Pathways,generated,openapi-typescript
stroom-core-shared/src/main/java/stroom/pathways/shared/pathway/NanoTimeRange.java,stroom-core-shared,shared,pathways,,java,Model,Pathways,generated,openapi-typescript
stroom-core-shared/src/main/java/stroom/pathways/shared/pathway/NanoTimeValue.java,stroom-core-shared,shared,pathways,,java,Model,Pathways,generated,openapi-typescript
stroom-core-shared/src/main/java/stroom/pathways/shared/pathway/PathKey.java,stroom-core-shared,shared,pathways,,java,Model,Pathways,generated,openapi-typescript
stroom-core-shared/src/main/java/stroom/pathways/shared/pathway/PathNode.java,stroom-core-shared,shared,pathways,,java,Model,Pathways,generated,openapi-typescript
stroom-core-shared/src/main/java/stroom/pathways/shared/pathway/PathNodeSequence.java,stroom-core-shared,shared,pathways,,java,Model,Pathways,generated,openapi-typescript
stroom-core-shared/src/main/java/stroom/pathways/shared/pathway/Pathway.java,stroom-core-shared,shared,pathways,,java,Model,Pathways,generated,openapi-typescript
stroom-core-shared/src/main/java/stroom/pathways/shared/pathway/Regex.java,stroom-core-shared,shared,pathways,,java,Model,Pathways,generated,openapi-typescript
stroom-core-shared/src/main/java/stroom/pathways/shared/pathway/StringSet.java,stroom-core-shared,shared,pathways,,java,Model,Pathways,generated,openapi-typescript
stroom-core-shared/src/main/java/stroom/pathways/shared/pathway/StringValue.java,stroom-core-shared,shared,pathways,,java,Model,Pathways,generated,openapi-typescript
stroom-core-shared/src/main/java/stroom/pathways/shared/pathway/TerminalPathKey.java,stroom-core-shared,shared,pathways,,java,Model,Pathways,generated,openapi-typescript
stroom-core-shared/src/main/java/stroom/pipeline/shared/AbstractFetchDataResult.java,stroom-core-shared,shared,pipeline,,java,Model,Pipeline,generated,openapi-typescript
stroom-core-shared/src/main/java/stroom/pipeline/shared/FetchDataRequest.java,stroom-core-shared,shared,pipeline,,java,Model,Pipeline,generated,openapi-typescript
stroom-core-shared/src/main/java/stroom/pipeline/shared/FetchDataResult.java,stroom-core-shared,shared,pipeline,,java,Model,Pipeline,generated,openapi-typescript
stroom-core-shared/src/main/java/stroom/pipeline/shared/FetchMarkerResult.java,stroom-core-shared,shared,pipeline,,java,Model,Pipeline,generated,openapi-typescript
stroom-core-shared/src/main/java/stroom/pipeline/shared/FetchPipelineJsonResponse.java,stroom-core-shared,shared,pipeline,,java,Model,Pipeline,generated,openapi-typescript
stroom-core-shared/src/main/java/stroom/pipeline/shared/FetchPropertyTypesResult.java,stroom-core-shared,shared,pipeline,,java,Model,Pipeline,generated,openapi-typescript
stroom-core-shared/src/main/java/stroom/pipeline/shared/PipelineDataMerger.java,stroom-core-shared,shared,pipeline,,java,Model,Pipeline,generated,openapi-typescript
stroom-core-shared/src/main/java/stroom/pipeline/shared/PipelineDoc.java,stroom-core-shared,shared,pipeline,,java,Model,Pipeline,generated,openapi-typescript
stroom-core-shared/src/main/java/stroom/pipeline/shared/PipelineModelException.java,stroom-core-shared,shared,pipeline,,java,Model,Pipeline,generated,openapi-typescript
stroom-core-shared/src/main/java/stroom/pipeline/shared/PipelineResource.java,stroom-core-shared,shared,pipeline,Resource,java,REST API,Pipeline,generated,openapi-typescript
stroom-core-shared/src/main/java/stroom/pipeline/shared/Rec.java,stroom-core-shared,shared,pipeline,,java,Model,Pipeline,generated,openapi-typescript
stroom-core-shared/src/main/java/stroom/pipeline/shared/ReferenceDataFields.java,stroom-core-shared,shared,pipeline,Fields,java,Model,Pipeline,generated,openapi-typescript
stroom-core-shared/src/main/java/stroom/pipeline/shared/SavePipelineJsonRequest.java,stroom-core-shared,shared,pipeline,,java,Model,Pipeline,generated,openapi-typescript
stroom-core-shared/src/main/java/stroom/pipeline/shared/SharedElementData.java,stroom-core-shared,shared,pipeline,,java,Model,Pipeline,generated,openapi-typescript
stroom-core-shared/src/main/java/stroom/pipeline/shared/SourceLocation.java,stroom-core-shared,shared,pipeline,,java,Model,Pipeline,generated,openapi-typescript
stroom-core-shared/src/main/java/stroom/pipeline/shared/TextConverterDoc.java,stroom-core-shared,shared,pipeline,,java,Model,Pipeline,generated,openapi-typescript
stroom-core-shared/src/main/java/stroom/pipeline/shared/TextConverterResource.java,stroom-core-shared,shared,pipeline,Resource,java,REST API,Pipeline,generated,openapi-typescript
stroom-core-shared/src/main/java/stroom/pipeline/shared/XPathFilter.java,stroom-core-shared,shared,pipeline,,java,Model,Pipeline,generated,openapi-typescript
stroom-core-shared/src/main/java/stroom/pipeline/shared/XsltDoc.java,stroom-core-shared,shared,pipeline,,java,Model,Pipeline,generated,openapi-typescript
stroom-core-shared/src/main/java/stroom/pipeline/shared/XsltResource.java,stroom-core-shared,shared,pipeline,Resource,java,REST API,Pipeline,generated,openapi-typescript
stroom-core-shared/src/main/java/stroom/pipeline/shared/data/AbstractAddRemove.java,stroom-core-shared,shared,pipeline,,java,Model,Pipeline,generated,openapi-typescript
stroom-core-shared/src/main/java/stroom/pipeline/shared/data/AbstractAddRemoveListBuilder.java,stroom-core-shared,shared,pipeline,Builder,java,Model,Pipeline,generated,openapi-typescript
stroom-core-shared/src/main/java/stroom/pipeline/shared/data/PipelineData.java,stroom-core-shared,shared,pipeline,,java,Model,Pipeline,generated,openapi-typescript
stroom-core-shared/src/main/java/stroom/pipeline/shared/data/PipelineDataBuilder.java,stroom-core-shared,shared,pipeline,Builder,java,Model,Pipeline,generated,openapi-typescript
stroom-core-shared/src/main/java/stroom/pipeline/shared/data/PipelineDataUtil.java,stroom-core-shared,shared,pipeline,Util,java,Utility,Pipeline,todo,
stroom-core-shared/src/main/java/stroom/pipeline/shared/data/PipelineElement.java,stroom-core-shared,shared,pipeline,,java,Model,Pipeline,generated,openapi-typescript
stroom-core-shared/src/main/java/stroom/pipeline/shared/data/PipelineElementIcon.java,stroom-core-shared,shared,pipeline,,java,Model,Pipeline,generated,openapi-typescript
stroom-core-shared/src/main/java/stroom/pipeline/shared/data/PipelineElementType.java,stroom-core-shared,shared,pipeline,Type,java,Model,Pipeline,generated,openapi-typescript
stroom-core-shared/src/main/java/stroom/pipeline/shared/data/PipelineElements.java,stroom-core-shared,shared,pipeline,,java,Model,Pipeline,generated,openapi-typescript
stroom-core-shared/src/main/java/stroom/pipeline/shared/data/PipelineLayer.java,stroom-core-shared,shared,pipeline,,java,Model,Pipeline,generated,openapi-typescript
stroom-core-shared/src/main/java/stroom/pipeline/shared/data/PipelineLink.java,stroom-core-shared,shared,pipeline,,java,Model,Pipeline,generated,openapi-typescript
stroom-core-shared/src/main/java/stroom/pipeline/shared/data/PipelineLinks.java,stroom-core-shared,shared,pipeline,,java,Model,Pipeline,generated,openapi-typescript
stroom-core-shared/src/main/java/stroom/pipeline/shared/data/PipelineProperties.java,stroom-core-shared,shared,pipeline,,java,Model,Pipeline,generated,openapi-typescript
stroom-core-shared/src/main/java/stroom/pipeline/shared/data/PipelineProperty.java,stroom-core-shared,shared,pipeline,,java,Model,Pipeline,generated,openapi-typescript
stroom-core-shared/src/main/java/stroom/pipeline/shared/data/PipelinePropertyType.java,stroom-core-shared,shared,pipeline,Type,java,Model,Pipeline,generated,openapi-typescript
stroom-core-shared/src/main/java/stroom/pipeline/shared/data/PipelinePropertyValue.java,stroom-core-shared,shared,pipeline,,java,Model,Pipeline,generated,openapi-typescript
stroom-core-shared/src/main/java/stroom/pipeline/shared/data/PipelineReference.java,stroom-core-shared,shared,pipeline,,java,Model,Pipeline,generated,openapi-typescript
stroom-core-shared/src/main/java/stroom/pipeline/shared/data/PipelineReferences.java,stroom-core-shared,shared,pipeline,,java,Model,Pipeline,generated,openapi-typescript
stroom-core-shared/src/main/java/stroom/pipeline/shared/stepping/FindElementDocRequest.java,stroom-core-shared,shared,pipeline,,java,Model,Pipeline,generated,openapi-typescript
stroom-core-shared/src/main/java/stroom/pipeline/shared/stepping/GetPipelineForMetaRequest.java,stroom-core-shared,shared,pipeline,,java,Model,Pipeline,generated,openapi-typescript
stroom-core-shared/src/main/java/stroom/pipeline/shared/stepping/PipelineStepRequest.java,stroom-core-shared,shared,pipeline,,java,Model,Pipeline,generated,openapi-typescript
stroom-core-shared/src/main/java/stroom/pipeline/shared/stepping/SharedStepData.java,stroom-core-shared,shared,pipeline,,java,Model,Pipeline,generated,openapi-typescript
stroom-core-shared/src/main/java/stroom/pipeline/shared/stepping/StepLocation.java,stroom-core-shared,shared,pipeline,,java,Model,Pipeline,generated,openapi-typescript
stroom-core-shared/src/main/java/stroom/pipeline/shared/stepping/StepType.java,stroom-core-shared,shared,pipeline,Type,java,Model,Pipeline,generated,openapi-typescript
stroom-core-shared/src/main/java/stroom/pipeline/shared/stepping/SteppingFilterSettings.java,stroom-core-shared,shared,pipeline,Settings,java,Model,Pipeline,generated,openapi-typescript
stroom-core-shared/src/main/java/stroom/pipeline/shared/stepping/SteppingResource.java,stroom-core-shared,shared,pipeline,Resource,java,REST API,Pipeline,generated,openapi-typescript
stroom-core-shared/src/main/java/stroom/pipeline/shared/stepping/SteppingResult.java,stroom-core-shared,shared,pipeline,,java,Model,Pipeline,generated,openapi-typescript
stroom-core-shared/src/main/java/stroom/planb/shared/AbstractHttpStoreSettings.java,stroom-core-shared,shared,planb,Settings,java,Model,State (Plan B),generated,openapi-typescript
stroom-core-shared/src/main/java/stroom/planb/shared/AbstractPlanBDoc.java,stroom-core-shared,shared,planb,,java,Model,State (Plan B),generated,openapi-typescript
stroom-core-shared/src/main/java/stroom/planb/shared/AbstractPlanBSettings.java,stroom-core-shared,shared,planb,Settings,java,Model,State (Plan B),generated,openapi-typescript
stroom-core-shared/src/main/java/stroom/planb/shared/BucketGranularity.java,stroom-core-shared,shared,planb,,java,Model,State (Plan B),generated,openapi-typescript
stroom-core-shared/src/main/java/stroom/planb/shared/DurationSetting.java,stroom-core-shared,shared,planb,,java,Model,State (Plan B),generated,openapi-typescript
stroom-core-shared/src/main/java/stroom/planb/shared/HasCondenseSettings.java,stroom-core-shared,shared,planb,Settings,java,Model,State (Plan B),generated,openapi-typescript
stroom-core-shared/src/main/java/stroom/planb/shared/HasHoldingAreaSettings.java,stroom-core-shared,shared,planb,Settings,java,Model,State (Plan B),generated,openapi-typescript
stroom-core-shared/src/main/java/stroom/planb/shared/HasSharedFileStore.java,stroom-core-shared,shared,planb,,java,Model,State (Plan B),generated,openapi-typescript
stroom-core-shared/src/main/java/stroom/planb/shared/HashLength.java,stroom-core-shared,shared,planb,,java,Model,State (Plan B),generated,openapi-typescript
stroom-core-shared/src/main/java/stroom/planb/shared/HistogramKeySchema.java,stroom-core-shared,shared,planb,,java,Model,State (Plan B),generated,openapi-typescript
stroom-core-shared/src/main/java/stroom/planb/shared/HistogramSettings.java,stroom-core-shared,shared,planb,Settings,java,Model,State (Plan B),generated,openapi-typescript
stroom-core-shared/src/main/java/stroom/planb/shared/HistogramValueSchema.java,stroom-core-shared,shared,planb,,java,Model,State (Plan B),generated,openapi-typescript
stroom-core-shared/src/main/java/stroom/planb/shared/HoldingAreaSettings.java,stroom-core-shared,shared,planb,Settings,java,Model,State (Plan B),generated,openapi-typescript
stroom-core-shared/src/main/java/stroom/planb/shared/KeyType.java,stroom-core-shared,shared,planb,Type,java,Model,State (Plan B),generated,openapi-typescript
stroom-core-shared/src/main/java/stroom/planb/shared/MaxValueSize.java,stroom-core-shared,shared,planb,,java,Model,State (Plan B),generated,openapi-typescript
stroom-core-shared/src/main/java/stroom/planb/shared/MetricKeySchema.java,stroom-core-shared,shared,planb,,java,Model,State (Plan B),generated,openapi-typescript
stroom-core-shared/src/main/java/stroom/planb/shared/MetricSettings.java,stroom-core-shared,shared,planb,Settings,java,Model,State (Plan B),generated,openapi-typescript
stroom-core-shared/src/main/java/stroom/planb/shared/MetricValueSchema.java,stroom-core-shared,shared,planb,,java,Model,State (Plan B),generated,openapi-typescript
stroom-core-shared/src/main/java/stroom/planb/shared/PlanBDoc.java,stroom-core-shared,shared,planb,,java,Model,State (Plan B),generated,openapi-typescript
stroom-core-shared/src/main/java/stroom/planb/shared/PlanBDocResource.java,stroom-core-shared,shared,planb,Resource,java,REST API,State (Plan B),generated,openapi-typescript
stroom-core-shared/src/main/java/stroom/planb/shared/PlanBDocument.java,stroom-core-shared,shared,planb,,java,Model,State (Plan B),generated,openapi-typescript
stroom-core-shared/src/main/java/stroom/planb/shared/RangeKeySchema.java,stroom-core-shared,shared,planb,,java,Model,State (Plan B),generated,openapi-typescript
stroom-core-shared/src/main/java/stroom/planb/shared/RangeStateSettings.java,stroom-core-shared,shared,planb,Settings,java,Model,State (Plan B),generated,openapi-typescript
stroom-core-shared/src/main/java/stroom/planb/shared/RangeType.java,stroom-core-shared,shared,planb,Type,java,Model,State (Plan B),generated,openapi-typescript
stroom-core-shared/src/main/java/stroom/planb/shared/RetentionSettings.java,stroom-core-shared,shared,planb,Settings,java,Model,State (Plan B),generated,openapi-typescript
stroom-core-shared/src/main/java/stroom/planb/shared/SessionKeySchema.java,stroom-core-shared,shared,planb,,java,Model,State (Plan B),generated,openapi-typescript
stroom-core-shared/src/main/java/stroom/planb/shared/SessionSettings.java,stroom-core-shared,shared,planb,Settings,java,Model,State (Plan B),generated,openapi-typescript
stroom-core-shared/src/main/java/stroom/planb/shared/SharedFileStoreSettings.java,stroom-core-shared,shared,planb,Settings,java,Model,State (Plan B),generated,openapi-typescript
stroom-core-shared/src/main/java/stroom/planb/shared/SnapshotSettings.java,stroom-core-shared,shared,planb,Settings,java,Model,State (Plan B),generated,openapi-typescript
stroom-core-shared/src/main/java/stroom/planb/shared/StateKeySchema.java,stroom-core-shared,shared,planb,,java,Model,State (Plan B),generated,openapi-typescript
stroom-core-shared/src/main/java/stroom/planb/shared/StateSettings.java,stroom-core-shared,shared,planb,Settings,java,Model,State (Plan B),generated,openapi-typescript
stroom-core-shared/src/main/java/stroom/planb/shared/StateType.java,stroom-core-shared,shared,planb,Type,java,Model,State (Plan B),generated,openapi-typescript
stroom-core-shared/src/main/java/stroom/planb/shared/StateValueSchema.java,stroom-core-shared,shared,planb,,java,Model,State (Plan B),generated,openapi-typescript
stroom-core-shared/src/main/java/stroom/planb/shared/StateValueType.java,stroom-core-shared,shared,planb,Type,java,Model,State (Plan B),generated,openapi-typescript
stroom-core-shared/src/main/java/stroom/planb/shared/TemporalPrecision.java,stroom-core-shared,shared,planb,,java,Model,State (Plan B),generated,openapi-typescript
stroom-core-shared/src/main/java/stroom/planb/shared/TemporalRangeKeySchema.java,stroom-core-shared,shared,planb,,java,Model,State (Plan B),generated,openapi-typescript
stroom-core-shared/src/main/java/stroom/planb/shared/TemporalRangeStateSettings.java,stroom-core-shared,shared,planb,Settings,java,Model,State (Plan B),generated,openapi-typescript
stroom-core-shared/src/main/java/stroom/planb/shared/TemporalResolution.java,stroom-core-shared,shared,planb,,java,Model,State (Plan B),generated,openapi-typescript
stroom-core-shared/src/main/java/stroom/planb/shared/TemporalStateKeySchema.java,stroom-core-shared,shared,planb,,java,Model,State (Plan B),generated,openapi-typescript
stroom-core-shared/src/main/java/stroom/planb/shared/TemporalStateSettings.java,stroom-core-shared,shared,planb,Settings,java,Model,State (Plan B),generated,openapi-typescript
stroom-core-shared/src/main/java/stroom/planb/shared/TraceKeySchema.java,stroom-core-shared,shared,planb,,java,Model,State (Plan B),generated,openapi-typescript
stroom-core-shared/src/main/java/stroom/planb/shared/TraceSettings.java,stroom-core-shared,shared,planb,Settings,java,Model,State (Plan B),generated,openapi-typescript
stroom-core-shared/src/main/java/stroom/processor/shared/AssignTasksRequest.java,stroom-core-shared,shared,processor,,java,Model,Processor,generated,openapi-typescript
stroom-core-shared/src/main/java/stroom/processor/shared/BulkProcessorFilterChangeRequest.java,stroom-core-shared,shared,processor,,java,Model,Processor,generated,openapi-typescript
stroom-core-shared/src/main/java/stroom/processor/shared/CreateProcessFilterRequest.java,stroom-core-shared,shared,processor,,java,Model,Processor,generated,openapi-typescript
stroom-core-shared/src/main/java/stroom/processor/shared/FeedDependencies.java,stroom-core-shared,shared,processor,,java,Model,Processor,generated,openapi-typescript
stroom-core-shared/src/main/java/stroom/processor/shared/FeedDependency.java,stroom-core-shared,shared,processor,,java,Model,Processor,generated,openapi-typescript
stroom-core-shared/src/main/java/stroom/processor/shared/FetchProcessorRequest.java,stroom-core-shared,shared,processor,,java,Model,Processor,generated,openapi-typescript
stroom-core-shared/src/main/java/stroom/processor/shared/FindProcessorProfileRequest.java,stroom-core-shared,shared,processor,,java,Model,Processor,generated,openapi-typescript
stroom-core-shared/src/main/java/stroom/processor/shared/Limits.java,stroom-core-shared,shared,processor,,java,Model,Processor,generated,openapi-typescript
stroom-core-shared/src/main/java/stroom/processor/shared/Processor.java,stroom-core-shared,shared,processor,,java,Model,Processor,generated,openapi-typescript
stroom-core-shared/src/main/java/stroom/processor/shared/ProcessorClaimStatus.java,stroom-core-shared,shared,processor,,java,Model,Processor,generated,openapi-typescript
stroom-core-shared/src/main/java/stroom/processor/shared/ProcessorExpressionUtil.java,stroom-core-shared,shared,processor,Util,java,Utility,Processor,todo,
stroom-core-shared/src/main/java/stroom/processor/shared/ProcessorFields.java,stroom-core-shared,shared,processor,Fields,java,Model,Processor,generated,openapi-typescript
stroom-core-shared/src/main/java/stroom/processor/shared/ProcessorFilter.java,stroom-core-shared,shared,processor,,java,Model,Processor,generated,openapi-typescript
stroom-core-shared/src/main/java/stroom/processor/shared/ProcessorFilterChange.java,stroom-core-shared,shared,processor,,java,Model,Processor,generated,openapi-typescript
stroom-core-shared/src/main/java/stroom/processor/shared/ProcessorFilterDoc.java,stroom-core-shared,shared,processor,,java,Model,Processor,generated,openapi-typescript
stroom-core-shared/src/main/java/stroom/processor/shared/ProcessorFilterExpressionUtil.java,stroom-core-shared,shared,processor,Util,java,Utility,Processor,todo,
stroom-core-shared/src/main/java/stroom/processor/shared/ProcessorFilterFields.java,stroom-core-shared,shared,processor,Fields,java,Model,Processor,generated,openapi-typescript
stroom-core-shared/src/main/java/stroom/processor/shared/ProcessorFilterResource.java,stroom-core-shared,shared,processor,Resource,java,REST API,Processor,generated,openapi-typescript
stroom-core-shared/src/main/java/stroom/processor/shared/ProcessorFilterRow.java,stroom-core-shared,shared,processor,,java,Model,Processor,generated,openapi-typescript
stroom-core-shared/src/main/java/stroom/processor/shared/ProcessorFilterTracker.java,stroom-core-shared,shared,processor,,java,Model,Processor,generated,openapi-typescript
stroom-core-shared/src/main/java/stroom/processor/shared/ProcessorFilterTrackerStatus.java,stroom-core-shared,shared,processor,,java,Model,Processor,generated,openapi-typescript
stroom-core-shared/src/main/java/stroom/processor/shared/ProcessorListRow.java,stroom-core-shared,shared,processor,,java,Model,Processor,generated,openapi-typescript
stroom-core-shared/src/main/java/stroom/processor/shared/ProcessorListRowResultPage.java,stroom-core-shared,shared,processor,,java,Model,Processor,generated,openapi-typescript
stroom-core-shared/src/main/java/stroom/processor/shared/ProcessorProfile.java,stroom-core-shared,shared,processor,,java,Model,Processor,generated,openapi-typescript
stroom-core-shared/src/main/java/stroom/processor/shared/ProcessorProfileResource.java,stroom-core-shared,shared,processor,Resource,java,REST API,Processor,generated,openapi-typescript
stroom-core-shared/src/main/java/stroom/processor/shared/ProcessorResource.java,stroom-core-shared,shared,processor,Resource,java,REST API,Processor,generated,openapi-typescript
stroom-core-shared/src/main/java/stroom/processor/shared/ProcessorRow.java,stroom-core-shared,shared,processor,,java,Model,Processor,generated,openapi-typescript
stroom-core-shared/src/main/java/stroom/processor/shared/ProcessorTask.java,stroom-core-shared,shared,processor,,java,Model,Processor,generated,openapi-typescript
stroom-core-shared/src/main/java/stroom/processor/shared/ProcessorTaskExpressionUtil.java,stroom-core-shared,shared,processor,Util,java,Utility,Processor,todo,
stroom-core-shared/src/main/java/stroom/processor/shared/ProcessorTaskFields.java,stroom-core-shared,shared,processor,Fields,java,Model,Processor,generated,openapi-typescript
stroom-core-shared/src/main/java/stroom/processor/shared/ProcessorTaskList.java,stroom-core-shared,shared,processor,,java,Model,Processor,generated,openapi-typescript
stroom-core-shared/src/main/java/stroom/processor/shared/ProcessorTaskResource.java,stroom-core-shared,shared,processor,Resource,java,REST API,Processor,generated,openapi-typescript
stroom-core-shared/src/main/java/stroom/processor/shared/ProcessorTaskSummary.java,stroom-core-shared,shared,processor,,java,Model,Processor,generated,openapi-typescript
stroom-core-shared/src/main/java/stroom/processor/shared/ProcessorType.java,stroom-core-shared,shared,processor,Type,java,Model,Processor,generated,openapi-typescript
stroom-core-shared/src/main/java/stroom/processor/shared/ProfilePeriod.java,stroom-core-shared,shared,processor,,java,Model,Processor,generated,openapi-typescript
stroom-core-shared/src/main/java/stroom/processor/shared/QueryData.java,stroom-core-shared,shared,processor,,java,Model,Processor,generated,openapi-typescript
stroom-core-shared/src/main/java/stroom/processor/shared/ReprocessDataInfo.java,stroom-core-shared,shared,processor,,java,Model,Processor,generated,openapi-typescript
stroom-core-shared/src/main/java/stroom/processor/shared/TaskStatus.java,stroom-core-shared,shared,processor,,java,Model,Processor,generated,openapi-typescript
stroom-core-shared/src/main/java/stroom/query/shared/CompletionItem.java,stroom-core-shared,shared,query,,java,Model,Query / search,generated,openapi-typescript
stroom-core-shared/src/main/java/stroom/query/shared/CompletionSnippet.java,stroom-core-shared,shared,query,,java,Model,Query / search,generated,openapi-typescript
stroom-core-shared/src/main/java/stroom/query/shared/CompletionValue.java,stroom-core-shared,shared,query,,java,Model,Query / search,generated,openapi-typescript
stroom-core-shared/src/main/java/stroom/query/shared/CompletionsRequest.java,stroom-core-shared,shared,query,,java,Model,Query / search,generated,openapi-typescript
stroom-core-shared/src/main/java/stroom/query/shared/DestroyStoreRequest.java,stroom-core-shared,shared,query,,java,Model,Query / search,generated,openapi-typescript
stroom-core-shared/src/main/java/stroom/query/shared/DownloadQueryResultsRequest.java,stroom-core-shared,shared,query,,java,Model,Query / search,generated,openapi-typescript
stroom-core-shared/src/main/java/stroom/query/shared/ExpressionResource.java,stroom-core-shared,shared,query,Resource,java,REST API,Query / search,generated,openapi-typescript
stroom-core-shared/src/main/java/stroom/query/shared/FetchSuggestionsRequest.java,stroom-core-shared,shared,query,,java,Model,Query / search,generated,openapi-typescript
stroom-core-shared/src/main/java/stroom/query/shared/InsertType.java,stroom-core-shared,shared,query,Type,java,Model,Query / search,generated,openapi-typescript
stroom-core-shared/src/main/java/stroom/query/shared/QueryColumnValuesRequest.java,stroom-core-shared,shared,query,,java,Model,Query / search,generated,openapi-typescript
stroom-core-shared/src/main/java/stroom/query/shared/QueryContext.java,stroom-core-shared,shared,query,,java,Model,Query / search,generated,openapi-typescript
stroom-core-shared/src/main/java/stroom/query/shared/QueryDoc.java,stroom-core-shared,shared,query,,java,Model,Query / search,generated,openapi-typescript
stroom-core-shared/src/main/java/stroom/query/shared/QueryHelpData.java,stroom-core-shared,shared,query,,java,Model,Query / search,generated,openapi-typescript
stroom-core-shared/src/main/java/stroom/query/shared/QueryHelpDetail.java,stroom-core-shared,shared,query,,java,Model,Query / search,generated,openapi-typescript
stroom-core-shared/src/main/java/stroom/query/shared/QueryHelpDocument.java,stroom-core-shared,shared,query,,java,Model,Query / search,generated,openapi-typescript
stroom-core-shared/src/main/java/stroom/query/shared/QueryHelpField.java,stroom-core-shared,shared,query,Field,java,Model,Query / search,generated,openapi-typescript
stroom-core-shared/src/main/java/stroom/query/shared/QueryHelpFunctionSignature.java,stroom-core-shared,shared,query,,java,Model,Query / search,generated,openapi-typescript
stroom-core-shared/src/main/java/stroom/query/shared/QueryHelpRequest.java,stroom-core-shared,shared,query,,java,Model,Query / search,generated,openapi-typescript
stroom-core-shared/src/main/java/stroom/query/shared/QueryHelpRow.java,stroom-core-shared,shared,query,,java,Model,Query / search,generated,openapi-typescript
stroom-core-shared/src/main/java/stroom/query/shared/QueryHelpType.java,stroom-core-shared,shared,query,Type,java,Model,Query / search,generated,openapi-typescript
stroom-core-shared/src/main/java/stroom/query/shared/QueryResource.java,stroom-core-shared,shared,query,Resource,java,REST API,Query / search,generated,openapi-typescript
stroom-core-shared/src/main/java/stroom/query/shared/QuerySearchRequest.java,stroom-core-shared,shared,query,,java,Model,Query / search,generated,openapi-typescript
stroom-core-shared/src/main/java/stroom/query/shared/QueryTablePreferences.java,stroom-core-shared,shared,query,,java,Model,Query / search,generated,openapi-typescript
stroom-core-shared/src/main/java/stroom/query/shared/QueryTablePreferencesUtil.java,stroom-core-shared,shared,query,Util,java,Utility,Query / search,todo,
stroom-core-shared/src/main/java/stroom/query/shared/ResultStoreResource.java,stroom-core-shared,shared,query,Resource,java,REST API,Query / search,generated,openapi-typescript
stroom-core-shared/src/main/java/stroom/query/shared/ResultStoreResponse.java,stroom-core-shared,shared,query,,java,Model,Query / search,generated,openapi-typescript
stroom-core-shared/src/main/java/stroom/query/shared/Suggestions.java,stroom-core-shared,shared,query,,java,Model,Query / search,generated,openapi-typescript
stroom-core-shared/src/main/java/stroom/query/shared/SuggestionsResource.java,stroom-core-shared,shared,query,Resource,java,REST API,Query / search,generated,openapi-typescript
stroom-core-shared/src/main/java/stroom/query/shared/UpdateStoreRequest.java,stroom-core-shared,shared,query,,java,Model,Query / search,generated,openapi-typescript
stroom-core-shared/src/main/java/stroom/query/shared/ValidateExpressionRequest.java,stroom-core-shared,shared,query,,java,Model,Query / search,generated,openapi-typescript
stroom-core-shared/src/main/java/stroom/receive/content/shared/ContentTemplate.java,stroom-core-shared,shared,receive,,java,Model,Data receipt,generated,openapi-typescript
stroom-core-shared/src/main/java/stroom/receive/content/shared/ContentTemplateResource.java,stroom-core-shared,shared,receive,Resource,java,REST API,Data receipt,generated,openapi-typescript
stroom-core-shared/src/main/java/stroom/receive/content/shared/ContentTemplates.java,stroom-core-shared,shared,receive,,java,Model,Data receipt,generated,openapi-typescript
stroom-core-shared/src/main/java/stroom/receive/content/shared/TemplateType.java,stroom-core-shared,shared,receive,Type,java,Model,Data receipt,generated,openapi-typescript
stroom-core-shared/src/main/java/stroom/receive/rules/shared/HashedReceiveDataRules.java,stroom-core-shared,shared,receive,,java,Model,Data receipt,generated,openapi-typescript
stroom-core-shared/src/main/java/stroom/receive/rules/shared/ReceiptCheckMode.java,stroom-core-shared,shared,receive,,java,Model,Data receipt,generated,openapi-typescript
stroom-core-shared/src/main/java/stroom/receive/rules/shared/ReceiveAction.java,stroom-core-shared,shared,receive,,java,Model,Data receipt,generated,openapi-typescript
stroom-core-shared/src/main/java/stroom/receive/rules/shared/ReceiveDataRule.java,stroom-core-shared,shared,receive,,java,Model,Data receipt,generated,openapi-typescript
stroom-core-shared/src/main/java/stroom/receive/rules/shared/ReceiveDataRuleSetResource.java,stroom-core-shared,shared,receive,Resource,java,REST API,Data receipt,generated,openapi-typescript
stroom-core-shared/src/main/java/stroom/receive/rules/shared/ReceiveDataRules.java,stroom-core-shared,shared,receive,,java,Model,Data receipt,generated,openapi-typescript
stroom-core-shared/src/main/java/stroom/script/shared/FetchLinkedScriptRequest.java,stroom-core-shared,shared,script,,java,Model,Script,generated,openapi-typescript
stroom-core-shared/src/main/java/stroom/script/shared/ScriptDoc.java,stroom-core-shared,shared,script,,java,Model,Script,generated,openapi-typescript
stroom-core-shared/src/main/java/stroom/script/shared/ScriptResource.java,stroom-core-shared,shared,script,Resource,java,REST API,Script,generated,openapi-typescript
stroom-core-shared/src/main/java/stroom/search/elastic/shared/ElasticClusterDoc.java,stroom-core-shared,shared,search,,java,Model,Search,generated,openapi-typescript
stroom-core-shared/src/main/java/stroom/search/elastic/shared/ElasticClusterResource.java,stroom-core-shared,shared,search,Resource,java,REST API,Search,generated,openapi-typescript
stroom-core-shared/src/main/java/stroom/search/elastic/shared/ElasticClusterTestResponse.java,stroom-core-shared,shared,search,,java,Model,Search,generated,openapi-typescript
stroom-core-shared/src/main/java/stroom/search/elastic/shared/ElasticConnectionConfig.java,stroom-core-shared,shared,search,Config,java,Model,Search,generated,openapi-typescript
stroom-core-shared/src/main/java/stroom/search/elastic/shared/ElasticIndexConstants.java,stroom-core-shared,shared,search,Constants,java,Utility,Search,todo,
stroom-core-shared/src/main/java/stroom/search/elastic/shared/ElasticIndexDoc.java,stroom-core-shared,shared,search,,java,Model,Search,generated,openapi-typescript
stroom-core-shared/src/main/java/stroom/search/elastic/shared/ElasticIndexField.java,stroom-core-shared,shared,search,Field,java,Model,Search,generated,openapi-typescript
stroom-core-shared/src/main/java/stroom/search/elastic/shared/ElasticIndexResource.java,stroom-core-shared,shared,search,Resource,java,REST API,Search,generated,openapi-typescript
stroom-core-shared/src/main/java/stroom/search/elastic/shared/ElasticIndexTestResponse.java,stroom-core-shared,shared,search,,java,Model,Search,generated,openapi-typescript
stroom-core-shared/src/main/java/stroom/search/elastic/shared/ElasticNativeTypes.java,stroom-core-shared,shared,search,Types,java,Model,Search,generated,openapi-typescript
stroom-core-shared/src/main/java/stroom/search/elastic/shared/UnsupportedTypeException.java,stroom-core-shared,shared,search,,java,Model,Search,generated,openapi-typescript
stroom-core-shared/src/main/java/stroom/search/solr/shared/OldSolrIndexFieldType.java,stroom-core-shared,shared,search,Type,java,Model,Search,generated,openapi-typescript
stroom-core-shared/src/main/java/stroom/search/solr/shared/SolrConnectionConfig.java,stroom-core-shared,shared,search,Config,java,Model,Search,generated,openapi-typescript
stroom-core-shared/src/main/java/stroom/search/solr/shared/SolrConnectionTestResponse.java,stroom-core-shared,shared,search,,java,Model,Search,generated,openapi-typescript
stroom-core-shared/src/main/java/stroom/search/solr/shared/SolrIndexConstants.java,stroom-core-shared,shared,search,Constants,java,Utility,Search,todo,
stroom-core-shared/src/main/java/stroom/search/solr/shared/SolrIndexDataSourceFieldUtil.java,stroom-core-shared,shared,search,Util,java,Utility,Search,todo,
stroom-core-shared/src/main/java/stroom/search/solr/shared/SolrIndexDoc.java,stroom-core-shared,shared,search,,java,Model,Search,generated,openapi-typescript
stroom-core-shared/src/main/java/stroom/search/solr/shared/SolrIndexField.java,stroom-core-shared,shared,search,Field,java,Model,Search,generated,openapi-typescript
stroom-core-shared/src/main/java/stroom/search/solr/shared/SolrIndexResource.java,stroom-core-shared,shared,search,Resource,java,REST API,Search,generated,openapi-typescript
stroom-core-shared/src/main/java/stroom/search/solr/shared/SolrSynchState.java,stroom-core-shared,shared,search,,java,Model,Search,generated,openapi-typescript
stroom-core-shared/src/main/java/stroom/security/identity/shared/Account.java,stroom-core-shared,shared,security,,java,Model,Security,generated,openapi-typescript
stroom-core-shared/src/main/java/stroom/security/identity/shared/AccountAction.java,stroom-core-shared,shared,security,,java,Model,Security,generated,openapi-typescript
stroom-core-shared/src/main/java/stroom/security/identity/shared/AccountChange.java,stroom-core-shared,shared,security,,java,Model,Security,generated,openapi-typescript
stroom-core-shared/src/main/java/stroom/security/identity/shared/AccountFields.java,stroom-core-shared,shared,security,Fields,java,Model,Security,generated,openapi-typescript
stroom-core-shared/src/main/java/stroom/security/identity/shared/AccountResource.java,stroom-core-shared,shared,security,Resource,java,REST API,Security,generated,openapi-typescript
stroom-core-shared/src/main/java/stroom/security/identity/shared/AccountResultPage.java,stroom-core-shared,shared,security,,java,Model,Security,generated,openapi-typescript
stroom-core-shared/src/main/java/stroom/security/identity/shared/AuthenticationResource.java,stroom-core-shared,shared,security,Resource,java,REST API,Security,generated,openapi-typescript
stroom-core-shared/src/main/java/stroom/security/identity/shared/ChangePasswordRequest.java,stroom-core-shared,shared,security,,java,Model,Security,generated,openapi-typescript
stroom-core-shared/src/main/java/stroom/security/identity/shared/ChangePasswordResponse.java,stroom-core-shared,shared,security,,java,Model,Security,generated,openapi-typescript
stroom-core-shared/src/main/java/stroom/security/identity/shared/ConfirmPasswordRequest.java,stroom-core-shared,shared,security,,java,Model,Security,generated,openapi-typescript
stroom-core-shared/src/main/java/stroom/security/identity/shared/ConfirmPasswordResponse.java,stroom-core-shared,shared,security,,java,Model,Security,generated,openapi-typescript
stroom-core-shared/src/main/java/stroom/security/identity/shared/CreateAccountRequest.java,stroom-core-shared,shared,security,,java,Model,Security,generated,openapi-typescript
stroom-core-shared/src/main/java/stroom/security/identity/shared/FindAccountRequest.java,stroom-core-shared,shared,security,,java,Model,Security,generated,openapi-typescript
stroom-core-shared/src/main/java/stroom/security/identity/shared/InternalIdpPasswordPolicyConfig.java,stroom-core-shared,shared,security,Config,java,Model,Security,generated,openapi-typescript
stroom-core-shared/src/main/java/stroom/security/identity/shared/LoginRequest.java,stroom-core-shared,shared,security,,java,Model,Security,generated,openapi-typescript
stroom-core-shared/src/main/java/stroom/security/identity/shared/LoginResponse.java,stroom-core-shared,shared,security,,java,Model,Security,generated,openapi-typescript
stroom-core-shared/src/main/java/stroom/security/identity/shared/ResetPasswordRequest.java,stroom-core-shared,shared,security,,java,Model,Security,generated,openapi-typescript
stroom-core-shared/src/main/java/stroom/security/identity/shared/SigningKeyResource.java,stroom-core-shared,shared,security,Resource,java,REST API,Security,generated,openapi-typescript
stroom-core-shared/src/main/java/stroom/security/identity/shared/SigningKeyRow.java,stroom-core-shared,shared,security,,java,Model,Security,generated,openapi-typescript
stroom-core-shared/src/main/java/stroom/security/identity/shared/SigningKeyStatus.java,stroom-core-shared,shared,security,,java,Model,Security,generated,openapi-typescript
stroom-core-shared/src/main/java/stroom/security/shared/AbstractAppPermissionChange.java,stroom-core-shared,shared,security,,java,Model,Security,generated,openapi-typescript
stroom-core-shared/src/main/java/stroom/security/shared/AbstractDocumentPermissionsChange.java,stroom-core-shared,shared,security,,java,Model,Security,generated,openapi-typescript
stroom-core-shared/src/main/java/stroom/security/shared/ApiKeyCheckResource.java,stroom-core-shared,shared,security,Resource,java,REST API,Security,generated,openapi-typescript
stroom-core-shared/src/main/java/stroom/security/shared/ApiKeyResource.java,stroom-core-shared,shared,security,Resource,java,REST API,Security,generated,openapi-typescript
stroom-core-shared/src/main/java/stroom/security/shared/ApiKeyResultPage.java,stroom-core-shared,shared,security,,java,Model,Security,generated,openapi-typescript
stroom-core-shared/src/main/java/stroom/security/shared/AppPermission.java,stroom-core-shared,shared,security,,java,Model,Security,generated,openapi-typescript
stroom-core-shared/src/main/java/stroom/security/shared/AppPermissionResource.java,stroom-core-shared,shared,security,Resource,java,REST API,Security,generated,openapi-typescript
stroom-core-shared/src/main/java/stroom/security/shared/AppPermissionSet.java,stroom-core-shared,shared,security,,java,Model,Security,generated,openapi-typescript
stroom-core-shared/src/main/java/stroom/security/shared/AppPermissionSetImpl.java,stroom-core-shared,shared,security,,java,Model,Security,generated,openapi-typescript
stroom-core-shared/src/main/java/stroom/security/shared/AppUserPermissions.java,stroom-core-shared,shared,security,,java,Model,Security,generated,openapi-typescript
stroom-core-shared/src/main/java/stroom/security/shared/AppUserPermissionsReport.java,stroom-core-shared,shared,security,,java,Model,Security,generated,openapi-typescript
stroom-core-shared/src/main/java/stroom/security/shared/AuthFlowResponse.java,stroom-core-shared,shared,security,,java,Model,Security,generated,openapi-typescript
stroom-core-shared/src/main/java/stroom/security/shared/BulkDocumentPermissionChangeRequest.java,stroom-core-shared,shared,security,,java,Model,Security,generated,openapi-typescript
stroom-core-shared/src/main/java/stroom/security/shared/CheckDocumentPermissionRequest.java,stroom-core-shared,shared,security,,java,Model,Security,generated,openapi-typescript
stroom-core-shared/src/main/java/stroom/security/shared/CreateHashedApiKeyRequest.java,stroom-core-shared,shared,security,,java,Model,Security,generated,openapi-typescript
stroom-core-shared/src/main/java/stroom/security/shared/CreateHashedApiKeyResponse.java,stroom-core-shared,shared,security,,java,Model,Security,generated,openapi-typescript
stroom-core-shared/src/main/java/stroom/security/shared/DocPermissionResource.java,stroom-core-shared,shared,security,Resource,java,REST API,Security,generated,openapi-typescript
stroom-core-shared/src/main/java/stroom/security/shared/DocumentPermission.java,stroom-core-shared,shared,security,,java,Model,Security,generated,openapi-typescript
stroom-core-shared/src/main/java/stroom/security/shared/DocumentPermissionChange.java,stroom-core-shared,shared,security,,java,Model,Security,generated,openapi-typescript
stroom-core-shared/src/main/java/stroom/security/shared/DocumentPermissionFields.java,stroom-core-shared,shared,security,Fields,java,Model,Security,generated,openapi-typescript
stroom-core-shared/src/main/java/stroom/security/shared/DocumentUserPermissions.java,stroom-core-shared,shared,security,,java,Model,Security,generated,openapi-typescript
stroom-core-shared/src/main/java/stroom/security/shared/DocumentUserPermissionsReport.java,stroom-core-shared,shared,security,,java,Model,Security,generated,openapi-typescript
stroom-core-shared/src/main/java/stroom/security/shared/DocumentUserPermissionsRequest.java,stroom-core-shared,shared,security,,java,Model,Security,generated,openapi-typescript
stroom-core-shared/src/main/java/stroom/security/shared/FetchAppUserPermissionsRequest.java,stroom-core-shared,shared,security,,java,Model,Security,generated,openapi-typescript
stroom-core-shared/src/main/java/stroom/security/shared/FetchDocumentUserPermissionsRequest.java,stroom-core-shared,shared,security,,java,Model,Security,generated,openapi-typescript
stroom-core-shared/src/main/java/stroom/security/shared/FindApiKeyCriteria.java,stroom-core-shared,shared,security,Criteria,java,Model,Security,generated,openapi-typescript
stroom-core-shared/src/main/java/stroom/security/shared/FindApiKeysResponse.java,stroom-core-shared,shared,security,,java,Model,Security,generated,openapi-typescript
stroom-core-shared/src/main/java/stroom/security/shared/FindUserAccessCriteria.java,stroom-core-shared,shared,security,Criteria,java,Model,Security,generated,openapi-typescript
stroom-core-shared/src/main/java/stroom/security/shared/FindUserContext.java,stroom-core-shared,shared,security,,java,Model,Security,generated,openapi-typescript
stroom-core-shared/src/main/java/stroom/security/shared/FindUserCriteria.java,stroom-core-shared,shared,security,Criteria,java,Model,Security,generated,openapi-typescript
stroom-core-shared/src/main/java/stroom/security/shared/FindUserDependenciesCriteria.java,stroom-core-shared,shared,security,Criteria,java,Model,Security,generated,openapi-typescript
stroom-core-shared/src/main/java/stroom/security/shared/GetUserRequest.java,stroom-core-shared,shared,security,,java,Model,Security,generated,openapi-typescript
stroom-core-shared/src/main/java/stroom/security/shared/HasUserRef.java,stroom-core-shared,shared,security,,java,Model,Security,generated,openapi-typescript
stroom-core-shared/src/main/java/stroom/security/shared/HashAlgorithm.java,stroom-core-shared,shared,security,,java,Model,Security,generated,openapi-typescript
stroom-core-shared/src/main/java/stroom/security/shared/HashedApiKey.java,stroom-core-shared,shared,security,,java,Model,Security,generated,openapi-typescript
stroom-core-shared/src/main/java/stroom/security/shared/PermissionChangeImpactSummary.java,stroom-core-shared,shared,security,,java,Model,Security,generated,openapi-typescript
stroom-core-shared/src/main/java/stroom/security/shared/PermissionChangeRequest.java,stroom-core-shared,shared,security,,java,Model,Security,generated,openapi-typescript
stroom-core-shared/src/main/java/stroom/security/shared/PermissionShowLevel.java,stroom-core-shared,shared,security,,java,Model,Security,generated,openapi-typescript
stroom-core-shared/src/main/java/stroom/security/shared/QuickFilterExpressionParser.java,stroom-core-shared,shared,security,,java,Model,Security,generated,openapi-typescript
stroom-core-shared/src/main/java/stroom/security/shared/SessionDetails.java,stroom-core-shared,shared,security,,java,Model,Security,generated,openapi-typescript
stroom-core-shared/src/main/java/stroom/security/shared/SessionListResponse.java,stroom-core-shared,shared,security,,java,Model,Security,generated,openapi-typescript
stroom-core-shared/src/main/java/stroom/security/shared/SessionResource.java,stroom-core-shared,shared,security,Resource,java,REST API,Security,generated,openapi-typescript
stroom-core-shared/src/main/java/stroom/security/shared/SingleDocumentPermissionChangeRequest.java,stroom-core-shared,shared,security,,java,Model,Security,generated,openapi-typescript
stroom-core-shared/src/main/java/stroom/security/shared/TokenRevocationResource.java,stroom-core-shared,shared,security,Resource,java,REST API,Security,generated,openapi-typescript
stroom-core-shared/src/main/java/stroom/security/shared/UrlResponse.java,stroom-core-shared,shared,security,,java,Model,Security,generated,openapi-typescript
stroom-core-shared/src/main/java/stroom/security/shared/User.java,stroom-core-shared,shared,security,,java,Model,Security,generated,openapi-typescript
stroom-core-shared/src/main/java/stroom/security/shared/UserAccessResource.java,stroom-core-shared,shared,security,Resource,java,REST API,Security,generated,openapi-typescript
stroom-core-shared/src/main/java/stroom/security/shared/UserAccessRow.java,stroom-core-shared,shared,security,,java,Model,Security,generated,openapi-typescript
stroom-core-shared/src/main/java/stroom/security/shared/UserFields.java,stroom-core-shared,shared,security,Fields,java,Model,Security,generated,openapi-typescript
stroom-core-shared/src/main/java/stroom/security/shared/UserInfoResource.java,stroom-core-shared,shared,security,Resource,java,REST API,Security,generated,openapi-typescript
stroom-core-shared/src/main/java/stroom/security/shared/UserRefResource.java,stroom-core-shared,shared,security,Resource,java,REST API,Security,generated,openapi-typescript
stroom-core-shared/src/main/java/stroom/security/shared/UserResource.java,stroom-core-shared,shared,security,Resource,java,REST API,Security,generated,openapi-typescript
stroom-core-shared/src/main/java/stroom/security/shared/VerifyApiKeyRequest.java,stroom-core-shared,shared,security,,java,Model,Security,generated,openapi-typescript
stroom-core-shared/src/main/java/stroom/statistics/impl/sql/shared/CustomRollUpMask.java,stroom-core-shared,shared,statistics,,java,Model,Statistics,generated,openapi-typescript
stroom-core-shared/src/main/java/stroom/statistics/impl/sql/shared/CustomRollUpMaskFields.java,stroom-core-shared,shared,statistics,Fields,java,Model,Statistics,generated,openapi-typescript
stroom-core-shared/src/main/java/stroom/statistics/impl/sql/shared/EventStoreTimeIntervalEnum.java,stroom-core-shared,shared,statistics,,java,Model,Statistics,generated,openapi-typescript
stroom-core-shared/src/main/java/stroom/statistics/impl/sql/shared/StatisticField.java,stroom-core-shared,shared,statistics,Field,java,Model,Statistics,generated,openapi-typescript
stroom-core-shared/src/main/java/stroom/statistics/impl/sql/shared/StatisticResource.java,stroom-core-shared,shared,statistics,Resource,java,REST API,Statistics,generated,openapi-typescript
stroom-core-shared/src/main/java/stroom/statistics/impl/sql/shared/StatisticRollUpType.java,stroom-core-shared,shared,statistics,Type,java,Model,Statistics,generated,openapi-typescript
stroom-core-shared/src/main/java/stroom/statistics/impl/sql/shared/StatisticStore.java,stroom-core-shared,shared,statistics,,java,Model,Statistics,generated,openapi-typescript
stroom-core-shared/src/main/java/stroom/statistics/impl/sql/shared/StatisticStoreDoc.java,stroom-core-shared,shared,statistics,,java,Model,Statistics,generated,openapi-typescript
stroom-core-shared/src/main/java/stroom/statistics/impl/sql/shared/StatisticType.java,stroom-core-shared,shared,statistics,Type,java,Model,Statistics,generated,openapi-typescript
stroom-core-shared/src/main/java/stroom/statistics/impl/sql/shared/StatisticsDataSourceData.java,stroom-core-shared,shared,statistics,,java,Model,Statistics,generated,openapi-typescript
stroom-core-shared/src/main/java/stroom/statistics/impl/sql/shared/StatisticsDataSourceFieldChangeRequest.java,stroom-core-shared,shared,statistics,,java,Model,Statistics,generated,openapi-typescript
stroom-core-shared/src/main/java/stroom/svg/shared/SvgImage.java,stroom-core-shared,shared,svg,,java,Widget,Icons / SVG,todo,
stroom-core-shared/src/main/java/stroom/task/shared/FindTaskCriteria.java,stroom-core-shared,shared,task,Criteria,java,Model,Tasks,generated,openapi-typescript
stroom-core-shared/src/main/java/stroom/task/shared/FindTaskProgressCriteria.java,stroom-core-shared,shared,task,Criteria,java,Model,Tasks,generated,openapi-typescript
stroom-core-shared/src/main/java/stroom/task/shared/FindTaskProgressRequest.java,stroom-core-shared,shared,task,,java,Model,Tasks,generated,openapi-typescript
stroom-core-shared/src/main/java/stroom/task/shared/TaskId.java,stroom-core-shared,shared,task,,java,Model,Tasks,generated,openapi-typescript
stroom-core-shared/src/main/java/stroom/task/shared/TaskProgress.java,stroom-core-shared,shared,task,,java,Model,Tasks,generated,openapi-typescript
stroom-core-shared/src/main/java/stroom/task/shared/TaskProgressResponse.java,stroom-core-shared,shared,task,,java,Model,Tasks,generated,openapi-typescript
stroom-core-shared/src/main/java/stroom/task/shared/TaskResource.java,stroom-core-shared,shared,task,Resource,java,REST API,Tasks,generated,openapi-typescript
stroom-core-shared/src/main/java/stroom/task/shared/TerminateTaskProgressRequest.java,stroom-core-shared,shared,task,,java,Model,Tasks,generated,openapi-typescript
stroom-core-shared/src/main/java/stroom/task/shared/ThreadPool.java,stroom-core-shared,shared,task,,java,Model,Tasks,generated,openapi-typescript
stroom-core-shared/src/main/java/stroom/ui/config/shared/AbstractAnalyticUiDefaultConfig.java,stroom-core-shared,shared,ui,Config,java,Model,Ui,generated,openapi-typescript
stroom-core-shared/src/main/java/stroom/ui/config/shared/AceEditorTheme.java,stroom-core-shared,shared,ui,,java,Model,Ui,generated,openapi-typescript
stroom-core-shared/src/main/java/stroom/ui/config/shared/ActivityConfig.java,stroom-core-shared,shared,ui,Config,java,Model,Ui,generated,openapi-typescript
stroom-core-shared/src/main/java/stroom/ui/config/shared/AnalyticUiDefaultConfig.java,stroom-core-shared,shared,ui,Config,java,Model,Ui,generated,openapi-typescript
stroom-core-shared/src/main/java/stroom/ui/config/shared/ExtendedUiConfig.java,stroom-core-shared,shared,ui,Config,java,Model,Ui,generated,openapi-typescript
stroom-core-shared/src/main/java/stroom/ui/config/shared/InfoPopupConfig.java,stroom-core-shared,shared,ui,Config,java,Model,Ui,generated,openapi-typescript
stroom-core-shared/src/main/java/stroom/ui/config/shared/NodeMonitoringConfig.java,stroom-core-shared,shared,ui,Config,java,Model,Ui,generated,openapi-typescript
stroom-core-shared/src/main/java/stroom/ui/config/shared/ProcessConfig.java,stroom-core-shared,shared,ui,Config,java,Model,Ui,generated,openapi-typescript
stroom-core-shared/src/main/java/stroom/ui/config/shared/QueryConfig.java,stroom-core-shared,shared,ui,Config,java,Model,Ui,generated,openapi-typescript
stroom-core-shared/src/main/java/stroom/ui/config/shared/ReportUiDefaultConfig.java,stroom-core-shared,shared,ui,Config,java,Model,Ui,generated,openapi-typescript
stroom-core-shared/src/main/java/stroom/ui/config/shared/SourceConfig.java,stroom-core-shared,shared,ui,Config,java,Model,Ui,generated,openapi-typescript
stroom-core-shared/src/main/java/stroom/ui/config/shared/SplashConfig.java,stroom-core-shared,shared,ui,Config,java,Model,Ui,generated,openapi-typescript
stroom-core-shared/src/main/java/stroom/ui/config/shared/Theme.java,stroom-core-shared,shared,ui,,java,Model,Ui,generated,openapi-typescript
stroom-core-shared/src/main/java/stroom/ui/config/shared/ThemeConfig.java,stroom-core-shared,shared,ui,Config,java,Model,Ui,generated,openapi-typescript
stroom-core-shared/src/main/java/stroom/ui/config/shared/ThemeCssUtil.java,stroom-core-shared,shared,ui,Util,java,Utility,Ui,todo,
stroom-core-shared/src/main/java/stroom/ui/config/shared/ThemeType.java,stroom-core-shared,shared,ui,Type,java,Model,Ui,generated,openapi-typescript
stroom-core-shared/src/main/java/stroom/ui/config/shared/UiConfig.java,stroom-core-shared,shared,ui,Config,java,Model,Ui,generated,openapi-typescript
stroom-core-shared/src/main/java/stroom/ui/config/shared/UserPreferences.java,stroom-core-shared,shared,ui,,java,Model,Ui,generated,openapi-typescript
stroom-core-shared/src/main/java/stroom/ui/config/shared/UserPreferencesService.java,stroom-core-shared,shared,ui,,java,Model,Ui,generated,openapi-typescript
stroom-core-shared/src/main/java/stroom/view/shared/ViewDoc.java,stroom-core-shared,shared,view,,java,Model,View,generated,openapi-typescript
stroom-core-shared/src/main/java/stroom/view/shared/ViewResource.java,stroom-core-shared,shared,view,Resource,java,REST API,View,generated,openapi-typescript
stroom-core-shared/src/main/java/stroom/visualisation/shared/VisualisationAsset.java,stroom-core-shared,shared,visualisation,,java,Model,Visualisation,generated,openapi-typescript
stroom-core-shared/src/main/java/stroom/visualisation/shared/VisualisationAssetContent.java,stroom-core-shared,shared,visualisation,,java,Model,Visualisation,generated,openapi-typescript
stroom-core-shared/src/main/java/stroom/visualisation/shared/VisualisationAssetResource.java,stroom-core-shared,shared,visualisation,Resource,java,REST API,Visualisation,generated,openapi-typescript
stroom-core-shared/src/main/java/stroom/visualisation/shared/VisualisationAssetSaveAsParameters.java,stroom-core-shared,shared,visualisation,,java,Model,Visualisation,generated,openapi-typescript
stroom-core-shared/src/main/java/stroom/visualisation/shared/VisualisationAssetUpdateContent.java,stroom-core-shared,shared,visualisation,,java,Model,Visualisation,generated,openapi-typescript
stroom-core-shared/src/main/java/stroom/visualisation/shared/VisualisationAssetUpdateDelete.java,stroom-core-shared,shared,visualisation,,java,Model,Visualisation,generated,openapi-typescript
stroom-core-shared/src/main/java/stroom/visualisation/shared/VisualisationAssetUpdateNewFile.java,stroom-core-shared,shared,visualisation,,java,Model,Visualisation,generated,openapi-typescript
stroom-core-shared/src/main/java/stroom/visualisation/shared/VisualisationAssetUpdateRename.java,stroom-core-shared,shared,visualisation,,java,Model,Visualisation,generated,openapi-typescript
stroom-core-shared/src/main/java/stroom/visualisation/shared/VisualisationAssets.java,stroom-core-shared,shared,visualisation,,java,Model,Visualisation,generated,openapi-typescript
stroom-core-shared/src/main/java/stroom/visualisation/shared/VisualisationDoc.java,stroom-core-shared,shared,visualisation,,java,Model,Visualisation,generated,openapi-typescript
stroom-core-shared/src/main/java/stroom/visualisation/shared/VisualisationResource.java,stroom-core-shared,shared,visualisation,Resource,java,REST API,Visualisation,generated,openapi-typescript
stroom-core-shared/src/main/java/stroom/xmlschema/shared/XmlSchemaDoc.java,stroom-core-shared,shared,xmlschema,,java,Model,XML schema,generated,openapi-typescript
stroom-core-shared/src/main/java/stroom/xmlschema/shared/XmlSchemaResource.java,stroom-core-shared,shared,xmlschema,Resource,java,REST API,XML schema,generated,openapi-typescript
stroom-core-shared/src/main/java/stroom/xmlschema/shared/XmlSchemaValidationResponse.java,stroom-core-shared,shared,xmlschema,,java,Model,XML schema,generated,openapi-typescript
stroom-dashboard-gwt/src/main/java/stroom/dashboard/client/DashboardApp.java,stroom-dashboard-gwt,client,dashboard,,java,Screen/Dialog,Dashboard,todo,
stroom-dashboard-gwt/src/main/java/stroom/dashboard/client/gin/DashboardAppGinjectorUser.java,stroom-dashboard-gwt,client,dashboard,,java,Screen/Dialog,Dashboard,todo,
stroom-dashboard-gwt/src/main/java/stroom/dashboard/client/gin/DashboardAppModule.java,stroom-dashboard-gwt,client,dashboard,Module,java,Framework,Dependency injection (GIN wiring),n/a,
stroom-gwt/stroom-gwt-workbench-framework/src/main/java/stroom/gwt/workbench/framework/client/BrowserUtil.java,stroom-gwt,client,gwt,Util,java,Utility,Gwt,todo,
stroom-gwt/stroom-gwt-workbench-framework/src/main/java/stroom/gwt/workbench/framework/client/Workbench.java,stroom-gwt,client,gwt,,java,Screen/Dialog,Gwt,todo,
stroom-gwt/stroom-gwt-workbench-framework/src/main/java/stroom/gwt/workbench/framework/client/WorkbenchResources.java,stroom-gwt,client,gwt,,java,Screen/Dialog,Gwt,todo,
stroom-gwt/stroom-gwt-workbench-framework/src/main/java/stroom/gwt/workbench/framework/client/args/ArgPatterns.java,stroom-gwt,client,gwt,,java,Screen/Dialog,Gwt,todo,
stroom-gwt/stroom-gwt-workbench-framework/src/main/java/stroom/gwt/workbench/framework/client/args/ArgType.java,stroom-gwt,client,gwt,Type,java,Screen/Dialog,Gwt,todo,
stroom-gwt/stroom-gwt-workbench-framework/src/main/java/stroom/gwt/workbench/framework/client/args/Args.java,stroom-gwt,client,gwt,,java,Screen/Dialog,Gwt,todo,
stroom-gwt/stroom-gwt-workbench-framework/src/main/java/stroom/gwt/workbench/framework/client/args/ArgsCodec.java,stroom-gwt,client,gwt,,java,Screen/Dialog,Gwt,todo,
stroom-gwt/stroom-gwt-workbench-framework/src/main/java/stroom/gwt/workbench/framework/client/args/ControlType.java,stroom-gwt,client,gwt,Type,java,Screen/Dialog,Gwt,todo,
stroom-gwt/stroom-gwt-workbench-framework/src/main/java/stroom/gwt/workbench/framework/client/manager/AddonPanel.java,stroom-gwt,client,gwt,Panel,java,Screen/Dialog,Gwt,todo,
stroom-gwt/stroom-gwt-workbench-framework/src/main/java/stroom/gwt/workbench/framework/client/manager/ChangeRequests.java,stroom-gwt,client,gwt,,java,Screen/Dialog,Gwt,todo,
stroom-gwt/stroom-gwt-workbench-framework/src/main/java/stroom/gwt/workbench/framework/client/manager/CreateStoryDialog.java,stroom-gwt,client,gwt,Dialog,java,Screen/Dialog,Gwt,todo,
stroom-gwt/stroom-gwt-workbench-framework/src/main/java/stroom/gwt/workbench/framework/client/manager/HtmlTokens.java,stroom-gwt,client,gwt,,java,Screen/Dialog,Gwt,todo,
stroom-gwt/stroom-gwt-workbench-framework/src/main/java/stroom/gwt/workbench/framework/client/manager/Landmarks.java,stroom-gwt,client,gwt,,java,Screen/Dialog,Gwt,todo,
stroom-gwt/stroom-gwt-workbench-framework/src/main/java/stroom/gwt/workbench/framework/client/manager/LayoutController.java,stroom-gwt,client,gwt,,java,Screen/Dialog,Gwt,todo,
stroom-gwt/stroom-gwt-workbench-framework/src/main/java/stroom/gwt/workbench/framework/client/manager/MenuHtml.java,stroom-gwt,client,gwt,,java,Screen/Dialog,Gwt,todo,
stroom-gwt/stroom-gwt-workbench-framework/src/main/java/stroom/gwt/workbench/framework/client/manager/MenuItem.java,stroom-gwt,client,gwt,,java,Screen/Dialog,Gwt,todo,
stroom-gwt/stroom-gwt-workbench-framework/src/main/java/stroom/gwt/workbench/framework/client/manager/Notifications.java,stroom-gwt,client,gwt,,java,Screen/Dialog,Gwt,todo,
stroom-gwt/stroom-gwt-workbench-framework/src/main/java/stroom/gwt/workbench/framework/client/manager/Popover.java,stroom-gwt,client,gwt,,java,Screen/Dialog,Gwt,todo,
stroom-gwt/stroom-gwt-workbench-framework/src/main/java/stroom/gwt/workbench/framework/client/manager/PreviewTools.java,stroom-gwt,client,gwt,,java,Screen/Dialog,Gwt,todo,
stroom-gwt/stroom-gwt-workbench-framework/src/main/java/stroom/gwt/workbench/framework/client/manager/SettingsMenu.java,stroom-gwt,client,gwt,,java,Screen/Dialog,Gwt,todo,
stroom-gwt/stroom-gwt-workbench-framework/src/main/java/stroom/gwt/workbench/framework/client/manager/SettingsPages.java,stroom-gwt,client,gwt,,java,Screen/Dialog,Gwt,todo,
stroom-gwt/stroom-gwt-workbench-framework/src/main/java/stroom/gwt/workbench/framework/client/manager/ShortcutHandler.java,stroom-gwt,client,gwt,Handler,java,Screen/Dialog,Gwt,todo,
stroom-gwt/stroom-gwt-workbench-framework/src/main/java/stroom/gwt/workbench/framework/client/manager/SidebarView.java,stroom-gwt,client,gwt,View,java,Screen/Dialog,Gwt,todo,
stroom-gwt/stroom-gwt-workbench-framework/src/main/java/stroom/gwt/workbench/framework/client/manager/TagFilterMenu.java,stroom-gwt,client,gwt,,java,Screen/Dialog,Gwt,todo,
stroom-gwt/stroom-gwt-workbench-framework/src/main/java/stroom/gwt/workbench/framework/client/manager/UrlParams.java,stroom-gwt,client,gwt,,java,Screen/Dialog,Gwt,todo,
stroom-gwt/stroom-gwt-workbench-framework/src/main/java/stroom/gwt/workbench/framework/client/manager/WorkbenchManager.java,stroom-gwt,client,gwt,Manager,java,Screen/Dialog,Gwt,todo,
stroom-gwt/stroom-gwt-workbench-framework/src/main/java/stroom/gwt/workbench/framework/client/manager/addons/AccessibilityAddon.java,stroom-gwt,client,gwt,,java,Screen/Dialog,Gwt,todo,
stroom-gwt/stroom-gwt-workbench-framework/src/main/java/stroom/gwt/workbench/framework/client/manager/addons/ActionLog.java,stroom-gwt,client,gwt,,java,Screen/Dialog,Gwt,todo,
stroom-gwt/stroom-gwt-workbench-framework/src/main/java/stroom/gwt/workbench/framework/client/manager/addons/ActionsAddon.java,stroom-gwt,client,gwt,,java,Screen/Dialog,Gwt,todo,
stroom-gwt/stroom-gwt-workbench-framework/src/main/java/stroom/gwt/workbench/framework/client/manager/addons/Addon.java,stroom-gwt,client,gwt,,java,Screen/Dialog,Gwt,todo,
stroom-gwt/stroom-gwt-workbench-framework/src/main/java/stroom/gwt/workbench/framework/client/manager/addons/CodeHighlighter.java,stroom-gwt,client,gwt,,java,Screen/Dialog,Gwt,todo,
stroom-gwt/stroom-gwt-workbench-framework/src/main/java/stroom/gwt/workbench/framework/client/manager/addons/ControlEvents.java,stroom-gwt,client,gwt,,java,Screen/Dialog,Gwt,todo,
stroom-gwt/stroom-gwt-workbench-framework/src/main/java/stroom/gwt/workbench/framework/client/manager/addons/ControlsAddon.java,stroom-gwt,client,gwt,,java,Screen/Dialog,Gwt,todo,
stroom-gwt/stroom-gwt-workbench-framework/src/main/java/stroom/gwt/workbench/framework/client/manager/addons/InteractionsAddon.java,stroom-gwt,client,gwt,,java,Screen/Dialog,Gwt,todo,
stroom-gwt/stroom-gwt-workbench-framework/src/main/java/stroom/gwt/workbench/framework/client/play/Aria.java,stroom-gwt,client,gwt,,java,Screen/Dialog,Gwt,todo,
stroom-gwt/stroom-gwt-workbench-framework/src/main/java/stroom/gwt/workbench/framework/client/play/Dom.java,stroom-gwt,client,gwt,,java,Screen/Dialog,Gwt,todo,
stroom-gwt/stroom-gwt-workbench-framework/src/main/java/stroom/gwt/workbench/framework/client/play/EventInit.java,stroom-gwt,client,gwt,,java,Screen/Dialog,Gwt,todo,
stroom-gwt/stroom-gwt-workbench-framework/src/main/java/stroom/gwt/workbench/framework/client/play/Expectation.java,stroom-gwt,client,gwt,,java,Screen/Dialog,Gwt,todo,
stroom-gwt/stroom-gwt-workbench-framework/src/main/java/stroom/gwt/workbench/framework/client/play/FireEvent.java,stroom-gwt,client,gwt,Event,java,Screen/Dialog,Gwt,todo,
stroom-gwt/stroom-gwt-workbench-framework/src/main/java/stroom/gwt/workbench/framework/client/play/GwtPlayEnvironment.java,stroom-gwt,client,gwt,,java,Screen/Dialog,Gwt,todo,
stroom-gwt/stroom-gwt-workbench-framework/src/main/java/stroom/gwt/workbench/framework/client/play/Keyboard.java,stroom-gwt,client,gwt,,java,Screen/Dialog,Gwt,todo,
stroom-gwt/stroom-gwt-workbench-framework/src/main/java/stroom/gwt/workbench/framework/client/play/Keys.java,stroom-gwt,client,gwt,,java,Screen/Dialog,Gwt,todo,
stroom-gwt/stroom-gwt-workbench-framework/src/main/java/stroom/gwt/workbench/framework/client/play/Play.java,stroom-gwt,client,gwt,,java,Screen/Dialog,Gwt,todo,
stroom-gwt/stroom-gwt-workbench-framework/src/main/java/stroom/gwt/workbench/framework/client/play/PlayException.java,stroom-gwt,client,gwt,,java,Screen/Dialog,Gwt,todo,
stroom-gwt/stroom-gwt-workbench-framework/src/main/java/stroom/gwt/workbench/framework/client/play/PlayFunction.java,stroom-gwt,client,gwt,,java,Screen/Dialog,Gwt,todo,
stroom-gwt/stroom-gwt-workbench-framework/src/main/java/stroom/gwt/workbench/framework/client/play/PlayRunner.java,stroom-gwt,client,gwt,,java,Screen/Dialog,Gwt,todo,
stroom-gwt/stroom-gwt-workbench-framework/src/main/java/stroom/gwt/workbench/framework/client/play/PlayStep.java,stroom-gwt,client,gwt,,java,Screen/Dialog,Gwt,todo,
stroom-gwt/stroom-gwt-workbench-framework/src/main/java/stroom/gwt/workbench/framework/client/play/Query.java,stroom-gwt,client,gwt,,java,Screen/Dialog,Gwt,todo,
stroom-gwt/stroom-gwt-workbench-framework/src/main/java/stroom/gwt/workbench/framework/client/play/SelfTestHooks.java,stroom-gwt,client,gwt,,java,Screen/Dialog,Gwt,todo,
stroom-gwt/stroom-gwt-workbench-framework/src/main/java/stroom/gwt/workbench/framework/client/play/Spies.java,stroom-gwt,client,gwt,,java,Screen/Dialog,Gwt,todo,
stroom-gwt/stroom-gwt-workbench-framework/src/main/java/stroom/gwt/workbench/framework/client/play/Spy.java,stroom-gwt,client,gwt,,java,Screen/Dialog,Gwt,todo,
stroom-gwt/stroom-gwt-workbench-framework/src/main/java/stroom/gwt/workbench/framework/client/play/SpyExpectation.java,stroom-gwt,client,gwt,,java,Screen/Dialog,Gwt,todo,
stroom-gwt/stroom-gwt-workbench-framework/src/main/java/stroom/gwt/workbench/framework/client/play/TextEdits.java,stroom-gwt,client,gwt,,java,Screen/Dialog,Gwt,todo,
stroom-gwt/stroom-gwt-workbench-framework/src/main/java/stroom/gwt/workbench/framework/client/play/TextMatch.java,stroom-gwt,client,gwt,,java,Screen/Dialog,Gwt,todo,
stroom-gwt/stroom-gwt-workbench-framework/src/main/java/stroom/gwt/workbench/framework/client/play/UserEventHelpers.java,stroom-gwt,client,gwt,,java,Screen/Dialog,Gwt,todo,
stroom-gwt/stroom-gwt-workbench-framework/src/main/java/stroom/gwt/workbench/framework/client/play/Value.java,stroom-gwt,client,gwt,,java,Screen/Dialog,Gwt,todo,
stroom-gwt/stroom-gwt-workbench-framework/src/main/java/stroom/gwt/workbench/framework/client/play/ValueExpectation.java,stroom-gwt,client,gwt,,java,Screen/Dialog,Gwt,todo,
stroom-gwt/stroom-gwt-workbench-framework/src/main/java/stroom/gwt/workbench/framework/client/play/ValueMatcher.java,stroom-gwt,client,gwt,,java,Screen/Dialog,Gwt,todo,
stroom-gwt/stroom-gwt-workbench-framework/src/main/java/stroom/gwt/workbench/framework/client/play/Values.java,stroom-gwt,client,gwt,,java,Screen/Dialog,Gwt,todo,
stroom-gwt/stroom-gwt-workbench-framework/src/main/java/stroom/gwt/workbench/framework/client/preview/A11yRunner.java,stroom-gwt,client,gwt,,java,Screen/Dialog,Gwt,todo,
stroom-gwt/stroom-gwt-workbench-framework/src/main/java/stroom/gwt/workbench/framework/client/preview/MeasureOverlay.java,stroom-gwt,client,gwt,,java,Screen/Dialog,Gwt,todo,
stroom-gwt/stroom-gwt-workbench-framework/src/main/java/stroom/gwt/workbench/framework/client/preview/RunnerHooks.java,stroom-gwt,client,gwt,,java,Screen/Dialog,Gwt,todo,
stroom-gwt/stroom-gwt-workbench-framework/src/main/java/stroom/gwt/workbench/framework/client/preview/RunnerJson.java,stroom-gwt,client,gwt,,java,Screen/Dialog,Gwt,todo,
stroom-gwt/stroom-gwt-workbench-framework/src/main/java/stroom/gwt/workbench/framework/client/preview/StoryActions.java,stroom-gwt,client,gwt,,java,Screen/Dialog,Gwt,todo,
stroom-gwt/stroom-gwt-workbench-framework/src/main/java/stroom/gwt/workbench/framework/client/preview/StoryPreview.java,stroom-gwt,client,gwt,,java,Screen/Dialog,Gwt,todo,
stroom-gwt/stroom-gwt-workbench-framework/src/main/java/stroom/gwt/workbench/framework/client/shortcuts/KeyCombo.java,stroom-gwt,client,gwt,,java,Screen/Dialog,Gwt,todo,
stroom-gwt/stroom-gwt-workbench-framework/src/main/java/stroom/gwt/workbench/framework/client/shortcuts/KeyEvents.java,stroom-gwt,client,gwt,,java,Screen/Dialog,Gwt,todo,
stroom-gwt/stroom-gwt-workbench-framework/src/main/java/stroom/gwt/workbench/framework/client/shortcuts/ShortcutAction.java,stroom-gwt,client,gwt,,java,Screen/Dialog,Gwt,todo,
stroom-gwt/stroom-gwt-workbench-framework/src/main/java/stroom/gwt/workbench/framework/client/shortcuts/ShortcutRecording.java,stroom-gwt,client,gwt,,java,Screen/Dialog,Gwt,todo,
stroom-gwt/stroom-gwt-workbench-framework/src/main/java/stroom/gwt/workbench/framework/client/shortcuts/Shortcuts.java,stroom-gwt,client,gwt,,java,Screen/Dialog,Gwt,todo,
stroom-gwt/stroom-gwt-workbench-framework/src/main/java/stroom/gwt/workbench/framework/client/story/ComponentStories.java,stroom-gwt,client,gwt,,java,Screen/Dialog,Gwt,todo,
stroom-gwt/stroom-gwt-workbench-framework/src/main/java/stroom/gwt/workbench/framework/client/story/Story.java,stroom-gwt,client,gwt,,java,Screen/Dialog,Gwt,todo,
stroom-gwt/stroom-gwt-workbench-framework/src/main/java/stroom/gwt/workbench/framework/client/story/StoryContext.java,stroom-gwt,client,gwt,,java,Screen/Dialog,Gwt,todo,
stroom-gwt/stroom-gwt-workbench-framework/src/main/java/stroom/gwt/workbench/framework/client/story/StoryDecorator.java,stroom-gwt,client,gwt,,java,Screen/Dialog,Gwt,todo,
stroom-gwt/stroom-gwt-workbench-framework/src/main/java/stroom/gwt/workbench/framework/client/story/StoryIds.java,stroom-gwt,client,gwt,,java,Screen/Dialog,Gwt,todo,
stroom-gwt/stroom-gwt-workbench-framework/src/main/java/stroom/gwt/workbench/framework/client/story/StoryLayout.java,stroom-gwt,client,gwt,,java,Screen/Dialog,Gwt,todo,
stroom-gwt/stroom-gwt-workbench-framework/src/main/java/stroom/gwt/workbench/framework/client/story/StoryRegistry.java,stroom-gwt,client,gwt,,java,Screen/Dialog,Gwt,todo,
stroom-gwt/stroom-gwt-workbench-framework/src/main/java/stroom/gwt/workbench/framework/client/story/StoryRenderer.java,stroom-gwt,client,gwt,,java,Screen/Dialog,Gwt,todo,
stroom-gwt/stroom-gwt-workbench-framework/src/main/java/stroom/gwt/workbench/framework/client/story/StoryTheme.java,stroom-gwt,client,gwt,,java,Screen/Dialog,Gwt,todo,
stroom-gwt/stroom-gwt-workbench-framework/src/main/java/stroom/gwt/workbench/framework/client/story/StoryUrls.java,stroom-gwt,client,gwt,,java,Screen/Dialog,Gwt,todo,
stroom-gwt/stroom-gwt-workbench-framework/src/main/java/stroom/gwt/workbench/framework/client/tools/ViewportPreset.java,stroom-gwt,client,gwt,,java,Screen/Dialog,Gwt,todo,
stroom-gwt/stroom-gwt-workbench-framework/src/main/java/stroom/gwt/workbench/framework/client/tools/VisionFilter.java,stroom-gwt,client,gwt,,java,Screen/Dialog,Gwt,todo,
stroom-gwt/stroom-gwt-workbench-framework/src/main/java/stroom/gwt/workbench/framework/client/tools/ZoomLevels.java,stroom-gwt,client,gwt,,java,Screen/Dialog,Gwt,todo,
stroom-gwt/stroom-gwt-workbench-framework/src/main/java/stroom/gwt/workbench/framework/client/tree/SidebarModel.java,stroom-gwt,client,gwt,Model,java,Screen/Dialog,Gwt,todo,
stroom-gwt/stroom-gwt-workbench-framework/src/main/java/stroom/gwt/workbench/framework/client/tree/StoryNavigation.java,stroom-gwt,client,gwt,,java,Screen/Dialog,Gwt,todo,
stroom-gwt/stroom-gwt-workbench-framework/src/main/java/stroom/gwt/workbench/framework/client/tree/StorySearch.java,stroom-gwt,client,gwt,,java,Screen/Dialog,Gwt,todo,
stroom-gwt/stroom-gwt-workbench-framework/src/main/java/stroom/gwt/workbench/framework/client/tree/StoryTreeBuilder.java,stroom-gwt,client,gwt,Builder,java,Screen/Dialog,Gwt,todo,
stroom-gwt/stroom-gwt-workbench-framework/src/main/java/stroom/gwt/workbench/framework/client/tree/StoryTreeNode.java,stroom-gwt,client,gwt,,java,Screen/Dialog,Gwt,todo,
stroom-gwt/stroom-gwt-workbench-framework/src/main/java/stroom/gwt/workbench/framework/client/tree/TagFilter.java,stroom-gwt,client,gwt,,java,Screen/Dialog,Gwt,todo,
stroom-gwt/stroom-gwt-workbench-framework/src/main/resources/stroom/gwt/workbench/framework/client/workbench-manager.css,stroom-gwt,client,gwt,,css,Screen/Dialog,Gwt,todo,
stroom-gwt/stroom-gwt-workbench-framework/src/main/resources/stroom/gwt/workbench/framework/client/workbench-preview.css,stroom-gwt,client,gwt,,css,Screen/Dialog,Gwt,todo,
stroom-gwt/stroom-gwt-workbench/src/main/java/stroom/gwt/workbench/client/AllStories.java,stroom-gwt,client,gwt,,java,Screen/Dialog,Gwt,todo,
stroom-gwt/stroom-gwt-workbench/src/main/java/stroom/gwt/workbench/client/AppStories.java,stroom-gwt,client,gwt,,java,Screen/Dialog,Gwt,todo,
stroom-gwt/stroom-gwt-workbench/src/main/java/stroom/gwt/workbench/client/ScreensStories.java,stroom-gwt,client,gwt,,java,Screen/Dialog,Gwt,todo,
stroom-gwt/stroom-gwt-workbench/src/main/java/stroom/gwt/workbench/client/StoryPanels.java,stroom-gwt,client,gwt,,java,Screen/Dialog,Gwt,todo,
stroom-gwt/stroom-gwt-workbench/src/main/java/stroom/gwt/workbench/client/StroomThemeDecorator.java,stroom-gwt,client,gwt,,java,Screen/Dialog,Gwt,todo,
stroom-gwt/stroom-gwt-workbench/src/main/java/stroom/gwt/workbench/client/StroomWorkbenchEntryPoint.java,stroom-gwt,client,gwt,EntryPoint,java,Framework,Application entry points,todo,
stroom-gwt/stroom-gwt-workbench/src/main/java/stroom/gwt/workbench/client/WidgetsStories.java,stroom-gwt,client,gwt,,java,Screen/Dialog,Gwt,todo,
stroom-gwt/stroom-gwt-workbench/src/main/java/stroom/gwt/workbench/client/app/ai/AiFixtures.java,stroom-gwt,client,gwt,,java,Screen/Dialog,Gwt,todo,
stroom-gwt/stroom-gwt-workbench/src/main/java/stroom/gwt/workbench/client/app/ai/AskAiChatPanelStories.java,stroom-gwt,client,gwt,,java,Screen/Dialog,Gwt,todo,
stroom-gwt/stroom-gwt-workbench/src/main/java/stroom/gwt/workbench/client/app/ai/AskStroomAiChat.java,stroom-gwt,client,gwt,,java,Screen/Dialog,Gwt,todo,
stroom-gwt/stroom-gwt-workbench/src/main/java/stroom/gwt/workbench/client/app/ai/AskStroomAiDialogStories.java,stroom-gwt,client,gwt,,java,Screen/Dialog,Gwt,todo,
stroom-gwt/stroom-gwt-workbench/src/main/java/stroom/gwt/workbench/client/app/annotations/DecorateCommentStories.java,stroom-gwt,client,gwt,,java,Screen/Dialog,Gwt,todo,
stroom-gwt/stroom-gwt-workbench/src/main/java/stroom/gwt/workbench/client/app/core/AppPermissionsStories.java,stroom-gwt,client,gwt,,java,Screen/Dialog,Gwt,todo,
stroom-gwt/stroom-gwt-workbench/src/main/java/stroom/gwt/workbench/client/app/core/DeleteConfirmationStories.java,stroom-gwt,client,gwt,,java,Screen/Dialog,Gwt,todo,
stroom-gwt/stroom-gwt-workbench/src/main/java/stroom/gwt/workbench/client/app/dashboard/DashboardComponentStories.java,stroom-gwt,client,gwt,,java,Screen/Dialog,Gwt,todo,
stroom-gwt/stroom-gwt-workbench/src/main/java/stroom/gwt/workbench/client/app/dashboard/DashboardDocs.java,stroom-gwt,client,gwt,,java,Screen/Dialog,Gwt,todo,
stroom-gwt/stroom-gwt-workbench/src/main/java/stroom/gwt/workbench/client/app/dashboard/DashboardLayoutStories.java,stroom-gwt,client,gwt,,java,Screen/Dialog,Gwt,todo,
stroom-gwt/stroom-gwt-workbench/src/main/java/stroom/gwt/workbench/client/app/dashboard/DashboardPlays.java,stroom-gwt,client,gwt,,java,Screen/Dialog,Gwt,todo,
stroom-gwt/stroom-gwt-workbench/src/main/java/stroom/gwt/workbench/client/app/dashboard/DashboardSearchStories.java,stroom-gwt,client,gwt,,java,Screen/Dialog,Gwt,todo,
stroom-gwt/stroom-gwt-workbench/src/main/java/stroom/gwt/workbench/client/app/dashboard/DashboardSupport.java,stroom-gwt,client,gwt,,java,Screen/Dialog,Gwt,todo,
stroom-gwt/stroom-gwt-workbench/src/main/java/stroom/gwt/workbench/client/app/dashboard/PausePollingStories.java,stroom-gwt,client,gwt,,java,Screen/Dialog,Gwt,todo,
stroom-gwt/stroom-gwt-workbench/src/main/java/stroom/gwt/workbench/client/app/dashboard/QueryResultVisStories.java,stroom-gwt,client,gwt,,java,Screen/Dialog,Gwt,todo,
stroom-gwt/stroom-gwt-workbench/src/main/java/stroom/gwt/workbench/client/app/dashboard/QueryResultsTableDashboardStories.java,stroom-gwt,client,gwt,,java,Screen/Dialog,Gwt,todo,
stroom-gwt/stroom-gwt-workbench/src/main/java/stroom/gwt/workbench/client/app/dashboard/TableFilterSettingsStories.java,stroom-gwt,client,gwt,,java,Screen/Dialog,Gwt,todo,
stroom-gwt/stroom-gwt-workbench/src/main/java/stroom/gwt/workbench/client/app/data/DataUploadDialogStories.java,stroom-gwt,client,gwt,,java,Screen/Dialog,Gwt,todo,
stroom-gwt/stroom-gwt-workbench/src/main/java/stroom/gwt/workbench/client/app/data/MetaBrowserStories.java,stroom-gwt,client,gwt,,java,Screen/Dialog,Gwt,todo,
stroom-gwt/stroom-gwt-workbench/src/main/java/stroom/gwt/workbench/client/app/data/ProcessChoiceDialogStories.java,stroom-gwt,client,gwt,,java,Screen/Dialog,Gwt,todo,
stroom-gwt/stroom-gwt-workbench/src/main/java/stroom/gwt/workbench/client/app/dictionary/DictionaryEditorStories.java,stroom-gwt,client,gwt,,java,Screen/Dialog,Gwt,todo,
stroom-gwt/stroom-gwt-workbench/src/main/java/stroom/gwt/workbench/client/app/editors/AnalyticRuleEditorStories.java,stroom-gwt,client,gwt,,java,Screen/Dialog,Gwt,todo,
stroom-gwt/stroom-gwt-workbench/src/main/java/stroom/gwt/workbench/client/app/editors/CodeDocumentEditorStories.java,stroom-gwt,client,gwt,,java,Screen/Dialog,Gwt,todo,
stroom-gwt/stroom-gwt-workbench/src/main/java/stroom/gwt/workbench/client/app/editors/DashboardEditorStories.java,stroom-gwt,client,gwt,,java,Screen/Dialog,Gwt,todo,
stroom-gwt/stroom-gwt-workbench/src/main/java/stroom/gwt/workbench/client/app/editors/DataGenEditorStories.java,stroom-gwt,client,gwt,,java,Screen/Dialog,Gwt,todo,
stroom-gwt/stroom-gwt-workbench/src/main/java/stroom/gwt/workbench/client/app/editors/DocEditors.java,stroom-gwt,client,gwt,,java,Screen/Dialog,Gwt,todo,
stroom-gwt/stroom-gwt-workbench/src/main/java/stroom/gwt/workbench/client/app/editors/DocumentationEditorStories.java,stroom-gwt,client,gwt,,java,Screen/Dialog,Gwt,todo,
stroom-gwt/stroom-gwt-workbench/src/main/java/stroom/gwt/workbench/client/app/editors/ElasticClusterEditorStories.java,stroom-gwt,client,gwt,,java,Screen/Dialog,Gwt,todo,
stroom-gwt/stroom-gwt-workbench/src/main/java/stroom/gwt/workbench/client/app/editors/FolderEditorStories.java,stroom-gwt,client,gwt,,java,Screen/Dialog,Gwt,todo,
stroom-gwt/stroom-gwt-workbench/src/main/java/stroom/gwt/workbench/client/app/editors/GitRepoEditorStories.java,stroom-gwt,client,gwt,,java,Screen/Dialog,Gwt,todo,
stroom-gwt/stroom-gwt-workbench/src/main/java/stroom/gwt/workbench/client/app/editors/OpenAiModelEditorStories.java,stroom-gwt,client,gwt,,java,Screen/Dialog,Gwt,todo,
stroom-gwt/stroom-gwt-workbench/src/main/java/stroom/gwt/workbench/client/app/editors/PathwaysEditorStories.java,stroom-gwt,client,gwt,,java,Screen/Dialog,Gwt,todo,
stroom-gwt/stroom-gwt-workbench/src/main/java/stroom/gwt/workbench/client/app/editors/PlanBEditorStories.java,stroom-gwt,client,gwt,,java,Screen/Dialog,Gwt,todo,
stroom-gwt/stroom-gwt-workbench/src/main/java/stroom/gwt/workbench/client/app/editors/QueryEditorStories.java,stroom-gwt,client,gwt,,java,Screen/Dialog,Gwt,todo,
stroom-gwt/stroom-gwt-workbench/src/main/java/stroom/gwt/workbench/client/app/editors/ReportEditorStories.java,stroom-gwt,client,gwt,,java,Screen/Dialog,Gwt,todo,
stroom-gwt/stroom-gwt-workbench/src/main/java/stroom/gwt/workbench/client/app/editors/StatisticStoreEditorStories.java,stroom-gwt,client,gwt,,java,Screen/Dialog,Gwt,todo,
stroom-gwt/stroom-gwt-workbench/src/main/java/stroom/gwt/workbench/client/app/editors/ViewEditorStories.java,stroom-gwt,client,gwt,,java,Screen/Dialog,Gwt,todo,
stroom-gwt/stroom-gwt-workbench/src/main/java/stroom/gwt/workbench/client/app/editors/VisualisationEditorStories.java,stroom-gwt,client,gwt,,java,Screen/Dialog,Gwt,todo,
stroom-gwt/stroom-gwt-workbench/src/main/java/stroom/gwt/workbench/client/app/feed/FeedEditorStories.java,stroom-gwt,client,gwt,,java,Screen/Dialog,Gwt,todo,
stroom-gwt/stroom-gwt-workbench/src/main/java/stroom/gwt/workbench/client/app/gin/AppScreenGinjector.java,stroom-gwt,client,gwt,Ginjector,java,Framework,Dependency injection (GIN wiring),n/a,
stroom-gwt/stroom-gwt-workbench/src/main/java/stroom/gwt/workbench/client/app/gin/CredentialsScreenModule.java,stroom-gwt,client,gwt,Module,java,Framework,Dependency injection (GIN wiring),n/a,
stroom-gwt/stroom-gwt-workbench/src/main/java/stroom/gwt/workbench/client/app/gin/DictionaryScreenModule.java,stroom-gwt,client,gwt,Module,java,Framework,Dependency injection (GIN wiring),n/a,
stroom-gwt/stroom-gwt-workbench/src/main/java/stroom/gwt/workbench/client/app/gin/EntityScreenModule.java,stroom-gwt,client,gwt,Module,java,Framework,Dependency injection (GIN wiring),n/a,
stroom-gwt/stroom-gwt-workbench/src/main/java/stroom/gwt/workbench/client/app/gin/ExplorerScreenModule.java,stroom-gwt,client,gwt,Module,java,Framework,Dependency injection (GIN wiring),n/a,
stroom-gwt/stroom-gwt-workbench/src/main/java/stroom/gwt/workbench/client/app/gin/MonitoringScreenModule.java,stroom-gwt,client,gwt,Module,java,Framework,Dependency injection (GIN wiring),n/a,
stroom-gwt/stroom-gwt-workbench/src/main/java/stroom/gwt/workbench/client/app/gin/ScreenViewsModule.java,stroom-gwt,client,gwt,Module,java,Framework,Dependency injection (GIN wiring),n/a,
stroom-gwt/stroom-gwt-workbench/src/main/java/stroom/gwt/workbench/client/app/gin/SecurityScreenModule.java,stroom-gwt,client,gwt,Module,java,Framework,Dependency injection (GIN wiring),n/a,
stroom-gwt/stroom-gwt-workbench/src/main/java/stroom/gwt/workbench/client/app/gin/TaskScreenModule.java,stroom-gwt,client,gwt,Module,java,Framework,Dependency injection (GIN wiring),n/a,
stroom-gwt/stroom-gwt-workbench/src/main/java/stroom/gwt/workbench/client/app/gin/content/ActivityScreenModule.java,stroom-gwt,client,gwt,Module,java,Framework,Dependency injection (GIN wiring),n/a,
stroom-gwt/stroom-gwt-workbench/src/main/java/stroom/gwt/workbench/client/app/gin/content/AnnotationScreenModule.java,stroom-gwt,client,gwt,Module,java,Framework,Dependency injection (GIN wiring),n/a,
stroom-gwt/stroom-gwt-workbench/src/main/java/stroom/gwt/workbench/client/app/gin/content/CacheScreenModule.java,stroom-gwt,client,gwt,Module,java,Framework,Dependency injection (GIN wiring),n/a,
stroom-gwt/stroom-gwt-workbench/src/main/java/stroom/gwt/workbench/client/app/gin/content/ContentAppScreenModule.java,stroom-gwt,client,gwt,Module,java,Framework,Dependency injection (GIN wiring),n/a,
stroom-gwt/stroom-gwt-workbench/src/main/java/stroom/gwt/workbench/client/app/gin/content/ContentExtrasScreenModule.java,stroom-gwt,client,gwt,Module,java,Framework,Dependency injection (GIN wiring),n/a,
stroom-gwt/stroom-gwt-workbench/src/main/java/stroom/gwt/workbench/client/app/gin/content/ContentScreenGinjector.java,stroom-gwt,client,gwt,Ginjector,java,Framework,Dependency injection (GIN wiring),n/a,
stroom-gwt/stroom-gwt-workbench/src/main/java/stroom/gwt/workbench/client/app/gin/content/ContentStoreScreenModule.java,stroom-gwt,client,gwt,Module,java,Framework,Dependency injection (GIN wiring),n/a,
stroom-gwt/stroom-gwt-workbench/src/main/java/stroom/gwt/workbench/client/app/gin/content/ContentTemplateScreenModule.java,stroom-gwt,client,gwt,Module,java,Framework,Dependency injection (GIN wiring),n/a,
stroom-gwt/stroom-gwt-workbench/src/main/java/stroom/gwt/workbench/client/app/gin/content/FsVolumeScreenModule.java,stroom-gwt,client,gwt,Module,java,Framework,Dependency injection (GIN wiring),n/a,
stroom-gwt/stroom-gwt-workbench/src/main/java/stroom/gwt/workbench/client/app/gin/content/ImportExportScreenModule.java,stroom-gwt,client,gwt,Module,java,Framework,Dependency injection (GIN wiring),n/a,
stroom-gwt/stroom-gwt-workbench/src/main/java/stroom/gwt/workbench/client/app/gin/content/IndexVolumeScreenModule.java,stroom-gwt,client,gwt,Module,java,Framework,Dependency injection (GIN wiring),n/a,
stroom-gwt/stroom-gwt-workbench/src/main/java/stroom/gwt/workbench/client/app/gin/content/PathwaysScreenModule.java,stroom-gwt,client,gwt,Module,java,Framework,Dependency injection (GIN wiring),n/a,
stroom-gwt/stroom-gwt-workbench/src/main/java/stroom/gwt/workbench/client/app/gin/content/PipelineScreenModule.java,stroom-gwt,client,gwt,Module,java,Framework,Dependency injection (GIN wiring),n/a,
stroom-gwt/stroom-gwt-workbench/src/main/java/stroom/gwt/workbench/client/app/gin/content/PlanBScreenModule.java,stroom-gwt,client,gwt,Module,java,Framework,Dependency injection (GIN wiring),n/a,
stroom-gwt/stroom-gwt-workbench/src/main/java/stroom/gwt/workbench/client/app/gin/content/ResultStoreScreenModule.java,stroom-gwt,client,gwt,Module,java,Framework,Dependency injection (GIN wiring),n/a,
stroom-gwt/stroom-gwt-workbench/src/main/java/stroom/gwt/workbench/client/app/gin/content/StreamStoreScreenModule.java,stroom-gwt,client,gwt,Module,java,Framework,Dependency injection (GIN wiring),n/a,
stroom-gwt/stroom-gwt-workbench/src/main/java/stroom/gwt/workbench/client/app/gin/content/XMLSchemaScreenModule.java,stroom-gwt,client,gwt,Module,java,Framework,Dependency injection (GIN wiring),n/a,
stroom-gwt/stroom-gwt-workbench/src/main/java/stroom/gwt/workbench/client/app/gin/dashboard/.java,stroom-gwt,client,gwt,,java,Screen/Dialog,Gwt,todo,
stroom-gwt/stroom-gwt-workbench/src/main/java/stroom/gwt/workbench/client/app/gin/dashboard/DashboardScreenGinjector.java,stroom-gwt,client,gwt,Ginjector,java,Framework,Dependency injection (GIN wiring),n/a,
stroom-gwt/stroom-gwt-workbench/src/main/java/stroom/gwt/workbench/client/app/gin/dashboard/DashboardScreenModule.java,stroom-gwt,client,gwt,Module,java,Framework,Dependency injection (GIN wiring),n/a,
stroom-gwt/stroom-gwt-workbench/src/main/java/stroom/gwt/workbench/client/app/gin/dashboard/EmbeddedQueryScreenModule.java,stroom-gwt,client,gwt,Module,java,Framework,Dependency injection (GIN wiring),n/a,
stroom-gwt/stroom-gwt-workbench/src/main/java/stroom/gwt/workbench/client/app/gin/dashboard/InputScreenModule.java,stroom-gwt,client,gwt,Module,java,Framework,Dependency injection (GIN wiring),n/a,
stroom-gwt/stroom-gwt-workbench/src/main/java/stroom/gwt/workbench/client/app/gin/dashboard/TextScreenModule.java,stroom-gwt,client,gwt,Module,java,Framework,Dependency injection (GIN wiring),n/a,
stroom-gwt/stroom-gwt-workbench/src/main/java/stroom/gwt/workbench/client/app/gin/editors/AlertScreenModule.java,stroom-gwt,client,gwt,Module,java,Framework,Dependency injection (GIN wiring),n/a,
stroom-gwt/stroom-gwt-workbench/src/main/java/stroom/gwt/workbench/client/app/gin/editors/AskStroomAIScreenModule.java,stroom-gwt,client,gwt,Module,java,Framework,Dependency injection (GIN wiring),n/a,
stroom-gwt/stroom-gwt-workbench/src/main/java/stroom/gwt/workbench/client/app/gin/editors/DataGenScreenModule.java,stroom-gwt,client,gwt,Module,java,Framework,Dependency injection (GIN wiring),n/a,
stroom-gwt/stroom-gwt-workbench/src/main/java/stroom/gwt/workbench/client/app/gin/editors/DocumentationScreenModule.java,stroom-gwt,client,gwt,Module,java,Framework,Dependency injection (GIN wiring),n/a,
stroom-gwt/stroom-gwt-workbench/src/main/java/stroom/gwt/workbench/client/app/gin/editors/EditorsScreenGinjector.java,stroom-gwt,client,gwt,Ginjector,java,Framework,Dependency injection (GIN wiring),n/a,
stroom-gwt/stroom-gwt-workbench/src/main/java/stroom/gwt/workbench/client/app/gin/editors/ElasticClusterScreenModule.java,stroom-gwt,client,gwt,Module,java,Framework,Dependency injection (GIN wiring),n/a,
stroom-gwt/stroom-gwt-workbench/src/main/java/stroom/gwt/workbench/client/app/gin/editors/ElasticIndexScreenModule.java,stroom-gwt,client,gwt,Module,java,Framework,Dependency injection (GIN wiring),n/a,
stroom-gwt/stroom-gwt-workbench/src/main/java/stroom/gwt/workbench/client/app/gin/editors/FeedScreenModule.java,stroom-gwt,client,gwt,Module,java,Framework,Dependency injection (GIN wiring),n/a,
stroom-gwt/stroom-gwt-workbench/src/main/java/stroom/gwt/workbench/client/app/gin/editors/FolderScreenModule.java,stroom-gwt,client,gwt,Module,java,Framework,Dependency injection (GIN wiring),n/a,
stroom-gwt/stroom-gwt-workbench/src/main/java/stroom/gwt/workbench/client/app/gin/editors/GitRepoScreenModule.java,stroom-gwt,client,gwt,Module,java,Framework,Dependency injection (GIN wiring),n/a,
stroom-gwt/stroom-gwt-workbench/src/main/java/stroom/gwt/workbench/client/app/gin/editors/HttpScreenModule.java,stroom-gwt,client,gwt,Module,java,Framework,Dependency injection (GIN wiring),n/a,
stroom-gwt/stroom-gwt-workbench/src/main/java/stroom/gwt/workbench/client/app/gin/editors/IndexScreenModule.java,stroom-gwt,client,gwt,Module,java,Framework,Dependency injection (GIN wiring),n/a,
stroom-gwt/stroom-gwt-workbench/src/main/java/stroom/gwt/workbench/client/app/gin/editors/KafkaConfigScreenModule.java,stroom-gwt,client,gwt,Module,java,Framework,Dependency injection (GIN wiring),n/a,
stroom-gwt/stroom-gwt-workbench/src/main/java/stroom/gwt/workbench/client/app/gin/editors/OpenAIModelScreenModule.java,stroom-gwt,client,gwt,Module,java,Framework,Dependency injection (GIN wiring),n/a,
stroom-gwt/stroom-gwt-workbench/src/main/java/stroom/gwt/workbench/client/app/gin/editors/PathwaysScreenModule.java,stroom-gwt,client,gwt,Module,java,Framework,Dependency injection (GIN wiring),n/a,
stroom-gwt/stroom-gwt-workbench/src/main/java/stroom/gwt/workbench/client/app/gin/editors/PipelineScreenModule.java,stroom-gwt,client,gwt,Module,java,Framework,Dependency injection (GIN wiring),n/a,
stroom-gwt/stroom-gwt-workbench/src/main/java/stroom/gwt/workbench/client/app/gin/editors/S3ConfigScreenModule.java,stroom-gwt,client,gwt,Module,java,Framework,Dependency injection (GIN wiring),n/a,
stroom-gwt/stroom-gwt-workbench/src/main/java/stroom/gwt/workbench/client/app/gin/editors/ScheduleScreenModule.java,stroom-gwt,client,gwt,Module,java,Framework,Dependency injection (GIN wiring),n/a,
stroom-gwt/stroom-gwt-workbench/src/main/java/stroom/gwt/workbench/client/app/gin/editors/ScriptScreenModule.java,stroom-gwt,client,gwt,Module,java,Framework,Dependency injection (GIN wiring),n/a,
stroom-gwt/stroom-gwt-workbench/src/main/java/stroom/gwt/workbench/client/app/gin/editors/SolrIndexScreenModule.java,stroom-gwt,client,gwt,Module,java,Framework,Dependency injection (GIN wiring),n/a,
stroom-gwt/stroom-gwt-workbench/src/main/java/stroom/gwt/workbench/client/app/gin/editors/StreamStoreScreenModule.java,stroom-gwt,client,gwt,Module,java,Framework,Dependency injection (GIN wiring),n/a,
stroom-gwt/stroom-gwt-workbench/src/main/java/stroom/gwt/workbench/client/app/gin/editors/VisualisationScreenModule.java,stroom-gwt,client,gwt,Module,java,Framework,Dependency injection (GIN wiring),n/a,
stroom-gwt/stroom-gwt-workbench/src/main/java/stroom/gwt/workbench/client/app/gin/editors/XMLSchemaScreenModule.java,stroom-gwt,client,gwt,Module,java,Framework,Dependency injection (GIN wiring),n/a,
stroom-gwt/stroom-gwt-workbench/src/main/java/stroom/gwt/workbench/client/app/gin/idp/IdpScreenGinjector.java,stroom-gwt,client,gwt,Ginjector,java,Framework,Dependency injection (GIN wiring),n/a,
stroom-gwt/stroom-gwt-workbench/src/main/java/stroom/gwt/workbench/client/app/gin/idp/IdpScreenModule.java,stroom-gwt,client,gwt,Module,java,Framework,Dependency injection (GIN wiring),n/a,
stroom-gwt/stroom-gwt-workbench/src/main/java/stroom/gwt/workbench/client/app/gin/processing/AnalyticsScreenModule.java,stroom-gwt,client,gwt,Module,java,Framework,Dependency injection (GIN wiring),n/a,
stroom-gwt/stroom-gwt-workbench/src/main/java/stroom/gwt/workbench/client/app/gin/processing/PipelineScreenModule.java,stroom-gwt,client,gwt,Module,java,Framework,Dependency injection (GIN wiring),n/a,
stroom-gwt/stroom-gwt-workbench/src/main/java/stroom/gwt/workbench/client/app/gin/processing/PolicyScreenModule.java,stroom-gwt,client,gwt,Module,java,Framework,Dependency injection (GIN wiring),n/a,
stroom-gwt/stroom-gwt-workbench/src/main/java/stroom/gwt/workbench/client/app/gin/processing/ProcessingExtrasScreenModule.java,stroom-gwt,client,gwt,Module,java,Framework,Dependency injection (GIN wiring),n/a,
stroom-gwt/stroom-gwt-workbench/src/main/java/stroom/gwt/workbench/client/app/gin/processing/ProcessingScreenGinjector.java,stroom-gwt,client,gwt,Ginjector,java,Framework,Dependency injection (GIN wiring),n/a,
stroom-gwt/stroom-gwt-workbench/src/main/java/stroom/gwt/workbench/client/app/gin/processing/StreamStoreScreenModule.java,stroom-gwt,client,gwt,Module,java,Framework,Dependency injection (GIN wiring),n/a,
stroom-gwt/stroom-gwt-workbench/src/main/java/stroom/gwt/workbench/client/app/gin/query/ActivityScreenModule.java,stroom-gwt,client,gwt,Module,java,Framework,Dependency injection (GIN wiring),n/a,
stroom-gwt/stroom-gwt-workbench/src/main/java/stroom/gwt/workbench/client/app/gin/query/AlertScreenModule.java,stroom-gwt,client,gwt,Module,java,Framework,Dependency injection (GIN wiring),n/a,
stroom-gwt/stroom-gwt-workbench/src/main/java/stroom/gwt/workbench/client/app/gin/query/AnalyticsScreenModule.java,stroom-gwt,client,gwt,Module,java,Framework,Dependency injection (GIN wiring),n/a,
stroom-gwt/stroom-gwt-workbench/src/main/java/stroom/gwt/workbench/client/app/gin/query/AnnotationScreenModule.java,stroom-gwt,client,gwt,Module,java,Framework,Dependency injection (GIN wiring),n/a,
stroom-gwt/stroom-gwt-workbench/src/main/java/stroom/gwt/workbench/client/app/gin/query/DashboardQueryScreenModule.java,stroom-gwt,client,gwt,Module,java,Framework,Dependency injection (GIN wiring),n/a,
stroom-gwt/stroom-gwt-workbench/src/main/java/stroom/gwt/workbench/client/app/gin/query/PipelineScreenModule.java,stroom-gwt,client,gwt,Module,java,Framework,Dependency injection (GIN wiring),n/a,
stroom-gwt/stroom-gwt-workbench/src/main/java/stroom/gwt/workbench/client/app/gin/query/PlanBScreenModule.java,stroom-gwt,client,gwt,Module,java,Framework,Dependency injection (GIN wiring),n/a,
stroom-gwt/stroom-gwt-workbench/src/main/java/stroom/gwt/workbench/client/app/gin/query/QueryExtrasScreenModule.java,stroom-gwt,client,gwt,Module,java,Framework,Dependency injection (GIN wiring),n/a,
stroom-gwt/stroom-gwt-workbench/src/main/java/stroom/gwt/workbench/client/app/gin/query/QueryScreenGinjector.java,stroom-gwt,client,gwt,Ginjector,java,Framework,Dependency injection (GIN wiring),n/a,
stroom-gwt/stroom-gwt-workbench/src/main/java/stroom/gwt/workbench/client/app/gin/query/QueryScreenModule.java,stroom-gwt,client,gwt,Module,java,Framework,Dependency injection (GIN wiring),n/a,
stroom-gwt/stroom-gwt-workbench/src/main/java/stroom/gwt/workbench/client/app/gin/query/ReportScreenModule.java,stroom-gwt,client,gwt,Module,java,Framework,Dependency injection (GIN wiring),n/a,
stroom-gwt/stroom-gwt-workbench/src/main/java/stroom/gwt/workbench/client/app/gin/query/StatisticsScreenModule.java,stroom-gwt,client,gwt,Module,java,Framework,Dependency injection (GIN wiring),n/a,
stroom-gwt/stroom-gwt-workbench/src/main/java/stroom/gwt/workbench/client/app/gin/query/StreamStoreScreenModule.java,stroom-gwt,client,gwt,Module,java,Framework,Dependency injection (GIN wiring),n/a,
stroom-gwt/stroom-gwt-workbench/src/main/java/stroom/gwt/workbench/client/app/gin/query/TableScreenModule.java,stroom-gwt,client,gwt,Module,java,Framework,Dependency injection (GIN wiring),n/a,
stroom-gwt/stroom-gwt-workbench/src/main/java/stroom/gwt/workbench/client/app/gin/query/ViewScreenModule.java,stroom-gwt,client,gwt,Module,java,Framework,Dependency injection (GIN wiring),n/a,
stroom-gwt/stroom-gwt-workbench/src/main/java/stroom/gwt/workbench/client/app/gin/query/VisScreenModule.java,stroom-gwt,client,gwt,Module,java,Framework,Dependency injection (GIN wiring),n/a,
stroom-gwt/stroom-gwt-workbench/src/main/java/stroom/gwt/workbench/client/app/gin/security/IdentityScreenModule.java,stroom-gwt,client,gwt,Module,java,Framework,Dependency injection (GIN wiring),n/a,
stroom-gwt/stroom-gwt-workbench/src/main/java/stroom/gwt/workbench/client/app/gin/security/SecurityScreenGinjector.java,stroom-gwt,client,gwt,Ginjector,java,Framework,Dependency injection (GIN wiring),n/a,
stroom-gwt/stroom-gwt-workbench/src/main/java/stroom/gwt/workbench/client/app/gin/shell/ShellAppScreenModule.java,stroom-gwt,client,gwt,Module,java,Framework,Dependency injection (GIN wiring),n/a,
stroom-gwt/stroom-gwt-workbench/src/main/java/stroom/gwt/workbench/client/app/gin/shell/ShellScreenGinjector.java,stroom-gwt,client,gwt,Ginjector,java,Framework,Dependency injection (GIN wiring),n/a,
stroom-gwt/stroom-gwt-workbench/src/main/java/stroom/gwt/workbench/client/app/idp/AuthenticationErrorStories.java,stroom-gwt,client,gwt,,java,Screen/Dialog,Gwt,todo,
stroom-gwt/stroom-gwt-workbench/src/main/java/stroom/gwt/workbench/client/app/idp/ChangePasswordStories.java,stroom-gwt,client,gwt,,java,Screen/Dialog,Gwt,todo,
stroom-gwt/stroom-gwt-workbench/src/main/java/stroom/gwt/workbench/client/app/idp/CurrentPasswordStories.java,stroom-gwt,client,gwt,,java,Screen/Dialog,Gwt,todo,
stroom-gwt/stroom-gwt-workbench/src/main/java/stroom/gwt/workbench/client/app/idp/EmailResetPasswordStories.java,stroom-gwt,client,gwt,,java,Screen/Dialog,Gwt,todo,
stroom-gwt/stroom-gwt-workbench/src/main/java/stroom/gwt/workbench/client/app/idp/IdpPage.java,stroom-gwt,client,gwt,,java,Screen/Dialog,Gwt,todo,
stroom-gwt/stroom-gwt-workbench/src/main/java/stroom/gwt/workbench/client/app/idp/IdpPlays.java,stroom-gwt,client,gwt,,java,Screen/Dialog,Gwt,todo,
stroom-gwt/stroom-gwt-workbench/src/main/java/stroom/gwt/workbench/client/app/idp/LoginStories.java,stroom-gwt,client,gwt,,java,Screen/Dialog,Gwt,todo,
stroom-gwt/stroom-gwt-workbench/src/main/java/stroom/gwt/workbench/client/app/idp/ResetPasswordStories.java,stroom-gwt,client,gwt,,java,Screen/Dialog,Gwt,todo,
stroom-gwt/stroom-gwt-workbench/src/main/java/stroom/gwt/workbench/client/app/idp/SignInFlowStories.java,stroom-gwt,client,gwt,,java,Screen/Dialog,Gwt,todo,
stroom-gwt/stroom-gwt-workbench/src/main/java/stroom/gwt/workbench/client/app/idp/SignInPages.java,stroom-gwt,client,gwt,,java,Screen/Dialog,Gwt,todo,
stroom-gwt/stroom-gwt-workbench/src/main/java/stroom/gwt/workbench/client/app/index/ElasticIndexEditorStories.java,stroom-gwt,client,gwt,,java,Screen/Dialog,Gwt,todo,
stroom-gwt/stroom-gwt-workbench/src/main/java/stroom/gwt/workbench/client/app/index/IndexEditorStories.java,stroom-gwt,client,gwt,,java,Screen/Dialog,Gwt,todo,
stroom-gwt/stroom-gwt-workbench/src/main/java/stroom/gwt/workbench/client/app/index/SolrIndexEditorStories.java,stroom-gwt,client,gwt,,java,Screen/Dialog,Gwt,todo,
stroom-gwt/stroom-gwt-workbench/src/main/java/stroom/gwt/workbench/client/app/main/AboutDialogStories.java,stroom-gwt,client,gwt,,java,Screen/Dialog,Gwt,todo,
stroom-gwt/stroom-gwt-workbench/src/main/java/stroom/gwt/workbench/client/app/main/AccountsScreenStories.java,stroom-gwt,client,gwt,,java,Screen/Dialog,Gwt,todo,
stroom-gwt/stroom-gwt-workbench/src/main/java/stroom/gwt/workbench/client/app/main/ActivityChooserStories.java,stroom-gwt,client,gwt,,java,Screen/Dialog,Gwt,todo,
stroom-gwt/stroom-gwt-workbench/src/main/java/stroom/gwt/workbench/client/app/main/ActivityFixtures.java,stroom-gwt,client,gwt,,java,Screen/Dialog,Gwt,todo,
stroom-gwt/stroom-gwt-workbench/src/main/java/stroom/gwt/workbench/client/app/main/AnnotationEditorStories.java,stroom-gwt,client,gwt,,java,Screen/Dialog,Gwt,todo,
stroom-gwt/stroom-gwt-workbench/src/main/java/stroom/gwt/workbench/client/app/main/AnnotationFixtures.java,stroom-gwt,client,gwt,,java,Screen/Dialog,Gwt,todo,
stroom-gwt/stroom-gwt-workbench/src/main/java/stroom/gwt/workbench/client/app/main/AnnotationTagScreenStories.java,stroom-gwt,client,gwt,,java,Screen/Dialog,Gwt,todo,
stroom-gwt/stroom-gwt-workbench/src/main/java/stroom/gwt/workbench/client/app/main/ApiErrorAlertHostStories.java,stroom-gwt,client,gwt,,java,Screen/Dialog,Gwt,todo,
stroom-gwt/stroom-gwt-workbench/src/main/java/stroom/gwt/workbench/client/app/main/ApiKeysScreenStories.java,stroom-gwt,client,gwt,,java,Screen/Dialog,Gwt,todo,
stroom-gwt/stroom-gwt-workbench/src/main/java/stroom/gwt/workbench/client/app/main/AppPermissionsScreenStories.java,stroom-gwt,client,gwt,,java,Screen/Dialog,Gwt,todo,
stroom-gwt/stroom-gwt-workbench/src/main/java/stroom/gwt/workbench/client/app/main/AppShellFixtures.java,stroom-gwt,client,gwt,,java,Screen/Dialog,Gwt,todo,
stroom-gwt/stroom-gwt-workbench/src/main/java/stroom/gwt/workbench/client/app/main/AppShellStories.java,stroom-gwt,client,gwt,,java,Screen/Dialog,Gwt,todo,
stroom-gwt/stroom-gwt-workbench/src/main/java/stroom/gwt/workbench/client/app/main/BeginSteppingDialogStories.java,stroom-gwt,client,gwt,,java,Screen/Dialog,Gwt,todo,
stroom-gwt/stroom-gwt-workbench/src/main/java/stroom/gwt/workbench/client/app/main/BrowseAnnotationsScreenStories.java,stroom-gwt,client,gwt,,java,Screen/Dialog,Gwt,todo,
stroom-gwt/stroom-gwt-workbench/src/main/java/stroom/gwt/workbench/client/app/main/CachesScreenStories.java,stroom-gwt,client,gwt,,java,Screen/Dialog,Gwt,todo,
stroom-gwt/stroom-gwt-workbench/src/main/java/stroom/gwt/workbench/client/app/main/ChangePasswordDialogStories.java,stroom-gwt,client,gwt,,java,Screen/Dialog,Gwt,todo,
stroom-gwt/stroom-gwt-workbench/src/main/java/stroom/gwt/workbench/client/app/main/ContentStoreScreenStories.java,stroom-gwt,client,gwt,,java,Screen/Dialog,Gwt,todo,
stroom-gwt/stroom-gwt-workbench/src/main/java/stroom/gwt/workbench/client/app/main/ContentStorySupport.java,stroom-gwt,client,gwt,,java,Screen/Dialog,Gwt,todo,
stroom-gwt/stroom-gwt-workbench/src/main/java/stroom/gwt/workbench/client/app/main/ContentTabPaneStories.java,stroom-gwt,client,gwt,,java,Screen/Dialog,Gwt,todo,
stroom-gwt/stroom-gwt-workbench/src/main/java/stroom/gwt/workbench/client/app/main/ContentTemplatesScreenStories.java,stroom-gwt,client,gwt,,java,Screen/Dialog,Gwt,todo,
stroom-gwt/stroom-gwt-workbench/src/main/java/stroom/gwt/workbench/client/app/main/CreateDocumentDialogStories.java,stroom-gwt,client,gwt,,java,Screen/Dialog,Gwt,todo,
stroom-gwt/stroom-gwt-workbench/src/main/java/stroom/gwt/workbench/client/app/main/CredentialPickerDialogStories.java,stroom-gwt,client,gwt,,java,Screen/Dialog,Gwt,todo,
stroom-gwt/stroom-gwt-workbench/src/main/java/stroom/gwt/workbench/client/app/main/CredentialsScreenStories.java,stroom-gwt,client,gwt,,java,Screen/Dialog,Gwt,todo,
stroom-gwt/stroom-gwt-workbench/src/main/java/stroom/gwt/workbench/client/app/main/CurrentActivityStories.java,stroom-gwt,client,gwt,,java,Screen/Dialog,Gwt,todo,
stroom-gwt/stroom-gwt-workbench/src/main/java/stroom/gwt/workbench/client/app/main/DataReceiptRulesScreenStories.java,stroom-gwt,client,gwt,,java,Screen/Dialog,Gwt,todo,
stroom-gwt/stroom-gwt-workbench/src/main/java/stroom/gwt/workbench/client/app/main/DataRetentionScreenStories.java,stroom-gwt,client,gwt,,java,Screen/Dialog,Gwt,todo,
stroom-gwt/stroom-gwt-workbench/src/main/java/stroom/gwt/workbench/client/app/main/DataScreenStories.java,stroom-gwt,client,gwt,,java,Screen/Dialog,Gwt,todo,
stroom-gwt/stroom-gwt-workbench/src/main/java/stroom/gwt/workbench/client/app/main/DataVolumesScreenStories.java,stroom-gwt,client,gwt,,java,Screen/Dialog,Gwt,todo,
stroom-gwt/stroom-gwt-workbench/src/main/java/stroom/gwt/workbench/client/app/main/DatabaseTablesScreenStories.java,stroom-gwt,client,gwt,,java,Screen/Dialog,Gwt,todo,
stroom-gwt/stroom-gwt-workbench/src/main/java/stroom/gwt/workbench/client/app/main/DependenciesScreenStories.java,stroom-gwt,client,gwt,,java,Screen/Dialog,Gwt,todo,
stroom-gwt/stroom-gwt-workbench/src/main/java/stroom/gwt/workbench/client/app/main/DependencyInfoDialogStories.java,stroom-gwt,client,gwt,,java,Screen/Dialog,Gwt,todo,
stroom-gwt/stroom-gwt-workbench/src/main/java/stroom/gwt/workbench/client/app/main/DocInfoDialogStories.java,stroom-gwt,client,gwt,,java,Screen/Dialog,Gwt,todo,
stroom-gwt/stroom-gwt-workbench/src/main/java/stroom/gwt/workbench/client/app/main/DocPluginStories.java,stroom-gwt,client,gwt,,java,Screen/Dialog,Gwt,todo,
stroom-gwt/stroom-gwt-workbench/src/main/java/stroom/gwt/workbench/client/app/main/DocumentCreatePermissionsGridStories.java,stroom-gwt,client,gwt,,java,Screen/Dialog,Gwt,todo,
stroom-gwt/stroom-gwt-workbench/src/main/java/stroom/gwt/workbench/client/app/main/DocumentPermissionsScreenStories.java,stroom-gwt,client,gwt,,java,Screen/Dialog,Gwt,todo,
stroom-gwt/stroom-gwt-workbench/src/main/java/stroom/gwt/workbench/client/app/main/EditAccountDialogStories.java,stroom-gwt,client,gwt,,java,Screen/Dialog,Gwt,todo,
stroom-gwt/stroom-gwt-workbench/src/main/java/stroom/gwt/workbench/client/app/main/EditTagsDialogStories.java,stroom-gwt,client,gwt,,java,Screen/Dialog,Gwt,todo,
stroom-gwt/stroom-gwt-workbench/src/main/java/stroom/gwt/workbench/client/app/main/ExecutionSchedulesScreenStories.java,stroom-gwt,client,gwt,,java,Screen/Dialog,Gwt,todo,
stroom-gwt/stroom-gwt-workbench/src/main/java/stroom/gwt/workbench/client/app/main/FindDialogStories.java,stroom-gwt,client,gwt,,java,Screen/Dialog,Gwt,todo,
stroom-gwt/stroom-gwt-workbench/src/main/java/stroom/gwt/workbench/client/app/main/FindInContentDialogStories.java,stroom-gwt,client,gwt,,java,Screen/Dialog,Gwt,todo,
stroom-gwt/stroom-gwt-workbench/src/main/java/stroom/gwt/workbench/client/app/main/ImportDialogStories.java,stroom-gwt,client,gwt,,java,Screen/Dialog,Gwt,todo,
stroom-gwt/stroom-gwt-workbench/src/main/java/stroom/gwt/workbench/client/app/main/IndexVolumesScreenStories.java,stroom-gwt,client,gwt,,java,Screen/Dialog,Gwt,todo,
stroom-gwt/stroom-gwt-workbench/src/main/java/stroom/gwt/workbench/client/app/main/JobsScreenStories.java,stroom-gwt,client,gwt,,java,Screen/Dialog,Gwt,todo,
stroom-gwt/stroom-gwt-workbench/src/main/java/stroom/gwt/workbench/client/app/main/ManageActivityDialogStories.java,stroom-gwt,client,gwt,,java,Screen/Dialog,Gwt,todo,
stroom-gwt/stroom-gwt-workbench/src/main/java/stroom/gwt/workbench/client/app/main/NodeGroupMembersDialogStories.java,stroom-gwt,client,gwt,,java,Screen/Dialog,Gwt,todo,
stroom-gwt/stroom-gwt-workbench/src/main/java/stroom/gwt/workbench/client/app/main/NodeGroupsScreenStories.java,stroom-gwt,client,gwt,,java,Screen/Dialog,Gwt,todo,
stroom-gwt/stroom-gwt-workbench/src/main/java/stroom/gwt/workbench/client/app/main/NodesScreenStories.java,stroom-gwt,client,gwt,,java,Screen/Dialog,Gwt,todo,
stroom-gwt/stroom-gwt-workbench/src/main/java/stroom/gwt/workbench/client/app/main/PipelineEditorStories.java,stroom-gwt,client,gwt,,java,Screen/Dialog,Gwt,todo,
stroom-gwt/stroom-gwt-workbench/src/main/java/stroom/gwt/workbench/client/app/main/PipelineFixtures.java,stroom-gwt,client,gwt,,java,Screen/Dialog,Gwt,todo,
stroom-gwt/stroom-gwt-workbench/src/main/java/stroom/gwt/workbench/client/app/main/PipelineTreeStories.java,stroom-gwt,client,gwt,,java,Screen/Dialog,Gwt,todo,
stroom-gwt/stroom-gwt-workbench/src/main/java/stroom/gwt/workbench/client/app/main/ProcessorFilterEditDialogStories.java,stroom-gwt,client,gwt,,java,Screen/Dialog,Gwt,todo,
stroom-gwt/stroom-gwt-workbench/src/main/java/stroom/gwt/workbench/client/app/main/ProcessorFilterListStories.java,stroom-gwt,client,gwt,,java,Screen/Dialog,Gwt,todo,
stroom-gwt/stroom-gwt-workbench/src/main/java/stroom/gwt/workbench/client/app/main/ProcessorLimitsDialogStories.java,stroom-gwt,client,gwt,,java,Screen/Dialog,Gwt,todo,
stroom-gwt/stroom-gwt-workbench/src/main/java/stroom/gwt/workbench/client/app/main/ProcessorProfilesScreenStories.java,stroom-gwt,client,gwt,,java,Screen/Dialog,Gwt,todo,
stroom-gwt/stroom-gwt-workbench/src/main/java/stroom/gwt/workbench/client/app/main/PropertiesScreenStories.java,stroom-gwt,client,gwt,,java,Screen/Dialog,Gwt,todo,
stroom-gwt/stroom-gwt-workbench/src/main/java/stroom/gwt/workbench/client/app/main/RecentItemsDialogStories.java,stroom-gwt,client,gwt,,java,Screen/Dialog,Gwt,todo,
stroom-gwt/stroom-gwt-workbench/src/main/java/stroom/gwt/workbench/client/app/main/ResultStoresDialogStories.java,stroom-gwt,client,gwt,,java,Screen/Dialog,Gwt,todo,
stroom-gwt/stroom-gwt-workbench/src/main/java/stroom/gwt/workbench/client/app/main/ServerTasksScreenStories.java,stroom-gwt,client,gwt,,java,Screen/Dialog,Gwt,todo,
stroom-gwt/stroom-gwt-workbench/src/main/java/stroom/gwt/workbench/client/app/main/ShellScreen.java,stroom-gwt,client,gwt,,java,Screen/Dialog,Gwt,todo,
stroom-gwt/stroom-gwt-workbench/src/main/java/stroom/gwt/workbench/client/app/main/SigningKeysScreenStories.java,stroom-gwt,client,gwt,,java,Screen/Dialog,Gwt,todo,
stroom-gwt/stroom-gwt-workbench/src/main/java/stroom/gwt/workbench/client/app/main/StepFilterDialogStories.java,stroom-gwt,client,gwt,,java,Screen/Dialog,Gwt,todo,
stroom-gwt/stroom-gwt-workbench/src/main/java/stroom/gwt/workbench/client/app/main/SteppingScreenStories.java,stroom-gwt,client,gwt,,java,Screen/Dialog,Gwt,todo,
stroom-gwt/stroom-gwt-workbench/src/main/java/stroom/gwt/workbench/client/app/main/TabSessionChooserDialogStories.java,stroom-gwt,client,gwt,,java,Screen/Dialog,Gwt,todo,
stroom-gwt/stroom-gwt-workbench/src/main/java/stroom/gwt/workbench/client/app/main/TracesScreenStories.java,stroom-gwt,client,gwt,,java,Screen/Dialog,Gwt,todo,
stroom-gwt/stroom-gwt-workbench/src/main/java/stroom/gwt/workbench/client/app/main/UserAccessScreenStories.java,stroom-gwt,client,gwt,,java,Screen/Dialog,Gwt,todo,
stroom-gwt/stroom-gwt-workbench/src/main/java/stroom/gwt/workbench/client/app/main/UserGroupsScreenStories.java,stroom-gwt,client,gwt,,java,Screen/Dialog,Gwt,todo,
stroom-gwt/stroom-gwt-workbench/src/main/java/stroom/gwt/workbench/client/app/main/UserProfileScreenStories.java,stroom-gwt,client,gwt,,java,Screen/Dialog,Gwt,todo,
stroom-gwt/stroom-gwt-workbench/src/main/java/stroom/gwt/workbench/client/app/main/UserTabScreenStories.java,stroom-gwt,client,gwt,,java,Screen/Dialog,Gwt,todo,
stroom-gwt/stroom-gwt-workbench/src/main/java/stroom/gwt/workbench/client/app/main/UserTaskManagerDialogStories.java,stroom-gwt,client,gwt,,java,Screen/Dialog,Gwt,todo,
stroom-gwt/stroom-gwt-workbench/src/main/java/stroom/gwt/workbench/client/app/main/UsersScreenStories.java,stroom-gwt,client,gwt,,java,Screen/Dialog,Gwt,todo,
stroom-gwt/stroom-gwt-workbench/src/main/java/stroom/gwt/workbench/client/app/main/VisualisationAssetsStories.java,stroom-gwt,client,gwt,,java,Screen/Dialog,Gwt,todo,
stroom-gwt/stroom-gwt-workbench/src/main/java/stroom/gwt/workbench/client/app/main/WelcomeScreenStories.java,stroom-gwt,client,gwt,,java,Screen/Dialog,Gwt,todo,
stroom-gwt/stroom-gwt-workbench/src/main/java/stroom/gwt/workbench/client/app/query/DocumentEditors.java,stroom-gwt,client,gwt,,java,Screen/Dialog,Gwt,todo,
stroom-gwt/stroom-gwt-workbench/src/main/java/stroom/gwt/workbench/client/app/query/QueryFixtures.java,stroom-gwt,client,gwt,,java,Screen/Dialog,Gwt,todo,
stroom-gwt/stroom-gwt-workbench/src/main/java/stroom/gwt/workbench/client/app/query/QueryResultsTableStories.java,stroom-gwt,client,gwt,,java,Screen/Dialog,Gwt,todo,
stroom-gwt/stroom-gwt-workbench/src/main/java/stroom/gwt/workbench/client/app/rest/CorpusKey.java,stroom-gwt,client,gwt,,java,Screen/Dialog,Gwt,todo,
stroom-gwt/stroom-gwt-workbench/src/main/java/stroom/gwt/workbench/client/app/rest/FixtureDispatcher.java,stroom-gwt,client,gwt,,java,Screen/Dialog,Gwt,todo,
stroom-gwt/stroom-gwt-workbench/src/main/java/stroom/gwt/workbench/client/app/rest/FixtureResponse.java,stroom-gwt,client,gwt,,java,Screen/Dialog,Gwt,todo,
stroom-gwt/stroom-gwt-workbench/src/main/java/stroom/gwt/workbench/client/app/rest/FixtureSession.java,stroom-gwt,client,gwt,,java,Screen/Dialog,Gwt,todo,
stroom-gwt/stroom-gwt-workbench/src/main/java/stroom/gwt/workbench/client/app/rest/FixtureUploads.java,stroom-gwt,client,gwt,,java,Screen/Dialog,Gwt,todo,
stroom-gwt/stroom-gwt-workbench/src/main/java/stroom/gwt/workbench/client/app/rest/JsonValues.java,stroom-gwt,client,gwt,,java,Screen/Dialog,Gwt,todo,
stroom-gwt/stroom-gwt-workbench/src/main/java/stroom/gwt/workbench/client/app/rest/RecordedRequest.java,stroom-gwt,client,gwt,,java,Screen/Dialog,Gwt,todo,
stroom-gwt/stroom-gwt-workbench/src/main/java/stroom/gwt/workbench/client/app/rest/RecordedUpload.java,stroom-gwt,client,gwt,,java,Screen/Dialog,Gwt,todo,
stroom-gwt/stroom-gwt-workbench/src/main/java/stroom/gwt/workbench/client/app/rest/ReplyScheduler.java,stroom-gwt,client,gwt,,java,Screen/Dialog,Gwt,todo,
stroom-gwt/stroom-gwt-workbench/src/main/java/stroom/gwt/workbench/client/app/rest/RequestMatcher.java,stroom-gwt,client,gwt,,java,Screen/Dialog,Gwt,todo,
stroom-gwt/stroom-gwt-workbench/src/main/java/stroom/gwt/workbench/client/app/rest/RestFixtures.java,stroom-gwt,client,gwt,,java,Screen/Dialog,Gwt,todo,
stroom-gwt/stroom-gwt-workbench/src/main/java/stroom/gwt/workbench/client/app/rest/RestHandler.java,stroom-gwt,client,gwt,Handler,java,Screen/Dialog,Gwt,todo,
stroom-gwt/stroom-gwt-workbench/src/main/java/stroom/gwt/workbench/client/app/rest/RestReply.java,stroom-gwt,client,gwt,,java,Screen/Dialog,Gwt,todo,
stroom-gwt/stroom-gwt-workbench/src/main/java/stroom/gwt/workbench/client/app/rest/Sha1.java,stroom-gwt,client,gwt,,java,Screen/Dialog,Gwt,todo,
stroom-gwt/stroom-gwt-workbench/src/main/java/stroom/gwt/workbench/client/app/rest/StartupFixtures.java,stroom-gwt,client,gwt,,java,Screen/Dialog,Gwt,todo,
stroom-gwt/stroom-gwt-workbench/src/main/java/stroom/gwt/workbench/client/app/rest/TimerReplyScheduler.java,stroom-gwt,client,gwt,,java,Screen/Dialog,Gwt,todo,
stroom-gwt/stroom-gwt-workbench/src/main/java/stroom/gwt/workbench/client/app/rest/UploadReply.java,stroom-gwt,client,gwt,,java,Screen/Dialog,Gwt,todo,
stroom-gwt/stroom-gwt-workbench/src/main/java/stroom/gwt/workbench/client/app/screen/LeakProbe.java,stroom-gwt,client,gwt,,java,Screen/Dialog,Gwt,todo,
stroom-gwt/stroom-gwt-workbench/src/main/java/stroom/gwt/workbench/client/app/screen/PopupTracker.java,stroom-gwt,client,gwt,,java,Screen/Dialog,Gwt,todo,
stroom-gwt/stroom-gwt-workbench/src/main/java/stroom/gwt/workbench/client/app/screen/ScreenGinModule.java,stroom-gwt,client,gwt,Module,java,Framework,Dependency injection (GIN wiring),n/a,
stroom-gwt/stroom-gwt-workbench/src/main/java/stroom/gwt/workbench/client/app/screen/ScreenGinjector.java,stroom-gwt,client,gwt,Ginjector,java,Framework,Dependency injection (GIN wiring),n/a,
stroom-gwt/stroom-gwt-workbench/src/main/java/stroom/gwt/workbench/client/app/screen/ScreenHarness.java,stroom-gwt,client,gwt,,java,Screen/Dialog,Gwt,todo,
stroom-gwt/stroom-gwt-workbench/src/main/java/stroom/gwt/workbench/client/app/screen/StoryDispatcher.java,stroom-gwt,client,gwt,,java,Screen/Dialog,Gwt,todo,
stroom-gwt/stroom-gwt-workbench/src/main/java/stroom/gwt/workbench/client/app/screen/StoryDocumentPlugins.java,stroom-gwt,client,gwt,,java,Screen/Dialog,Gwt,todo,
stroom-gwt/stroom-gwt-workbench/src/main/java/stroom/gwt/workbench/client/app/screen/StoryEventBus.java,stroom-gwt,client,gwt,,java,Screen/Dialog,Gwt,todo,
stroom-gwt/stroom-gwt-workbench/src/main/java/stroom/gwt/workbench/client/app/screen/StoryGlobalKeyHandler.java,stroom-gwt,client,gwt,Handler,java,Screen/Dialog,Gwt,todo,
stroom-gwt/stroom-gwt-workbench/src/main/java/stroom/gwt/workbench/client/app/screen/StoryLocationManager.java,stroom-gwt,client,gwt,Manager,java,Screen/Dialog,Gwt,todo,
stroom-gwt/stroom-gwt-workbench/src/main/java/stroom/gwt/workbench/client/app/screen/StorySecurityContext.java,stroom-gwt,client,gwt,,java,Screen/Dialog,Gwt,todo,
stroom-gwt/stroom-gwt-workbench/src/main/java/stroom/gwt/workbench/client/app/screen/StoryUploadTransport.java,stroom-gwt,client,gwt,,java,Screen/Dialog,Gwt,todo,
stroom-gwt/stroom-gwt-workbench/src/main/java/stroom/gwt/workbench/client/app/screen/StroomDom.java,stroom-gwt,client,gwt,,java,Screen/Dialog,Gwt,todo,
stroom-gwt/stroom-gwt-workbench/src/main/java/stroom/gwt/workbench/client/app/screen/StroomRestFactory.java,stroom-gwt,client,gwt,Factory,java,Screen/Dialog,Gwt,todo,
stroom-gwt/stroom-gwt-workbench/src/main/java/stroom/gwt/workbench/client/app/security/DocumentPermissionsTabStories.java,stroom-gwt,client,gwt,,java,Screen/Dialog,Gwt,todo,
stroom-gwt/stroom-gwt-workbench/src/main/java/stroom/gwt/workbench/client/app/security/SecurityPlays.java,stroom-gwt,client,gwt,,java,Screen/Dialog,Gwt,todo,
stroom-gwt/stroom-gwt-workbench/src/main/java/stroom/gwt/workbench/client/screens/signin/RedirectUrlStories.java,stroom-gwt,client,gwt,,java,Screen/Dialog,Gwt,todo,
stroom-gwt/stroom-gwt-workbench/src/main/java/stroom/gwt/workbench/client/widgets/ContentPresenter.java,stroom-gwt,client,gwt,Presenter,java,Screen/Dialog,Gwt,todo,
stroom-gwt/stroom-gwt-workbench/src/main/java/stroom/gwt/workbench/client/widgets/StoryArgs.java,stroom-gwt,client,gwt,,java,Screen/Dialog,Gwt,todo,
stroom-gwt/stroom-gwt-workbench/src/main/java/stroom/gwt/workbench/client/widgets/StoryPopups.java,stroom-gwt,client,gwt,,java,Screen/Dialog,Gwt,todo,
stroom-gwt/stroom-gwt-workbench/src/main/java/stroom/gwt/workbench/client/widgets/aceeditor/FormatStories.java,stroom-gwt,client,gwt,,java,Screen/Dialog,Gwt,todo,
stroom-gwt/stroom-gwt-workbench/src/main/java/stroom/gwt/workbench/client/widgets/actionmenucell/ActionMenuCellStories.java,stroom-gwt,client,gwt,,java,Screen/Dialog,Gwt,todo,
stroom-gwt/stroom-gwt-workbench/src/main/java/stroom/gwt/workbench/client/widgets/buttons/ButtonStories.java,stroom-gwt,client,gwt,,java,Screen/Dialog,Gwt,todo,
stroom-gwt/stroom-gwt-workbench/src/main/java/stroom/gwt/workbench/client/widgets/buttons/IconButtonStories.java,stroom-gwt,client,gwt,,java,Screen/Dialog,Gwt,todo,
stroom-gwt/stroom-gwt-workbench/src/main/java/stroom/gwt/workbench/client/widgets/buttons/StepControlsStories.java,stroom-gwt,client,gwt,,java,Screen/Dialog,Gwt,todo,
stroom-gwt/stroom-gwt-workbench/src/main/java/stroom/gwt/workbench/client/widgets/celllist/CellListStories.java,stroom-gwt,client,gwt,,java,Screen/Dialog,Gwt,todo,
stroom-gwt/stroom-gwt-workbench/src/main/java/stroom/gwt/workbench/client/widgets/cellrenderers/CellRendererWidgets.java,stroom-gwt,client,gwt,,java,Screen/Dialog,Gwt,todo,
stroom-gwt/stroom-gwt-workbench/src/main/java/stroom/gwt/workbench/client/widgets/cellrenderers/DocRefCellStories.java,stroom-gwt,client,gwt,,java,Screen/Dialog,Gwt,todo,
stroom-gwt/stroom-gwt-workbench/src/main/java/stroom/gwt/workbench/client/widgets/cellrenderers/DocumentTypeCellStories.java,stroom-gwt,client,gwt,,java,Screen/Dialog,Gwt,todo,
stroom-gwt/stroom-gwt-workbench/src/main/java/stroom/gwt/workbench/client/widgets/cellrenderers/ExpanderCellStories.java,stroom-gwt,client,gwt,,java,Screen/Dialog,Gwt,todo,
stroom-gwt/stroom-gwt-workbench/src/main/java/stroom/gwt/workbench/client/widgets/cellrenderers/FeedRefCellStories.java,stroom-gwt,client,gwt,,java,Screen/Dialog,Gwt,todo,
stroom-gwt/stroom-gwt-workbench/src/main/java/stroom/gwt/workbench/client/widgets/cellrenderers/SvgCellStories.java,stroom-gwt,client,gwt,,java,Screen/Dialog,Gwt,todo,
stroom-gwt/stroom-gwt-workbench/src/main/java/stroom/gwt/workbench/client/widgets/cellrenderers/TickBoxCellStories.java,stroom-gwt,client,gwt,,java,Screen/Dialog,Gwt,todo,
stroom-gwt/stroom-gwt-workbench/src/main/java/stroom/gwt/workbench/client/widgets/cellrenderers/UserRefCellStories.java,stroom-gwt,client,gwt,,java,Screen/Dialog,Gwt,todo,
stroom-gwt/stroom-gwt-workbench/src/main/java/stroom/gwt/workbench/client/widgets/datagrid/DataGridRows.java,stroom-gwt,client,gwt,,java,Screen/Dialog,Gwt,todo,
stroom-gwt/stroom-gwt-workbench/src/main/java/stroom/gwt/workbench/client/widgets/datagrid/DataGridStories.java,stroom-gwt,client,gwt,,java,Screen/Dialog,Gwt,todo,
stroom-gwt/stroom-gwt-workbench/src/main/java/stroom/gwt/workbench/client/widgets/dateandtime/CalendarGridStories.java,stroom-gwt,client,gwt,,java,Screen/Dialog,Gwt,todo,
stroom-gwt/stroom-gwt-workbench/src/main/java/stroom/gwt/workbench/client/widgets/dateandtime/CustomDateBoxStories.java,stroom-gwt,client,gwt,,java,Screen/Dialog,Gwt,todo,
stroom-gwt/stroom-gwt-workbench/src/main/java/stroom/gwt/workbench/client/widgets/dateandtime/DateTimePickerStories.java,stroom-gwt,client,gwt,,java,Screen/Dialog,Gwt,todo,
stroom-gwt/stroom-gwt-workbench/src/main/java/stroom/gwt/workbench/client/widgets/dateandtime/DateTimeWidgets.java,stroom-gwt,client,gwt,,java,Screen/Dialog,Gwt,todo,
stroom-gwt/stroom-gwt-workbench/src/main/java/stroom/gwt/workbench/client/widgets/dateandtime/DurationPickerStories.java,stroom-gwt,client,gwt,,java,Screen/Dialog,Gwt,todo,
stroom-gwt/stroom-gwt-workbench/src/main/java/stroom/gwt/workbench/client/widgets/dateandtime/TimePickerStories.java,stroom-gwt,client,gwt,,java,Screen/Dialog,Gwt,todo,
stroom-gwt/stroom-gwt-workbench/src/main/java/stroom/gwt/workbench/client/widgets/dialogs/AlertDialogStories.java,stroom-gwt,client,gwt,,java,Screen/Dialog,Gwt,todo,
stroom-gwt/stroom-gwt-workbench/src/main/java/stroom/gwt/workbench/client/widgets/dialogs/DialogStories.java,stroom-gwt,client,gwt,,java,Screen/Dialog,Gwt,todo,
stroom-gwt/stroom-gwt-workbench/src/main/java/stroom/gwt/workbench/client/widgets/dialogs/DialogTitleStories.java,stroom-gwt,client,gwt,,java,Screen/Dialog,Gwt,todo,
stroom-gwt/stroom-gwt-workbench/src/main/java/stroom/gwt/workbench/client/widgets/dialogs/DialogWidgets.java,stroom-gwt,client,gwt,,java,Screen/Dialog,Gwt,todo,
stroom-gwt/stroom-gwt-workbench/src/main/java/stroom/gwt/workbench/client/widgets/dialogs/ExplorerDropdownPopupStories.java,stroom-gwt,client,gwt,,java,Screen/Dialog,Gwt,todo,
stroom-gwt/stroom-gwt-workbench/src/main/java/stroom/gwt/workbench/client/widgets/dialogs/ModalStories.java,stroom-gwt,client,gwt,,java,Screen/Dialog,Gwt,todo,
stroom-gwt/stroom-gwt-workbench/src/main/java/stroom/gwt/workbench/client/widgets/dialogs/PromptDialogStories.java,stroom-gwt,client,gwt,,java,Screen/Dialog,Gwt,todo,
stroom-gwt/stroom-gwt-workbench/src/main/java/stroom/gwt/workbench/client/widgets/dialogs/StaticDialogStories.java,stroom-gwt,client,gwt,,java,Screen/Dialog,Gwt,todo,
stroom-gwt/stroom-gwt-workbench/src/main/java/stroom/gwt/workbench/client/widgets/dialogs/TextBoxPopupDialogStories.java,stroom-gwt,client,gwt,,java,Screen/Dialog,Gwt,todo,
stroom-gwt/stroom-gwt-workbench/src/main/java/stroom/gwt/workbench/client/widgets/display/ClassificationLabelStories.java,stroom-gwt,client,gwt,,java,Screen/Dialog,Gwt,todo,
stroom-gwt/stroom-gwt-workbench/src/main/java/stroom/gwt/workbench/client/widgets/display/ClassificationWrapperStories.java,stroom-gwt,client,gwt,,java,Screen/Dialog,Gwt,todo,
stroom-gwt/stroom-gwt-workbench/src/main/java/stroom/gwt/workbench/client/widgets/display/CopyTextStories.java,stroom-gwt,client,gwt,,java,Screen/Dialog,Gwt,todo,
stroom-gwt/stroom-gwt-workbench/src/main/java/stroom/gwt/workbench/client/widgets/display/DisplayWidgets.java,stroom-gwt,client,gwt,,java,Screen/Dialog,Gwt,todo,
stroom-gwt/stroom-gwt-workbench/src/main/java/stroom/gwt/workbench/client/widgets/display/HtmlPresenterStories.java,stroom-gwt,client,gwt,,java,Screen/Dialog,Gwt,todo,
stroom-gwt/stroom-gwt-workbench/src/main/java/stroom/gwt/workbench/client/widgets/display/InfinityLogoStories.java,stroom-gwt,client,gwt,,java,Screen/Dialog,Gwt,todo,
stroom-gwt/stroom-gwt-workbench/src/main/java/stroom/gwt/workbench/client/widgets/display/LogoStories.java,stroom-gwt,client,gwt,,java,Screen/Dialog,Gwt,todo,
stroom-gwt/stroom-gwt-workbench/src/main/java/stroom/gwt/workbench/client/widgets/editorsandviewers/AceEditorStories.java,stroom-gwt,client,gwt,,java,Screen/Dialog,Gwt,todo,
stroom-gwt/stroom-gwt-workbench/src/main/java/stroom/gwt/workbench/client/widgets/editorsandviewers/DataFixtures.java,stroom-gwt,client,gwt,,java,Screen/Dialog,Gwt,todo,
stroom-gwt/stroom-gwt-workbench/src/main/java/stroom/gwt/workbench/client/widgets/editorsandviewers/EditorWidgets.java,stroom-gwt,client,gwt,,java,Screen/Dialog,Gwt,todo,
stroom-gwt/stroom-gwt-workbench/src/main/java/stroom/gwt/workbench/client/widgets/editorsandviewers/MarkdownEditorStories.java,stroom-gwt,client,gwt,,java,Screen/Dialog,Gwt,todo,
stroom-gwt/stroom-gwt-workbench/src/main/java/stroom/gwt/workbench/client/widgets/editorsandviewers/SourcePresenterStories.java,stroom-gwt,client,gwt,,java,Screen/Dialog,Gwt,todo,
stroom-gwt/stroom-gwt-workbench/src/main/java/stroom/gwt/workbench/client/widgets/editorsandviewers/SourceViewerStories.java,stroom-gwt,client,gwt,,java,Screen/Dialog,Gwt,todo,
stroom-gwt/stroom-gwt-workbench/src/main/java/stroom/gwt/workbench/client/widgets/editorsandviewers/TextPresenterStories.java,stroom-gwt,client,gwt,,java,Screen/Dialog,Gwt,todo,
stroom-gwt/stroom-gwt-workbench/src/main/java/stroom/gwt/workbench/client/widgets/editorsandviewers/XsdBrowserStories.java,stroom-gwt,client,gwt,,java,Screen/Dialog,Gwt,todo,
stroom-gwt/stroom-gwt-workbench/src/main/java/stroom/gwt/workbench/client/widgets/entitychecktree/EntityCheckTreeStories.java,stroom-gwt,client,gwt,,java,Screen/Dialog,Gwt,todo,
stroom-gwt/stroom-gwt-workbench/src/main/java/stroom/gwt/workbench/client/widgets/feedback/ProgressBarStories.java,stroom-gwt,client,gwt,,java,Screen/Dialog,Gwt,todo,
stroom-gwt/stroom-gwt-workbench/src/main/java/stroom/gwt/workbench/client/widgets/feedback/SpinnerStories.java,stroom-gwt,client,gwt,,java,Screen/Dialog,Gwt,todo,
stroom-gwt/stroom-gwt-workbench/src/main/java/stroom/gwt/workbench/client/widgets/feedback/TaskCounterStories.java,stroom-gwt,client,gwt,,java,Screen/Dialog,Gwt,todo,
stroom-gwt/stroom-gwt-workbench/src/main/java/stroom/gwt/workbench/client/widgets/formatdatetime/FormatDateTimeStories.java,stroom-gwt,client,gwt,,java,Screen/Dialog,Gwt,todo,
stroom-gwt/stroom-gwt-workbench/src/main/java/stroom/gwt/workbench/client/widgets/glass/DragGuardContractStories.java,stroom-gwt,client,gwt,,java,Screen/Dialog,Gwt,todo,
stroom-gwt/stroom-gwt-workbench/src/main/java/stroom/gwt/workbench/client/widgets/inputs/FileChooserStories.java,stroom-gwt,client,gwt,,java,Screen/Dialog,Gwt,todo,
stroom-gwt/stroom-gwt-workbench/src/main/java/stroom/gwt/workbench/client/widgets/inputs/FormGroupStories.java,stroom-gwt,client,gwt,,java,Screen/Dialog,Gwt,todo,
stroom-gwt/stroom-gwt-workbench/src/main/java/stroom/gwt/workbench/client/widgets/inputs/InputWidgets.java,stroom-gwt,client,gwt,,java,Screen/Dialog,Gwt,todo,
stroom-gwt/stroom-gwt-workbench/src/main/java/stroom/gwt/workbench/client/widgets/inputs/LineColInputStories.java,stroom-gwt,client,gwt,,java,Screen/Dialog,Gwt,todo,
stroom-gwt/stroom-gwt-workbench/src/main/java/stroom/gwt/workbench/client/widgets/inputs/PasswordInputStories.java,stroom-gwt,client,gwt,,java,Screen/Dialog,Gwt,todo,
stroom-gwt/stroom-gwt-workbench/src/main/java/stroom/gwt/workbench/client/widgets/inputs/QuickFilterPanelStories.java,stroom-gwt,client,gwt,,java,Screen/Dialog,Gwt,todo,
stroom-gwt/stroom-gwt-workbench/src/main/java/stroom/gwt/workbench/client/widgets/inputs/QuickFilterStories.java,stroom-gwt,client,gwt,,java,Screen/Dialog,Gwt,todo,
stroom-gwt/stroom-gwt-workbench/src/main/java/stroom/gwt/workbench/client/widgets/inputs/SingleLineEditorStories.java,stroom-gwt,client,gwt,,java,Screen/Dialog,Gwt,todo,
stroom-gwt/stroom-gwt-workbench/src/main/java/stroom/gwt/workbench/client/widgets/inputs/TextInputStories.java,stroom-gwt,client,gwt,,java,Screen/Dialog,Gwt,todo,
stroom-gwt/stroom-gwt-workbench/src/main/java/stroom/gwt/workbench/client/widgets/inputs/TickBoxStories.java,stroom-gwt,client,gwt,,java,Screen/Dialog,Gwt,todo,
stroom-gwt/stroom-gwt-workbench/src/main/java/stroom/gwt/workbench/client/widgets/inputs/ValueSpinnerStories.java,stroom-gwt,client,gwt,,java,Screen/Dialog,Gwt,todo,
stroom-gwt/stroom-gwt-workbench/src/main/java/stroom/gwt/workbench/client/widgets/inputs/ViewStateStories.java,stroom-gwt,client,gwt,,java,Screen/Dialog,Gwt,todo,
stroom-gwt/stroom-gwt-workbench/src/main/java/stroom/gwt/workbench/client/widgets/layout/RoundedPanelStories.java,stroom-gwt,client,gwt,,java,Screen/Dialog,Gwt,todo,
stroom-gwt/stroom-gwt-workbench/src/main/java/stroom/gwt/workbench/client/widgets/layout/SplitLayoutPanelStories.java,stroom-gwt,client,gwt,,java,Screen/Dialog,Gwt,todo,
stroom-gwt/stroom-gwt-workbench/src/main/java/stroom/gwt/workbench/client/widgets/layout/SplitPanes.java,stroom-gwt,client,gwt,,java,Screen/Dialog,Gwt,todo,
stroom-gwt/stroom-gwt-workbench/src/main/java/stroom/gwt/workbench/client/widgets/layout/ThinSplitLayoutPanelStories.java,stroom-gwt,client,gwt,,java,Screen/Dialog,Gwt,todo,
stroom-gwt/stroom-gwt-workbench/src/main/java/stroom/gwt/workbench/client/widgets/menu/MenuItemWidgetStories.java,stroom-gwt,client,gwt,,java,Screen/Dialog,Gwt,todo,
stroom-gwt/stroom-gwt-workbench/src/main/java/stroom/gwt/workbench/client/widgets/menu/MenuPanelStories.java,stroom-gwt,client,gwt,,java,Screen/Dialog,Gwt,todo,
stroom-gwt/stroom-gwt-workbench/src/main/java/stroom/gwt/workbench/client/widgets/menu/MenuWidgets.java,stroom-gwt,client,gwt,,java,Screen/Dialog,Gwt,todo,
stroom-gwt/stroom-gwt-workbench/src/main/java/stroom/gwt/workbench/client/widgets/overlays/HelpButtonStories.java,stroom-gwt,client,gwt,,java,Screen/Dialog,Gwt,todo,
stroom-gwt/stroom-gwt-workbench/src/main/java/stroom/gwt/workbench/client/widgets/overlays/TooltipStories.java,stroom-gwt,client,gwt,,java,Screen/Dialog,Gwt,todo,
stroom-gwt/stroom-gwt-workbench/src/main/java/stroom/gwt/workbench/client/widgets/overlays/TooltipWidgetStories.java,stroom-gwt,client,gwt,,java,Screen/Dialog,Gwt,todo,
stroom-gwt/stroom-gwt-workbench/src/main/java/stroom/gwt/workbench/client/widgets/popover/InfoPopoverCellStories.java,stroom-gwt,client,gwt,,java,Screen/Dialog,Gwt,todo,
stroom-gwt/stroom-gwt-workbench/src/main/java/stroom/gwt/workbench/client/widgets/popover/PopoverStories.java,stroom-gwt,client,gwt,,java,Screen/Dialog,Gwt,todo,
stroom-gwt/stroom-gwt-workbench/src/main/java/stroom/gwt/workbench/client/widgets/popuppositioner/PopupCase.java,stroom-gwt,client,gwt,,java,Screen/Dialog,Gwt,todo,
stroom-gwt/stroom-gwt-workbench/src/main/java/stroom/gwt/workbench/client/widgets/popuppositioner/PopupContractStories.java,stroom-gwt,client,gwt,,java,Screen/Dialog,Gwt,todo,
stroom-gwt/stroom-gwt-workbench/src/main/java/stroom/gwt/workbench/client/widgets/popuppositioner/PopupDom.java,stroom-gwt,client,gwt,,java,Screen/Dialog,Gwt,todo,
stroom-gwt/stroom-gwt-workbench/src/main/java/stroom/gwt/workbench/client/widgets/popuppositioner/PopupHarnesses.java,stroom-gwt,client,gwt,,java,Screen/Dialog,Gwt,todo,
stroom-gwt/stroom-gwt-workbench/src/main/java/stroom/gwt/workbench/client/widgets/query/ExpressionBuilderStories.java,stroom-gwt,client,gwt,,java,Screen/Dialog,Gwt,todo,
stroom-gwt/stroom-gwt-workbench/src/main/java/stroom/gwt/workbench/client/widgets/query/FieldFixture.java,stroom-gwt,client,gwt,,java,Screen/Dialog,Gwt,todo,
stroom-gwt/stroom-gwt-workbench/src/main/java/stroom/gwt/workbench/client/widgets/selectors/DocSelectionBoxStories.java,stroom-gwt,client,gwt,,java,Screen/Dialog,Gwt,todo,
stroom-gwt/stroom-gwt-workbench/src/main/java/stroom/gwt/workbench/client/widgets/selectors/DropDownSelectorStories.java,stroom-gwt,client,gwt,,java,Screen/Dialog,Gwt,todo,
stroom-gwt/stroom-gwt-workbench/src/main/java/stroom/gwt/workbench/client/widgets/selectors/ExplorerGinModule.java,stroom-gwt,client,gwt,Module,java,Framework,Dependency injection (GIN wiring),n/a,
stroom-gwt/stroom-gwt-workbench/src/main/java/stroom/gwt/workbench/client/widgets/selectors/ExplorerGinjector.java,stroom-gwt,client,gwt,Ginjector,java,Framework,Dependency injection (GIN wiring),n/a,
stroom-gwt/stroom-gwt-workbench/src/main/java/stroom/gwt/workbench/client/widgets/selectors/SelectionBoxStories.java,stroom-gwt,client,gwt,,java,Screen/Dialog,Gwt,todo,
stroom-gwt/stroom-gwt-workbench/src/main/java/stroom/gwt/workbench/client/widgets/selectors/SelectorWidgets.java,stroom-gwt,client,gwt,,java,Screen/Dialog,Gwt,todo,
stroom-gwt/stroom-gwt-workbench/src/main/java/stroom/gwt/workbench/client/widgets/selectors/UserFixture.java,stroom-gwt,client,gwt,,java,Screen/Dialog,Gwt,todo,
stroom-gwt/stroom-gwt-workbench/src/main/java/stroom/gwt/workbench/client/widgets/selectors/UserRefSelectionBoxStories.java,stroom-gwt,client,gwt,,java,Screen/Dialog,Gwt,todo,
stroom-gwt/stroom-gwt-workbench/src/main/java/stroom/gwt/workbench/client/widgets/tabs/CurveTabBarStories.java,stroom-gwt,client,gwt,,java,Screen/Dialog,Gwt,todo,
stroom-gwt/stroom-gwt-workbench/src/main/java/stroom/gwt/workbench/client/widgets/tabs/LinkTabPanelStories.java,stroom-gwt,client,gwt,,java,Screen/Dialog,Gwt,todo,
stroom-gwt/stroom-gwt-workbench/src/main/java/stroom/gwt/workbench/client/widgets/tabs/LinkTabsWidgetStories.java,stroom-gwt,client,gwt,,java,Screen/Dialog,Gwt,todo,
stroom-gwt/stroom-gwt-workbench/src/main/java/stroom/gwt/workbench/client/widgets/tabs/TabWidgets.java,stroom-gwt,client,gwt,,java,Screen/Dialog,Gwt,todo,
stroom-gwt/stroom-gwt-workbench/src/main/java/stroom/gwt/workbench/client/widgets/tree/ExplorerFixture.java,stroom-gwt,client,gwt,,java,Screen/Dialog,Gwt,todo,
stroom-gwt/stroom-gwt-workbench/src/main/java/stroom/gwt/workbench/client/widgets/tree/ExplorerTreeStories.java,stroom-gwt,client,gwt,,java,Screen/Dialog,Gwt,todo,
stroom-gwt/stroom-gwt-workbench/src/main/java/stroom/gwt/workbench/client/widgets/tree/HTreeStories.java,stroom-gwt,client,gwt,,java,Screen/Dialog,Gwt,todo,
stroom-gwt/stroom-gwt-workbench/src/main/java/stroom/gwt/workbench/client/widgets/tree/TreeFixtures.java,stroom-gwt,client,gwt,,java,Screen/Dialog,Gwt,todo,
stroom-gwt/stroom-gwt-workbench/src/main/java/stroom/gwt/workbench/client/widgets/tree/TypeFilterStories.java,stroom-gwt,client,gwt,,java,Screen/Dialog,Gwt,todo,
stroom-query/stroom-query-api/src/main/java/stroom/query/api/Column.java,stroom-query,api,query,,java,Model,Query / search,generated,openapi-typescript
stroom-query/stroom-query-api/src/main/java/stroom/query/api/ColumnFilter.java,stroom-query,api,query,,java,Model,Query / search,generated,openapi-typescript
stroom-query/stroom-query-api/src/main/java/stroom/query/api/ColumnRef.java,stroom-query,api,query,,java,Model,Query / search,generated,openapi-typescript
stroom-query/stroom-query-api/src/main/java/stroom/query/api/ColumnValueSelection.java,stroom-query,api,query,,java,Model,Query / search,generated,openapi-typescript
stroom-query/stroom-query-api/src/main/java/stroom/query/api/ConditionalFormattingRule.java,stroom-query,api,query,,java,Model,Query / search,generated,openapi-typescript
stroom-query/stroom-query-api/src/main/java/stroom/query/api/ConditionalFormattingStyle.java,stroom-query,api,query,,java,Model,Query / search,generated,openapi-typescript
stroom-query/stroom-query-api/src/main/java/stroom/query/api/ConditionalFormattingType.java,stroom-query,api,query,Type,java,Model,Query / search,generated,openapi-typescript
stroom-query/stroom-query-api/src/main/java/stroom/query/api/CustomConditionalFormattingStyle.java,stroom-query,api,query,,java,Model,Query / search,generated,openapi-typescript
stroom-query/stroom-query-api/src/main/java/stroom/query/api/CustomRowStyle.java,stroom-query,api,query,,java,Model,Query / search,generated,openapi-typescript
stroom-query/stroom-query-api/src/main/java/stroom/query/api/DateTimeFormatSettings.java,stroom-query,api,query,Settings,java,Model,Query / search,generated,openapi-typescript
stroom-query/stroom-query-api/src/main/java/stroom/query/api/DateTimeSettings.java,stroom-query,api,query,Settings,java,Model,Query / search,generated,openapi-typescript
stroom-query/stroom-query-api/src/main/java/stroom/query/api/DestroyReason.java,stroom-query,api,query,,java,Model,Query / search,generated,openapi-typescript
stroom-query/stroom-query-api/src/main/java/stroom/query/api/ExpressionItem.java,stroom-query,api,query,,java,Model,Query / search,generated,openapi-typescript
stroom-query/stroom-query-api/src/main/java/stroom/query/api/ExpressionOperator.java,stroom-query,api,query,,java,Model,Query / search,generated,openapi-typescript
stroom-query/stroom-query-api/src/main/java/stroom/query/api/ExpressionTerm.java,stroom-query,api,query,,java,Model,Query / search,generated,openapi-typescript
stroom-query/stroom-query-api/src/main/java/stroom/query/api/ExpressionUtil.java,stroom-query,api,query,Util,java,Utility,Query / search,todo,
stroom-query/stroom-query-api/src/main/java/stroom/query/api/ExpressionValidationException.java,stroom-query,api,query,,java,Model,Query / search,generated,openapi-typescript
stroom-query/stroom-query-api/src/main/java/stroom/query/api/FindResultStoreCriteria.java,stroom-query,api,query,Criteria,java,Model,Query / search,generated,openapi-typescript
stroom-query/stroom-query-api/src/main/java/stroom/query/api/FlatResult.java,stroom-query,api,query,,java,Model,Query / search,generated,openapi-typescript
stroom-query/stroom-query-api/src/main/java/stroom/query/api/FlatResultBuilder.java,stroom-query,api,query,Builder,java,Model,Query / search,generated,openapi-typescript
stroom-query/stroom-query-api/src/main/java/stroom/query/api/Format.java,stroom-query,api,query,,java,Model,Query / search,generated,openapi-typescript
stroom-query/stroom-query-api/src/main/java/stroom/query/api/FormatSettings.java,stroom-query,api,query,Settings,java,Model,Query / search,generated,openapi-typescript
stroom-query/stroom-query-api/src/main/java/stroom/query/api/GroupSelection.java,stroom-query,api,query,,java,Model,Query / search,generated,openapi-typescript
stroom-query/stroom-query-api/src/main/java/stroom/query/api/HoppingWindow.java,stroom-query,api,query,,java,Model,Query / search,generated,openapi-typescript
stroom-query/stroom-query-api/src/main/java/stroom/query/api/IncludeExcludeFilter.java,stroom-query,api,query,,java,Model,Query / search,generated,openapi-typescript
stroom-query/stroom-query-api/src/main/java/stroom/query/api/LifespanInfo.java,stroom-query,api,query,,java,Model,Query / search,generated,openapi-typescript
stroom-query/stroom-query-api/src/main/java/stroom/query/api/NumberFormatSettings.java,stroom-query,api,query,Settings,java,Model,Query / search,generated,openapi-typescript
stroom-query/stroom-query-api/src/main/java/stroom/query/api/OffsetRange.java,stroom-query,api,query,,java,Model,Query / search,generated,openapi-typescript
stroom-query/stroom-query-api/src/main/java/stroom/query/api/Param.java,stroom-query,api,query,,java,Model,Query / search,generated,openapi-typescript
stroom-query/stroom-query-api/src/main/java/stroom/query/api/ParamUtil.java,stroom-query,api,query,Util,java,Utility,Query / search,todo,
stroom-query/stroom-query-api/src/main/java/stroom/query/api/ParamValues.java,stroom-query,api,query,,java,Model,Query / search,generated,openapi-typescript
stroom-query/stroom-query-api/src/main/java/stroom/query/api/ParamValuesImpl.java,stroom-query,api,query,,java,Model,Query / search,generated,openapi-typescript
stroom-query/stroom-query-api/src/main/java/stroom/query/api/QLVisResult.java,stroom-query,api,query,,java,Model,Query / search,generated,openapi-typescript
stroom-query/stroom-query-api/src/main/java/stroom/query/api/QLVisSettings.java,stroom-query,api,query,Settings,java,Model,Query / search,generated,openapi-typescript
stroom-query/stroom-query-api/src/main/java/stroom/query/api/Query.java,stroom-query,api,query,,java,Model,Query / search,generated,openapi-typescript
stroom-query/stroom-query-api/src/main/java/stroom/query/api/QueryKey.java,stroom-query,api,query,,java,Model,Query / search,generated,openapi-typescript
stroom-query/stroom-query-api/src/main/java/stroom/query/api/QueryNodeResolver.java,stroom-query,api,query,,java,Model,Query / search,generated,openapi-typescript
stroom-query/stroom-query-api/src/main/java/stroom/query/api/Result.java,stroom-query,api,query,,java,Model,Query / search,generated,openapi-typescript
stroom-query/stroom-query-api/src/main/java/stroom/query/api/ResultRequest.java,stroom-query,api,query,,java,Model,Query / search,generated,openapi-typescript
stroom-query/stroom-query-api/src/main/java/stroom/query/api/ResultStoreInfo.java,stroom-query,api,query,,java,Model,Query / search,generated,openapi-typescript
stroom-query/stroom-query-api/src/main/java/stroom/query/api/Row.java,stroom-query,api,query,,java,Model,Query / search,generated,openapi-typescript
stroom-query/stroom-query-api/src/main/java/stroom/query/api/SearchRequest.java,stroom-query,api,query,,java,Model,Query / search,generated,openapi-typescript
stroom-query/stroom-query-api/src/main/java/stroom/query/api/SearchRequestSource.java,stroom-query,api,query,,java,Model,Query / search,generated,openapi-typescript
stroom-query/stroom-query-api/src/main/java/stroom/query/api/SearchResponse.java,stroom-query,api,query,,java,Model,Query / search,generated,openapi-typescript
stroom-query/stroom-query-api/src/main/java/stroom/query/api/SearchTaskProgress.java,stroom-query,api,query,,java,Model,Query / search,generated,openapi-typescript
stroom-query/stroom-query-api/src/main/java/stroom/query/api/Sort.java,stroom-query,api,query,,java,Model,Query / search,generated,openapi-typescript
stroom-query/stroom-query-api/src/main/java/stroom/query/api/SpecialColumns.java,stroom-query,api,query,,java,Model,Query / search,generated,openapi-typescript
stroom-query/stroom-query-api/src/main/java/stroom/query/api/StringExpressionUtil.java,stroom-query,api,query,Util,java,Utility,Query / search,todo,
stroom-query/stroom-query-api/src/main/java/stroom/query/api/TableResult.java,stroom-query,api,query,,java,Model,Query / search,generated,openapi-typescript
stroom-query/stroom-query-api/src/main/java/stroom/query/api/TableResultBuilder.java,stroom-query,api,query,Builder,java,Model,Query / search,generated,openapi-typescript
stroom-query/stroom-query-api/src/main/java/stroom/query/api/TableSettings.java,stroom-query,api,query,Settings,java,Model,Query / search,generated,openapi-typescript
stroom-query/stroom-query-api/src/main/java/stroom/query/api/TextAttributes.java,stroom-query,api,query,,java,Model,Query / search,generated,openapi-typescript
stroom-query/stroom-query-api/src/main/java/stroom/query/api/TimeFilter.java,stroom-query,api,query,,java,Model,Query / search,generated,openapi-typescript
stroom-query/stroom-query-api/src/main/java/stroom/query/api/TimeRange.java,stroom-query,api,query,,java,Model,Query / search,generated,openapi-typescript
stroom-query/stroom-query-api/src/main/java/stroom/query/api/TimeRanges.java,stroom-query,api,query,,java,Model,Query / search,generated,openapi-typescript
stroom-query/stroom-query-api/src/main/java/stroom/query/api/UserTimeZone.java,stroom-query,api,query,,java,Model,Query / search,generated,openapi-typescript
stroom-query/stroom-query-api/src/main/java/stroom/query/api/VisResult.java,stroom-query,api,query,,java,Model,Query / search,generated,openapi-typescript
stroom-query/stroom-query-api/src/main/java/stroom/query/api/Window.java,stroom-query,api,query,,java,Model,Query / search,generated,openapi-typescript
stroom-query/stroom-query-api/src/main/java/stroom/query/api/datasource/AnalyzerType.java,stroom-query,api,query,Type,java,Model,Query / search,generated,openapi-typescript
stroom-query/stroom-query-api/src/main/java/stroom/query/api/datasource/ConditionSet.java,stroom-query,api,query,,java,Model,Query / search,generated,openapi-typescript
stroom-query/stroom-query-api/src/main/java/stroom/query/api/datasource/DataSourceProvider.java,stroom-query,api,query,Provider,java,Framework,Dependency injection (GIN wiring),n/a,
stroom-query/stroom-query-api/src/main/java/stroom/query/api/datasource/DataSourceResource.java,stroom-query,api,query,Resource,java,REST API,Query / search,generated,openapi-typescript
stroom-query/stroom-query-api/src/main/java/stroom/query/api/datasource/DenseVectorFieldConfig.java,stroom-query,api,query,Config,java,Model,Query / search,generated,openapi-typescript
stroom-query/stroom-query-api/src/main/java/stroom/query/api/datasource/Field.java,stroom-query,api,query,Field,java,Model,Query / search,generated,openapi-typescript
stroom-query/stroom-query-api/src/main/java/stroom/query/api/datasource/FieldFields.java,stroom-query,api,query,Fields,java,Model,Query / search,generated,openapi-typescript
stroom-query/stroom-query-api/src/main/java/stroom/query/api/datasource/FieldType.java,stroom-query,api,query,Type,java,Model,Query / search,generated,openapi-typescript
stroom-query/stroom-query-api/src/main/java/stroom/query/api/datasource/FindFieldCriteria.java,stroom-query,api,query,Criteria,java,Model,Query / search,generated,openapi-typescript
stroom-query/stroom-query-api/src/main/java/stroom/query/api/datasource/IndexField.java,stroom-query,api,query,Field,java,Model,Query / search,generated,openapi-typescript
stroom-query/stroom-query-api/src/main/java/stroom/query/api/datasource/IndexFieldFields.java,stroom-query,api,query,Fields,java,Model,Query / search,generated,openapi-typescript
stroom-query/stroom-query-api/src/main/java/stroom/query/api/datasource/QueryField.java,stroom-query,api,query,Field,java,Model,Query / search,generated,openapi-typescript
stroom-query/stroom-query-api/src/main/java/stroom/query/api/datasource/QueryFieldProvider.java,stroom-query,api,query,Provider,java,Framework,Dependency injection (GIN wiring),n/a,
stroom-query/stroom-query-api/src/main/java/stroom/query/api/token/AbstractToken.java,stroom-query,api,query,,java,Model,Query / search,generated,openapi-typescript
stroom-query/stroom-query-api/src/main/java/stroom/query/api/token/AbstractTokenGroup.java,stroom-query,api,query,,java,Model,Query / search,generated,openapi-typescript
stroom-query/stroom-query-api/src/main/java/stroom/query/api/token/BasicTokeniser.java,stroom-query,api,query,,java,Model,Query / search,generated,openapi-typescript
stroom-query/stroom-query-api/src/main/java/stroom/query/api/token/FunctionGroup.java,stroom-query,api,query,,java,Model,Query / search,generated,openapi-typescript
stroom-query/stroom-query-api/src/main/java/stroom/query/api/token/KeywordGroup.java,stroom-query,api,query,,java,Model,Query / search,generated,openapi-typescript
stroom-query/stroom-query-api/src/main/java/stroom/query/api/token/ParamToken.java,stroom-query,api,query,,java,Model,Query / search,generated,openapi-typescript
stroom-query/stroom-query-api/src/main/java/stroom/query/api/token/QuotedStringToken.java,stroom-query,api,query,,java,Model,Query / search,generated,openapi-typescript
stroom-query/stroom-query-api/src/main/java/stroom/query/api/token/QuotedStringUtil.java,stroom-query,api,query,Util,java,Utility,Query / search,todo,
stroom-query/stroom-query-api/src/main/java/stroom/query/api/token/Token.java,stroom-query,api,query,,java,Model,Query / search,generated,openapi-typescript
stroom-query/stroom-query-api/src/main/java/stroom/query/api/token/TokenException.java,stroom-query,api,query,,java,Model,Query / search,generated,openapi-typescript
stroom-query/stroom-query-api/src/main/java/stroom/query/api/token/TokenGroup.java,stroom-query,api,query,,java,Model,Query / search,generated,openapi-typescript
stroom-query/stroom-query-api/src/main/java/stroom/query/api/token/TokenType.java,stroom-query,api,query,Type,java,Model,Query / search,generated,openapi-typescript
stroom-statistics/stroom-statistics-client/src/main/java/stroom/statistics/impl/sql/client/StatisticsPlugin.java,stroom-statistics,client,statistics,Plugin,java,Screen/Dialog,Statistics,todo,
stroom-statistics/stroom-statistics-client/src/main/java/stroom/statistics/impl/sql/client/gin/StatisticsGinjector.java,stroom-statistics,client,statistics,Ginjector,java,Framework,Dependency injection (GIN wiring),n/a,
stroom-statistics/stroom-statistics-client/src/main/java/stroom/statistics/impl/sql/client/gin/StatisticsModule.java,stroom-statistics,client,statistics,Module,java,Framework,Dependency injection (GIN wiring),n/a,
stroom-statistics/stroom-statistics-client/src/main/java/stroom/statistics/impl/sql/client/presenter/State.java,stroom-statistics,client,statistics,,java,Screen/Dialog,Statistics,todo,
stroom-statistics/stroom-statistics-client/src/main/java/stroom/statistics/impl/sql/client/presenter/StatisticsCustomMaskListPresenter.java,stroom-statistics,client,statistics,Presenter,java,Screen/Dialog,Statistics,todo,
stroom-statistics/stroom-statistics-client/src/main/java/stroom/statistics/impl/sql/client/presenter/StatisticsDataSourcePresenter.java,stroom-statistics,client,statistics,Presenter,java,Screen/Dialog,Statistics,todo,
stroom-statistics/stroom-statistics-client/src/main/java/stroom/statistics/impl/sql/client/presenter/StatisticsDataSourceSettingsPresenter.java,stroom-statistics,client,statistics,Presenter,java,Screen/Dialog,Statistics,todo,
stroom-statistics/stroom-statistics-client/src/main/java/stroom/statistics/impl/sql/client/presenter/StatisticsDataSourceSettingsUiHandlers.java,stroom-statistics,client,statistics,UiHandlers,java,Screen/Dialog,Statistics,todo,
stroom-statistics/stroom-statistics-client/src/main/java/stroom/statistics/impl/sql/client/presenter/StatisticsFieldEditPresenter.java,stroom-statistics,client,statistics,Presenter,java,Screen/Dialog,Statistics,todo,
stroom-statistics/stroom-statistics-client/src/main/java/stroom/statistics/impl/sql/client/presenter/StatisticsFieldListPresenter.java,stroom-statistics,client,statistics,Presenter,java,Screen/Dialog,Statistics,todo,
stroom-statistics/stroom-statistics-client/src/main/java/stroom/statistics/impl/sql/client/view/StatisticsDataSourceSettingsViewImpl.java,stroom-statistics,client,statistics,ViewImpl,java,Screen/Dialog,Statistics,todo,
stroom-statistics/stroom-statistics-client/src/main/java/stroom/statistics/impl/sql/client/view/StatisticsFieldEditViewImpl.java,stroom-statistics,client,statistics,ViewImpl,java,Screen/Dialog,Statistics,todo,
stroom-statistics/stroom-statistics-client/src/main/resources/stroom/statistics/impl/sql/client/view/StatisticsDataSourceSettingsViewImpl.ui.xml,stroom-statistics,client,statistics,ViewImpl,ui.xml,Screen/Dialog,Statistics,todo,
stroom-statistics/stroom-statistics-client/src/main/resources/stroom/statistics/impl/sql/client/view/StatisticsFieldEditViewImpl.ui.xml,stroom-statistics,client,statistics,ViewImpl,ui.xml,Screen/Dialog,Statistics,todo,
stroom-util-shared/src/main/java/stroom/util/shared/AbstractBuilder.java,stroom-util-shared,shared,util,Builder,java,Utility,Util,todo,
stroom-util-shared/src/main/java/stroom/util/shared/AbstractConfig.java,stroom-util-shared,shared,util,Config,java,Utility,Util,todo,
stroom-util-shared/src/main/java/stroom/util/shared/AuditInfoBuilder.java,stroom-util-shared,shared,util,Builder,java,Utility,Util,todo,
stroom-util-shared/src/main/java/stroom/util/shared/AuthenticationBypassChecker.java,stroom-util-shared,shared,util,,java,Utility,Util,todo,
stroom-util-shared/src/main/java/stroom/util/shared/BaseCriteria.java,stroom-util-shared,shared,util,Criteria,java,Utility,Util,todo,
stroom-util-shared/src/main/java/stroom/util/shared/BootStrapConfig.java,stroom-util-shared,shared,util,Config,java,Utility,Util,todo,
stroom-util-shared/src/main/java/stroom/util/shared/BuildInfo.java,stroom-util-shared,shared,util,,java,Utility,Util,todo,
stroom-util-shared/src/main/java/stroom/util/shared/Builder.java,stroom-util-shared,shared,util,Builder,java,Utility,Util,todo,
stroom-util-shared/src/main/java/stroom/util/shared/CaseInsensitiveDisplayValueConverter.java,stroom-util-shared,shared,util,,java,Utility,Util,todo,
stroom-util-shared/src/main/java/stroom/util/shared/Clearable.java,stroom-util-shared,shared,util,,java,Utility,Util,todo,
stroom-util-shared/src/main/java/stroom/util/shared/CompareBuilder.java,stroom-util-shared,shared,util,Builder,java,Utility,Util,todo,
stroom-util-shared/src/main/java/stroom/util/shared/CompareUtil.java,stroom-util-shared,shared,util,Util,java,Utility,Util,todo,
stroom-util-shared/src/main/java/stroom/util/shared/Copyable.java,stroom-util-shared,shared,util,,java,Utility,Util,todo,
stroom-util-shared/src/main/java/stroom/util/shared/Count.java,stroom-util-shared,shared,util,,java,Utility,Util,todo,
stroom-util-shared/src/main/java/stroom/util/shared/CriteriaFieldSort.java,stroom-util-shared,shared,util,,java,Utility,Util,todo,
stroom-util-shared/src/main/java/stroom/util/shared/DataRange.java,stroom-util-shared,shared,util,,java,Utility,Util,todo,
stroom-util-shared/src/main/java/stroom/util/shared/DefaultLocation.java,stroom-util-shared,shared,util,,java,Utility,Util,todo,
stroom-util-shared/src/main/java/stroom/util/shared/DocPath.java,stroom-util-shared,shared,util,,java,Utility,Util,todo,
stroom-util-shared/src/main/java/stroom/util/shared/DocRefs.java,stroom-util-shared,shared,util,,java,Utility,Util,todo,
stroom-util-shared/src/main/java/stroom/util/shared/Document.java,stroom-util-shared,shared,util,,java,Utility,Util,todo,
stroom-util-shared/src/main/java/stroom/util/shared/DocumentOwnerException.java,stroom-util-shared,shared,util,,java,Utility,Util,todo,
stroom-util-shared/src/main/java/stroom/util/shared/ElementId.java,stroom-util-shared,shared,util,,java,Utility,Util,todo,
stroom-util-shared/src/main/java/stroom/util/shared/Embeddable.java,stroom-util-shared,shared,util,,java,Utility,Util,todo,
stroom-util-shared/src/main/java/stroom/util/shared/EntityDependencyServiceException.java,stroom-util-shared,shared,util,,java,Utility,Util,todo,
stroom-util-shared/src/main/java/stroom/util/shared/EntityServiceException.java,stroom-util-shared,shared,util,,java,Utility,Util,todo,
stroom-util-shared/src/main/java/stroom/util/shared/ErrorMessage.java,stroom-util-shared,shared,util,,java,Utility,Util,todo,
stroom-util-shared/src/main/java/stroom/util/shared/ErrorMessages.java,stroom-util-shared,shared,util,,java,Utility,Util,todo,
stroom-util-shared/src/main/java/stroom/util/shared/ErrorType.java,stroom-util-shared,shared,util,Type,java,Utility,Util,todo,
stroom-util-shared/src/main/java/stroom/util/shared/Expander.java,stroom-util-shared,shared,util,,java,Utility,Util,todo,
stroom-util-shared/src/main/java/stroom/util/shared/FeedKey.java,stroom-util-shared,shared,util,,java,Utility,Util,todo,
stroom-util-shared/src/main/java/stroom/util/shared/FetchWithIntegerId.java,stroom-util-shared,shared,util,,java,Utility,Util,todo,
stroom-util-shared/src/main/java/stroom/util/shared/FetchWithLongId.java,stroom-util-shared,shared,util,,java,Utility,Util,todo,
stroom-util-shared/src/main/java/stroom/util/shared/FetchWithTemplate.java,stroom-util-shared,shared,util,,java,Utility,Util,todo,
stroom-util-shared/src/main/java/stroom/util/shared/FetchWithUuid.java,stroom-util-shared,shared,util,,java,Utility,Util,todo,
stroom-util-shared/src/main/java/stroom/util/shared/FindDocumentEntityCriteria.java,stroom-util-shared,shared,util,Criteria,java,Utility,Util,todo,
stroom-util-shared/src/main/java/stroom/util/shared/FindNamedEntityCriteria.java,stroom-util-shared,shared,util,Criteria,java,Utility,Util,todo,
stroom-util-shared/src/main/java/stroom/util/shared/FindWithCriteria.java,stroom-util-shared,shared,util,Criteria,java,Utility,Util,todo,
stroom-util-shared/src/main/java/stroom/util/shared/Flushable.java,stroom-util-shared,shared,util,,java,Utility,Util,todo,
stroom-util-shared/src/main/java/stroom/util/shared/GwtUtil.java,stroom-util-shared,shared,util,Util,java,Utility,Util,todo,
stroom-util-shared/src/main/java/stroom/util/shared/HasAuditInfoBuilder.java,stroom-util-shared,shared,util,Builder,java,Utility,Util,todo,
stroom-util-shared/src/main/java/stroom/util/shared/HasAuditInfoGetters.java,stroom-util-shared,shared,util,,java,Utility,Util,todo,
stroom-util-shared/src/main/java/stroom/util/shared/HasAuditableUserIdentity.java,stroom-util-shared,shared,util,,java,Utility,Util,todo,
stroom-util-shared/src/main/java/stroom/util/shared/HasBooleanValue.java,stroom-util-shared,shared,util,,java,Utility,Util,todo,
stroom-util-shared/src/main/java/stroom/util/shared/HasCapacity.java,stroom-util-shared,shared,util,,java,Utility,Util,todo,
stroom-util-shared/src/main/java/stroom/util/shared/HasCapacityInfo.java,stroom-util-shared,shared,util,,java,Utility,Util,todo,
stroom-util-shared/src/main/java/stroom/util/shared/HasCaseInsensitiveForm.java,stroom-util-shared,shared,util,,java,Utility,Util,todo,
stroom-util-shared/src/main/java/stroom/util/shared/HasCharacterData.java,stroom-util-shared,shared,util,,java,Utility,Util,todo,
stroom-util-shared/src/main/java/stroom/util/shared/HasCriteria.java,stroom-util-shared,shared,util,Criteria,java,Utility,Util,todo,
stroom-util-shared/src/main/java/stroom/util/shared/HasCrud.java,stroom-util-shared,shared,util,,java,Utility,Util,todo,
stroom-util-shared/src/main/java/stroom/util/shared/HasData.java,stroom-util-shared,shared,util,,java,Utility,Util,todo,
stroom-util-shared/src/main/java/stroom/util/shared/HasDependencies.java,stroom-util-shared,shared,util,,java,Utility,Util,todo,
stroom-util-shared/src/main/java/stroom/util/shared/HasDescription.java,stroom-util-shared,shared,util,,java,Utility,Util,todo,
stroom-util-shared/src/main/java/stroom/util/shared/HasFetchByUuid.java,stroom-util-shared,shared,util,,java,Utility,Util,todo,
stroom-util-shared/src/main/java/stroom/util/shared/HasId.java,stroom-util-shared,shared,util,,java,Utility,Util,todo,
stroom-util-shared/src/main/java/stroom/util/shared/HasIntCrud.java,stroom-util-shared,shared,util,,java,Utility,Util,todo,
stroom-util-shared/src/main/java/stroom/util/shared/HasIntegerId.java,stroom-util-shared,shared,util,,java,Utility,Util,todo,
stroom-util-shared/src/main/java/stroom/util/shared/HasIsConstrained.java,stroom-util-shared,shared,util,,java,Utility,Util,todo,
stroom-util-shared/src/main/java/stroom/util/shared/HasItems.java,stroom-util-shared,shared,util,,java,Utility,Util,todo,
stroom-util-shared/src/main/java/stroom/util/shared/HasLongValue.java,stroom-util-shared,shared,util,,java,Utility,Util,todo,
stroom-util-shared/src/main/java/stroom/util/shared/HasPrimitiveValue.java,stroom-util-shared,shared,util,,java,Utility,Util,todo,
stroom-util-shared/src/main/java/stroom/util/shared/HasPropertyPath.java,stroom-util-shared,shared,util,,java,Utility,Util,todo,
stroom-util-shared/src/main/java/stroom/util/shared/HasSubStreams.java,stroom-util-shared,shared,util,,java,Utility,Util,todo,
stroom-util-shared/src/main/java/stroom/util/shared/HasUserDependencies.java,stroom-util-shared,shared,util,,java,Utility,Util,todo,
stroom-util-shared/src/main/java/stroom/util/shared/Indicators.java,stroom-util-shared,shared,util,,java,Utility,Util,todo,
stroom-util-shared/src/main/java/stroom/util/shared/IsAdminServlet.java,stroom-util-shared,shared,util,,java,Utility,Util,todo,
stroom-util-shared/src/main/java/stroom/util/shared/IsAtomicConfig.java,stroom-util-shared,shared,util,Config,java,Utility,Util,todo,
stroom-util-shared/src/main/java/stroom/util/shared/IsProxyConfig.java,stroom-util-shared,shared,util,Config,java,Utility,Util,todo,
stroom-util-shared/src/main/java/stroom/util/shared/IsServlet.java,stroom-util-shared,shared,util,,java,Utility,Util,todo,
stroom-util-shared/src/main/java/stroom/util/shared/IsStroomConfig.java,stroom-util-shared,shared,util,Config,java,Utility,Util,todo,
stroom-util-shared/src/main/java/stroom/util/shared/Location.java,stroom-util-shared,shared,util,,java,Utility,Util,todo,
stroom-util-shared/src/main/java/stroom/util/shared/Marker.java,stroom-util-shared,shared,util,,java,Utility,Util,todo,
stroom-util-shared/src/main/java/stroom/util/shared/Matcher.java,stroom-util-shared,shared,util,,java,Utility,Util,todo,
stroom-util-shared/src/main/java/stroom/util/shared/Message.java,stroom-util-shared,shared,util,,java,Utility,Util,todo,
stroom-util-shared/src/main/java/stroom/util/shared/ModelStringUtil.java,stroom-util-shared,shared,util,Util,java,Utility,Util,todo,
stroom-util-shared/src/main/java/stroom/util/shared/NamedComparator.java,stroom-util-shared,shared,util,,java,Utility,Util,todo,
stroom-util-shared/src/main/java/stroom/util/shared/NotInjectableConfig.java,stroom-util-shared,shared,util,Config,java,Utility,Util,todo,
stroom-util-shared/src/main/java/stroom/util/shared/NullSafe.java,stroom-util-shared,shared,util,,java,Utility,Util,todo,
stroom-util-shared/src/main/java/stroom/util/shared/OffsetRange.java,stroom-util-shared,shared,util,,java,Utility,Util,todo,
stroom-util-shared/src/main/java/stroom/util/shared/OutputState.java,stroom-util-shared,shared,util,,java,Utility,Util,todo,
stroom-util-shared/src/main/java/stroom/util/shared/PageRequest.java,stroom-util-shared,shared,util,,java,Utility,Util,todo,
stroom-util-shared/src/main/java/stroom/util/shared/PageResponse.java,stroom-util-shared,shared,util,,java,Utility,Util,todo,
stroom-util-shared/src/main/java/stroom/util/shared/PermissionException.java,stroom-util-shared,shared,util,,java,Utility,Util,todo,
stroom-util-shared/src/main/java/stroom/util/shared/PrimitiveValueConverter.java,stroom-util-shared,shared,util,,java,Utility,Util,todo,
stroom-util-shared/src/main/java/stroom/util/shared/PrimitiveValueConverterArrayImpl.java,stroom-util-shared,shared,util,,java,Utility,Util,todo,
stroom-util-shared/src/main/java/stroom/util/shared/PrimitiveValueConverterMapImpl.java,stroom-util-shared,shared,util,,java,Utility,Util,todo,
stroom-util-shared/src/main/java/stroom/util/shared/PropertyMap.java,stroom-util-shared,shared,util,,java,Utility,Util,todo,
stroom-util-shared/src/main/java/stroom/util/shared/PropertyPath.java,stroom-util-shared,shared,util,,java,Utility,Util,todo,
stroom-util-shared/src/main/java/stroom/util/shared/RandomId.java,stroom-util-shared,shared,util,,java,Utility,Util,todo,
stroom-util-shared/src/main/java/stroom/util/shared/Range.java,stroom-util-shared,shared,util,,java,Utility,Util,todo,
stroom-util-shared/src/main/java/stroom/util/shared/ResourceGeneration.java,stroom-util-shared,shared,util,,java,Utility,Util,todo,
stroom-util-shared/src/main/java/stroom/util/shared/ResourceKey.java,stroom-util-shared,shared,util,,java,Utility,Util,todo,
stroom-util-shared/src/main/java/stroom/util/shared/ResourcePaths.java,stroom-util-shared,shared,util,,java,Utility,Util,todo,
stroom-util-shared/src/main/java/stroom/util/shared/RestResource.java,stroom-util-shared,shared,util,Resource,java,REST API,Util,generated,openapi-typescript
stroom-util-shared/src/main/java/stroom/util/shared/ResultPage.java,stroom-util-shared,shared,util,,java,Utility,Util,todo,
stroom-util-shared/src/main/java/stroom/util/shared/Selection.java,stroom-util-shared,shared,util,,java,Utility,Util,todo,
stroom-util-shared/src/main/java/stroom/util/shared/SerialisationTestConstructor.java,stroom-util-shared,shared,util,,java,Utility,Util,todo,
stroom-util-shared/src/main/java/stroom/util/shared/SessionInfo.java,stroom-util-shared,shared,util,,java,Utility,Util,todo,
stroom-util-shared/src/main/java/stroom/util/shared/Severity.java,stroom-util-shared,shared,util,,java,Utility,Util,todo,
stroom-util-shared/src/main/java/stroom/util/shared/StoredError.java,stroom-util-shared,shared,util,,java,Utility,Util,todo,
stroom-util-shared/src/main/java/stroom/util/shared/StreamLocation.java,stroom-util-shared,shared,util,,java,Utility,Util,todo,
stroom-util-shared/src/main/java/stroom/util/shared/StringCriteria.java,stroom-util-shared,shared,util,Criteria,java,Utility,Util,todo,
stroom-util-shared/src/main/java/stroom/util/shared/StringUtil.java,stroom-util-shared,shared,util,Util,java,Utility,Util,todo,
stroom-util-shared/src/main/java/stroom/util/shared/Summary.java,stroom-util-shared,shared,util,,java,Utility,Util,todo,
stroom-util-shared/src/main/java/stroom/util/shared/TextRange.java,stroom-util-shared,shared,util,,java,Utility,Util,todo,
stroom-util-shared/src/main/java/stroom/util/shared/ToBooleanFunction.java,stroom-util-shared,shared,util,,java,Utility,Util,todo,
stroom-util-shared/src/main/java/stroom/util/shared/TokenError.java,stroom-util-shared,shared,util,,java,Utility,Util,todo,
stroom-util-shared/src/main/java/stroom/util/shared/TreeAction.java,stroom-util-shared,shared,util,,java,Utility,Util,todo,
stroom-util-shared/src/main/java/stroom/util/shared/TreeRow.java,stroom-util-shared,shared,util,,java,Utility,Util,todo,
stroom-util-shared/src/main/java/stroom/util/shared/Unauthenticated.java,stroom-util-shared,shared,util,,java,Utility,Util,todo,
stroom-util-shared/src/main/java/stroom/util/shared/UserDependency.java,stroom-util-shared,shared,util,,java,Utility,Util,todo,
stroom-util-shared/src/main/java/stroom/util/shared/UserDesc.java,stroom-util-shared,shared,util,,java,Utility,Util,todo,
stroom-util-shared/src/main/java/stroom/util/shared/UserDocRefUtil.java,stroom-util-shared,shared,util,Util,java,Utility,Util,todo,
stroom-util-shared/src/main/java/stroom/util/shared/UserInfo.java,stroom-util-shared,shared,util,,java,Utility,Util,todo,
stroom-util-shared/src/main/java/stroom/util/shared/UserRef.java,stroom-util-shared,shared,util,,java,Utility,Util,todo,
stroom-util-shared/src/main/java/stroom/util/shared/UserType.java,stroom-util-shared,shared,util,Type,java,Utility,Util,todo,
stroom-util-shared/src/main/java/stroom/util/shared/Version.java,stroom-util-shared,shared,util,,java,Utility,Util,todo,
stroom-util-shared/src/main/java/stroom/util/shared/WebSocketMessage.java,stroom-util-shared,shared,util,,java,Utility,Util,todo,
stroom-util-shared/src/main/java/stroom/util/shared/cache/CacheIdentity.java,stroom-util-shared,shared,util,,java,Utility,Util,todo,
stroom-util-shared/src/main/java/stroom/util/shared/cache/CacheInfo.java,stroom-util-shared,shared,util,,java,Utility,Util,todo,
stroom-util-shared/src/main/java/stroom/util/shared/collection/GwtCollectionUtil.java,stroom-util-shared,shared,util,Util,java,Utility,Util,todo,
stroom-util-shared/src/main/java/stroom/util/shared/concurrent/CopyOnWriteMap.java,stroom-util-shared,shared,util,,java,Utility,Util,todo,
stroom-util-shared/src/main/java/stroom/util/shared/filter/FilterFieldDefinition.java,stroom-util-shared,shared,util,,java,Utility,Util,todo,
stroom-util-shared/src/main/java/stroom/util/shared/http/HttpAuthConfig.java,stroom-util-shared,shared,util,Config,java,Utility,Util,todo,
stroom-util-shared/src/main/java/stroom/util/shared/http/HttpClientConfig.java,stroom-util-shared,shared,util,Config,java,Utility,Util,todo,
stroom-util-shared/src/main/java/stroom/util/shared/http/HttpProxyConfig.java,stroom-util-shared,shared,util,Config,java,Utility,Util,todo,
stroom-util-shared/src/main/java/stroom/util/shared/http/HttpTlsConfig.java,stroom-util-shared,shared,util,Config,java,Utility,Util,todo,
stroom-util-shared/src/main/java/stroom/util/shared/scheduler/CronExpression.java,stroom-util-shared,shared,util,,java,Utility,Util,todo,
stroom-util-shared/src/main/java/stroom/util/shared/scheduler/CronExpressions.java,stroom-util-shared,shared,util,,java,Utility,Util,todo,
stroom-util-shared/src/main/java/stroom/util/shared/scheduler/FrequencyExpression.java,stroom-util-shared,shared,util,,java,Utility,Util,todo,
stroom-util-shared/src/main/java/stroom/util/shared/scheduler/FrequencyExpressions.java,stroom-util-shared,shared,util,,java,Utility,Util,todo,
stroom-util-shared/src/main/java/stroom/util/shared/scheduler/Schedule.java,stroom-util-shared,shared,util,,java,Utility,Util,todo,
stroom-util-shared/src/main/java/stroom/util/shared/scheduler/ScheduleType.java,stroom-util-shared,shared,util,Type,java,Utility,Util,todo,
stroom-util-shared/src/main/java/stroom/util/shared/string/CIHashMap.java,stroom-util-shared,shared,util,,java,Utility,Util,todo,
stroom-util-shared/src/main/java/stroom/util/shared/string/CIHashSet.java,stroom-util-shared,shared,util,,java,Utility,Util,todo,
stroom-util-shared/src/main/java/stroom/util/shared/string/CIKey.java,stroom-util-shared,shared,util,,java,Utility,Util,todo,
stroom-util-shared/src/main/java/stroom/util/shared/string/CIKeys.java,stroom-util-shared,shared,util,,java,Utility,Util,todo,
stroom-util-shared/src/main/java/stroom/util/shared/string/CaseType.java,stroom-util-shared,shared,util,Type,java,Utility,Util,todo,
stroom-util-shared/src/main/java/stroom/util/shared/string/HexDump.java,stroom-util-shared,shared,util,,java,Utility,Util,todo,
stroom-util-shared/src/main/java/stroom/util/shared/string/HexDumpLine.java,stroom-util-shared,shared,util,,java,Utility,Util,todo,
stroom-util-shared/src/main/java/stroom/util/shared/string/StringWrapper.java,stroom-util-shared,shared,util,,java,Utility,Util,todo,
stroom-util-shared/src/main/java/stroom/util/shared/time/Day.java,stroom-util-shared,shared,util,,java,Utility,Util,todo,
stroom-util-shared/src/main/java/stroom/util/shared/time/Days.java,stroom-util-shared,shared,util,,java,Utility,Util,todo,
stroom-util-shared/src/main/java/stroom/util/shared/time/SimpleDuration.java,stroom-util-shared,shared,util,,java,Utility,Util,todo,
stroom-util-shared/src/main/java/stroom/util/shared/time/Time.java,stroom-util-shared,shared,util,,java,Utility,Util,todo,
stroom-util-shared/src/main/java/stroom/util/shared/time/TimeUnit.java,stroom-util-shared,shared,util,,java,Utility,Util,todo,
stroom-util-shared/src/main/java/stroom/util/shared/validation/AllMatchPattern.java,stroom-util-shared,shared,util,,java,Utility,Util,todo,
stroom-util-shared/src/main/java/stroom/util/shared/validation/AllMatchPatternValidator.java,stroom-util-shared,shared,util,,java,Utility,Util,todo,
stroom-util-shared/src/main/java/stroom/util/shared/validation/IsSubsetOf.java,stroom-util-shared,shared,util,,java,Utility,Util,todo,
stroom-util-shared/src/main/java/stroom/util/shared/validation/IsSubsetOfValidator.java,stroom-util-shared,shared,util,,java,Utility,Util,todo,
stroom-util-shared/src/main/java/stroom/util/shared/validation/IsSupersetOf.java,stroom-util-shared,shared,util,,java,Utility,Util,todo,
stroom-util-shared/src/main/java/stroom/util/shared/validation/IsSupersetOfValidator.java,stroom-util-shared,shared,util,,java,Utility,Util,todo,
stroom-util-shared/src/main/java/stroom/util/shared/validation/ValidDirectoryPath.java,stroom-util-shared,shared,util,,java,Utility,Util,todo,
stroom-util-shared/src/main/java/stroom/util/shared/validation/ValidDirectoryPathValidator.java,stroom-util-shared,shared,util,,java,Utility,Util,todo,
stroom-util-shared/src/main/java/stroom/util/shared/validation/ValidFilePath.java,stroom-util-shared,shared,util,,java,Utility,Util,todo,
stroom-util-shared/src/main/java/stroom/util/shared/validation/ValidFilePathValidator.java,stroom-util-shared,shared,util,,java,Utility,Util,todo,
stroom-util-shared/src/main/java/stroom/util/shared/validation/ValidRegex.java,stroom-util-shared,shared,util,,java,Utility,Util,todo,
stroom-util-shared/src/main/java/stroom/util/shared/validation/ValidRegexValidator.java,stroom-util-shared,shared,util,,java,Utility,Util,todo,
stroom-util-shared/src/main/java/stroom/util/shared/validation/ValidSimpleCron.java,stroom-util-shared,shared,util,,java,Utility,Util,todo,
stroom-util-shared/src/main/java/stroom/util/shared/validation/ValidSimpleCronValidator.java,stroom-util-shared,shared,util,,java,Utility,Util,todo,
stroom-util-shared/src/main/java/stroom/util/shared/validation/ValidationSeverity.java,stroom-util-shared,shared,util,,java,Utility,Util,todo,
